doc_type,doc_id,num,date_str,description,url_metadata,lang,url_pdf,chunk_id,chunk_index,language,md5,chunk_size_bytes,chunk_text,text,title,date,url,combined_text,dataset_source,authority_weight,priority
lk_hansard_2020s,2023-11-17-2023-11-17,2023-11-17,2023-11-17,"Hansard of November 17, 2023",https://www.parliament.lk/en/business-of-parliament/hansards,si-ta-en,https://www.parliament.lk/uploads/documents/hansard/1701515168057680.pdf,2023-11-17-2023-11-17-0000,0,si-ta-en,3ea4c21dbd12a69241b1059b343ad4f6,3587,"==== BLOCKS ====

307 වන කාණ්ඩය - 05 වන කලාපය ததொகுதி 307 - இல. 05 Volume 307 - No. 05

2023 නනොවැම්බර් 17වන සිකුරාදා

2023 நவம்பர் 17, தவள்ளிக்கிழமை

Friday, 17th November, 2023

(හැන්සාඩ්) பொரொளுைன்ற விவொதங்கள்

(ஹன்சொட்)

PARLIAMENTARY DEBATES

(HANSARD)

அதிகொர அறிக்மக

OFFICIAL REPORT

(අශ ෝධිත පිටපත /பிமழ திருத்தப்படொதது /Uncorrected)

නිනේදන:

ව්‍යව්‍්ථාදාදක ්ථාදව්‍ ද ්ාදව්‍ අිරශක ්දාදික ක් [තීරුව්‍ 775]

ශ්‍රී කා දශය ශකෝිකත ්ව්‍යදපද දාාද් (B-READY) ාක ක් ්ඳහද දාාද් වීශ දී ාතුව්‍් ප්‍රදශකෝක

ගැටලු හද දුෂථ තද අධ්‍යක්ක ිරීමාට්, පිිබඳඳව්‍ ියක ශකෝන්ද හද ිරකශශ දිරිපප්, ිරීමාට්, ව්‍් විශ ේෂ ද ්ාදව්‍ ්දාදික කකු ආශශ ිරීමා [තීරුව්‍ 776]

ප්‍රශ්නනවල වාිකක ිළිතුරු [තීරු 800-802]

ප්‍රමිතියනය් නරොර න් නන නනයනය ිරීම ිළිතබ නද දනාව:

විදුලිඳක ්හ ඳක ක්ිර අාදතයතුාදශ ප්‍ර ද ක [තීරුව්‍ 80]] අ ාර‍ාාංශ් උය ේපන ශ්ක කාරක ා [තීරුව්‍ 820]

වි ර්ජන පනත් නකටුම්පර, 2024 - [හරරවන නව් කළ දිනය]:

ශාව්‍් ව්‍ ිරකවීා - විව්‍දාක ල් තඳ් කදී [තීරු 822- 9]9] කල් රැබීනම් නය ජනාව:

අ පද ශතොට්ටදචුරුාක කුඹුරු දඩා හිමි රුව්‍්ට කඳද දීා [තීරු 9]9 - 948]

අ් රර්ගර ප්‍රනාන කුු

பிரதொன உள்ளடக்கம்

ANNOUNCEMENTS: Legislative Standing Committee: Additional Members [Col. 775]

Select Committee to Study the Practical Problems and Difficulties in Relation to Preparation for

the Proposed “Business Ready (B-READY) Index” in Sri Lanka and Make Its Proposals and Recommendations: Substitution of Member [Col. 776] ORAL ANSWERS TO QUESTIONS [Cols. 800-802] ALLEGATION ON IMPORTING SUBSTANDARD FUEL: STATEMENT BY MINISTER OF

POWER AND ENERGY: Statement by Minister of Power and Energy [Col. 803] MINISTERIAL CONSULTATIVE COMMITTEES [Col. 820] APPROPRIATION BILL, 2024 – [Fourth Allotted Day]: Second Reading - Debate Adjourned [Cols. 822 - 939] ADJOURNMENT MOTION: Restitution of Ampara, Thottasurunki Paddy Land to Rightful Owners [Cols. 939-948]

PRINCIPAL CONTENTS

அறிவிப்புகள்: சட்டவொக்க நிமலயியற் குழு: மைலதிக உறுப்பினர்கள் [ப: 775]

இலங்மகயில் முன்தைொழியப்பட்ட ""வணிக ததொழில்முயற்சிகளுக்கொன தயொர்நிமல (B-READY)","==== BLOCKS ====

307 වන කාණ්ඩය - 05 වන කලාපය ததொகுதி 307 - இல. 05 Volume 307 - No. 05

2023 නනොවැම්බර් 17වන සිකුරාදා

2023 நவம்பர் 17, தவள்ளிக்கிழமை

Friday, 17th November, 2023

(හැන්සාඩ්) பொரொளுைன்ற விவொதங்கள்

(ஹன்சொட்)

PARLIAMENTARY DEBATES

(HANSARD)

அதிகொர அறிக்மக

OFFICIAL REPORT

(අශ ෝධිත පිටපත /பிமழ திருத்தப்படொதது /Uncorrected)

නිනේදන:

ව්‍යව්‍්ථාදාදක ්ථාදව්‍ ද ්ාදව්‍ අිරශක ්දාදික ක් [තීරුව්‍ 775]

ශ්‍රී කා දශය ශකෝිකත ්ව්‍යදපද දාාද් (B-READY) ාක ක් ්ඳහද දාාද් වීශ දී ාතුව්‍් ප්‍රදශකෝක

ගැටලු හද දුෂථ තද අධ්‍යක්ක ිරීමාට්, පිිබඳඳව්‍ ියක ශකෝන්ද හද ිරකශශ දිරිපප්, ිරීමාට්, ව්‍් විශ ේෂ ද ්ාදව්‍ ්දාදික කකු ආශශ ිරීමා [තීරුව්‍ 776]

ප්‍රශ්නනවල වාිකක ිළිතුරු [තීරු 800-802]

ප්‍රමිතියනය් නරොර න් නන නනයනය ිරීම ිළිතබ නද දනාව:

විදුලිඳක ්හ ඳක ක්ිර අාදතයතුාදශ ප්‍ර ද ක [තීරුව්‍ 80]] අ ාර‍ාාංශ් උය ේපන ශ්ක කාරක ා [තීරුව්‍ 820]

වි ර්ජන පනත් නකටුම්පර, 2024 - [හරරවන නව් කළ දිනය]:

ශාව්‍් ව්‍ ිරකවීා - විව්‍දාක ල් තඳ් කදී [තීරු 822- 9]9] කල් රැබීනම් නය ජනාව:

අ පද ශතොට්ටදචුරුාක කුඹුරු දඩා හිමි රුව්‍්ට කඳද දීා [තීරු 9]9 - 948]

අ් රර්ගර ප්‍රනාන කුු

பிரதொன உள்ளடக்கம்

ANNOUNCEMENTS: Legislative Standing Committee: Additional Members [Col. 775]

Select Committee to Study the Practical Problems and Difficulties in Relation to Preparation for

the Proposed “Business Ready (B-READY) Index” in Sri Lanka and Make Its Proposals and Recommendations: Substitution of Member [Col. 776] ORAL ANSWERS TO QUESTIONS [Cols. 800-802] ALLEGATION ON IMPORTING SUBSTANDARD FUEL: STATEMENT BY MINISTER OF

POWER AND ENERGY: Statement by Minister of Power and Energy [Col. 803] MINISTERIAL CONSULTATIVE COMMITTEES [Col. 820] APPROPRIATION BILL, 2024 – [Fourth Allotted Day]: Second Reading - Debate Adjourned [Cols. 822 - 939] ADJOURNMENT MOTION: Restitution of Ampara, Thottasurunki Paddy Land to Rightful Owners [Cols. 939-948]

PRINCIPAL CONTENTS

அறிவிப்புகள்: சட்டவொக்க நிமலயியற் குழு: மைலதிக உறுப்பினர்கள் [ப: 775]

இலங்மகயில் முன்தைொழியப்பட்ட ""வணிக ததொழில்முயற்சிகளுக்கொன தயொர்நிமல (B-READY)","==== BLOCKS ====

307 වන කාණ්ඩය - 05 වන කලාපය ததொகுதி 307 - இல. 05 Volume 307 - No. 05

2023 නනොවැම",2023-11-17,2023-11-17-2023-11-17,"==== BLOCKS ====

307 වන කාණ්ඩය - 05 වන කලාපය ததொகுதி 307 - இல. 05 Volume 307 - No. 05

2023 නනොවැම්බර් 17වන සිකුරාදා

2023 நவம்பர் 17, தவள்ளிக்கிழமை

Friday, 17th November, 2023

(හැන්සාඩ්) பொரொளுைன்ற விவொதங்கள்

(ஹன்சொட்)

PARLIAMENTARY DEBATES

(HANSARD)

அதிகொர அறிக்மக

OFFICIAL REPORT

(අශ ෝධිත පිටපත /பிமழ திருத்தப்படொதது /Uncorrected)

නිනේදන:

ව්‍යව්‍්ථාදාදක ්ථාදව්‍ ද ්ාදව්‍ අිරශක ්දාදික ක් [තීරුව්‍ 775]

ශ්‍රී කා දශය ශකෝිකත ්ව්‍යදපද දාාද් (B-READY) ාක ක් ්ඳහද දාාද් වීශ දී ාතුව්‍් ප්‍රදශකෝක

ගැටලු හද දුෂථ තද අධ්‍යක්ක ිරීමාට්, පිිබඳඳව්‍ ියක ශකෝන්ද හද ිරකශශ දිරිපප්, ිරීමාට්, ව්‍් විශ ේෂ ද ්ාදව්‍ ්දාදික කකු ආශශ ිරීමා [තීරුව්‍ 776]

ප්‍රශ්නනවල වාිකක ිළිතුරු [තීරු 800-802]

ප්‍රමිතියනය් නරොර න් නන නනයනය ිරීම ිළිතබ නද දනාව:

විදුලිඳක ්හ ඳක ක්ිර අාදතයතුාදශ ප්‍ර ද ක [තීරුව්‍ 80]] අ ාර‍ාාංශ් උය ේපන ශ්ක කාරක ා [තීරුව්‍ 820]

වි ර්ජන පනත් නකටුම්පර, 2024 - [හරරවන නව් කළ දිනය]:

ශාව්‍් ව්‍ ිරකවීා - විව්‍දාක ල් තඳ් කදී [තීරු 822- 9]9] කල් රැබීනම් නය ජනාව:

අ පද ශතොට්ටදචුරුාක කුඹුරු දඩා හිමි රුව්‍්ට කඳද දීා [තීරු 9]9 - 948]

අ් රර්ගර ප්‍රනාන කුු

பிரதொன உள்ளடக்கம்

ANNOUNCEMENTS: Legislative Standing Committee: Additional Members [Col. 775]

Select Committee to Study the Practical Problems and Difficulties in Relation to Preparation for

the Proposed “Business Ready (B-READY) Index” in Sri Lanka and Make Its Proposals and Recommendations: Substitution of Member [Col. 776] ORAL ANSWERS TO QUESTIONS [Cols. 800-802] ALLEGATION ON IMPORTING SUBSTANDARD FUEL: STATEMENT BY MINISTER OF

POWER AND ENERGY: Statement by Minister of Power and Energy [Col. 803] MINISTERIAL CONSULTATIVE COMMITTEES [Col. 820] APPROPRIATION BILL, 2024 – [Fourth Allotted Day]: Second Reading - Debate Adjourned [Cols. 822 - 939] ADJOURNMENT MOTION: Restitution of Ampara, Thottasurunki Paddy Land to Rightful Owners [Cols. 939-948]

PRINCIPAL CONTENTS

அறிவிப்புகள்: சட்டவொக்க நிமலயியற் குழு: மைலதிக உறுப்பினர்கள் [ப: 775]

இலங்மகயில் முன்தைொழியப்பட்ட ""வணிக ததொழில்முயற்சிகளுக்கொன தயொர்நிமல (B-READY)",hansard,1.0,1
lk_hansard_2020s,2023-11-17-2023-11-17,2023-11-17,2023-11-17,"Hansard of November 17, 2023",https://www.parliament.lk/en/business-of-parliament/hansards,si-ta-en,https://www.parliament.lk/uploads/documents/hansard/1701515168057680.pdf,2023-11-17-2023-11-17-0001,1,si-ta-en,69427614fb8385ae9533e59532aba2f7,4278,"POWER AND ENERGY: Statement by Minister of Power and Energy [Col. 803] MINISTERIAL CONSULTATIVE COMMITTEES [Col. 820] APPROPRIATION BILL, 2024 – [Fourth Allotted Day]: Second Reading - Debate Adjourned [Cols. 822 - 939] ADJOURNMENT MOTION: Restitution of Ampara, Thottasurunki Paddy Land to Rightful Owners [Cols. 939-948]

PRINCIPAL CONTENTS

அறிவிப்புகள்: சட்டவொக்க நிமலயியற் குழு: மைலதிக உறுப்பினர்கள் [ப: 775]

இலங்மகயில் முன்தைொழியப்பட்ட ""வணிக ததொழில்முயற்சிகளுக்கொன தயொர்நிமல (B-READY)

පාර්ලිනම්් ුරව பொரொளுைன்றம்

PARLIAMENT —————–—-

2023 නනොවැම්බර් 17වන සිකුරාදා

2023 நவம்பர் 17, தவள்ளிக்கிழமை

Friday, 17th November, 2023

—————————–——

පූ. ා. 9.30 පාර්ලිනම්් ුරව රැ න විය. කථානායකුර ා [ගු හි් ද යාපා අනේවර්නන හරා]

මූලා නාරූඪ විය.

பொரொளுைன்றம் மு.ப. 9.30 ைணிக்குக் கூடியது. சபொநொயகர் அவர்கள் [ைொண்புைிகு ைஹிந்த யொப்பொ அமபவர்தன]

தமலமை வகித்தொர்கள். The Parliament met at 9.30 a.m., MR. SPEAKER [THE HON. MAHINDA YAPA

ABEYWARDANA] in the Chair.

නිනේදන அறிவிப்புகள் ANNOUNCEMENTS

ව‍ව නථාදායක නථාවර කාරක ාව: අියනර්ක

ා ාජිකය් சட்டவொக்க நிமலயியற் குழு: மைலதிக

உறுப்பினர்கள்

LEGISLATIVE STANDING COMMITTEE: ADDITIONAL

MEMBERS

ගු කථානායකුර ා (ைொண்புைிகு சபொநொயகர் அவர்கள்) (The Hon. Speaker) “ශ්‍රී කා ද ඳැටිස්්ථට් ්ාගාක (්ා්ථාදගත ිරීම ශ ) (්ාශ ෝධ්‍්)” ප්්, ශ ටු පත ්ක ද ඳැලීා පිණි් 11] (2) ්ථාදව්‍ ිරශකෝගක කටශ්, ව්‍යව්‍්ථාදාදක ්ථාදව්‍ ද ්ාදව්‍ට ාතු පළ ව්‍් ා්ත්‍රී් අිරශක ්දාදික ක් ව්‍ ශක් ාවිිය් ් ් කා ඳව්‍ ා්ව්‍නු ැාැ්,ශතමි.

ගරු විදු වික්‍රා්දක ාහතද

ගරු අරු්ිර ප්‍ර්ද්දු ාහතද

ගරු ්්්, ිර ද්ත ාහතද

ගරු ශ්ය්යිඩ් අලි ්දහික ාවුකද්ද ාහතද

ගරු බුශධි පිර ණ ාහතද

ගරු ිරාල් කද්්ද ාහතද

ගරු ශහක්ටක අටිපුහදමි ාහතද

ගරු උපුල් ාශහේ්ද්‍ර දනපක්ෂ ාහතද

II

ශ්‍රී ලාංකානේ නය ජිර ්ව‍ාපාර දාදානම් B-READY) දර්ශ්කය් හා දාදානම් වීනම් දී ුරවන ප්‍රානය ක ක ගැ හ හා ෂ්කනකරරා අන‍යනය

ිරීම ත්, ඒ ිළිතබ ව සිය නය ජනා හා නිර්න ශ්

නදිරිපත් ිරීම ත් වන විනශ්ේක කාරක ාව:

ා ාජිකයකු නන ශ් ිරීම இலங்மகயில் முன்தைொழியப்பட்ட ""வணிக ததொழில்முயற்சிகளுக்கொன தயொர்நிமல (B-READY)

சுட்தடண்"" பற்றிய தயொர்படுத்தல் ததொடர்பில்","POWER AND ENERGY: Statement by Minister of Power and Energy [Col. 803] MINISTERIAL CONSULTATIVE COMMITTEES [Col. 820] APPROPRIATION BILL, 2024 – [Fourth Allotted Day]: Second Reading - Debate Adjourned [Cols. 822 - 939] ADJOURNMENT MOTION: Restitution of Ampara, Thottasurunki Paddy Land to Rightful Owners [Cols. 939-948]

PRINCIPAL CONTENTS

அறிவிப்புகள்: சட்டவொக்க நிமலயியற் குழு: மைலதிக உறுப்பினர்கள் [ப: 775]

இலங்மகயில் முன்தைொழியப்பட்ட ""வணிக ததொழில்முயற்சிகளுக்கொன தயொர்நிமல (B-READY)

පාර්ලිනම්් ුරව பொரொளுைன்றம்

PARLIAMENT —————–—-

2023 නනොවැම්බර් 17වන සිකුරාදා

2023 நவம்பர் 17, தவள்ளிக்கிழமை

Friday, 17th November, 2023

—————————–——

පූ. ා. 9.30 පාර්ලිනම්් ුරව රැ න විය. කථානායකුර ා [ගු හි් ද යාපා අනේවර්නන හරා]

මූලා නාරූඪ විය.

பொரொளுைன்றம் மு.ப. 9.30 ைணிக்குக் கூடியது. சபொநொயகர் அவர்கள் [ைொண்புைிகு ைஹிந்த யொப்பொ அமபவர்தன]

தமலமை வகித்தொர்கள். The Parliament met at 9.30 a.m., MR. SPEAKER [THE HON. MAHINDA YAPA

ABEYWARDANA] in the Chair.

නිනේදන அறிவிப்புகள் ANNOUNCEMENTS

ව‍ව නථාදායක නථාවර කාරක ාව: අියනර්ක

ා ාජිකය් சட்டவொக்க நிமலயியற் குழு: மைலதிக

உறுப்பினர்கள்

LEGISLATIVE STANDING COMMITTEE: ADDITIONAL

MEMBERS

ගු කථානායකුර ා (ைொண்புைிகு சபொநொயகர் அவர்கள்) (The Hon. Speaker) “ශ්‍රී කා ද ඳැටිස්්ථට් ්ාගාක (්ා්ථාදගත ිරීම ශ ) (්ාශ ෝධ්‍්)” ප්්, ශ ටු පත ්ක ද ඳැලීා පිණි් 11] (2) ්ථාදව්‍ ිරශකෝගක කටශ්, ව්‍යව්‍්ථාදාදක ්ථාදව්‍ ද ්ාදව්‍ට ාතු පළ ව්‍් ා්ත්‍රී් අිරශක ්දාදික ක් ව්‍ ශක් ාවිිය් ් ් කා ඳව්‍ ා්ව්‍නු ැාැ්,ශතමි.

ගරු විදු වික්‍රා්දක ාහතද

ගරු අරු්ිර ප්‍ර්ද්දු ාහතද

ගරු ්්්, ිර ද්ත ාහතද

ගරු ශ්ය්යිඩ් අලි ්දහික ාවුකද්ද ාහතද

ගරු බුශධි පිර ණ ාහතද

ගරු ිරාල් කද්්ද ාහතද

ගරු ශහක්ටක අටිපුහදමි ාහතද

ගරු උපුල් ාශහේ්ද්‍ර දනපක්ෂ ාහතද

II

ශ්‍රී ලාංකානේ නය ජිර ්ව‍ාපාර දාදානම් B-READY) දර්ශ්කය් හා දාදානම් වීනම් දී ුරවන ප්‍රානය ක ක ගැ හ හා ෂ්කනකරරා අන‍යනය

ිරීම ත්, ඒ ිළිතබ ව සිය නය ජනා හා නිර්න ශ්

නදිරිපත් ිරීම ත් වන විනශ්ේක කාරක ාව:

ා ාජිකයකු නන ශ් ිරීම இலங்மகயில் முன்தைொழியப்பட்ட ""வணிக ததொழில்முயற்சிகளுக்கொன தயொர்நிமல (B-READY)

சுட்தடண்"" பற்றிய தயொர்படுத்தல் ததொடர்பில்",POWER AND ENERGY: Statement by Minister of Power and Energy [Col. 803] MINISTERIAL CONSULTATIVE COMM,2023-11-17,2023-11-17-2023-11-17,"POWER AND ENERGY: Statement by Minister of Power and Energy [Col. 803] MINISTERIAL CONSULTATIVE COMMITTEES [Col. 820] APPROPRIATION BILL, 2024 – [Fourth Allotted Day]: Second Reading - Debate Adjourned [Cols. 822 - 939] ADJOURNMENT MOTION: Restitution of Ampara, Thottasurunki Paddy Land to Rightful Owners [Cols. 939-948]

PRINCIPAL CONTENTS

அறிவிப்புகள்: சட்டவொக்க நிமலயியற் குழு: மைலதிக உறுப்பினர்கள் [ப: 775]

இலங்மகயில் முன்தைொழியப்பட்ட ""வணிக ததொழில்முயற்சிகளுக்கொன தயொர்நிமல (B-READY)

පාර්ලිනම්් ුරව பொரொளுைன்றம்

PARLIAMENT —————–—-

2023 නනොවැම්බර් 17වන සිකුරාදා

2023 நவம்பர் 17, தவள்ளிக்கிழமை

Friday, 17th November, 2023

—————————–——

පූ. ා. 9.30 පාර්ලිනම්් ුරව රැ න විය. කථානායකුර ා [ගු හි් ද යාපා අනේවර්නන හරා]

මූලා නාරූඪ විය.

பொரொளுைன்றம் மு.ப. 9.30 ைணிக்குக் கூடியது. சபொநொயகர் அவர்கள் [ைொண்புைிகு ைஹிந்த யொப்பொ அமபவர்தன]

தமலமை வகித்தொர்கள். The Parliament met at 9.30 a.m., MR. SPEAKER [THE HON. MAHINDA YAPA

ABEYWARDANA] in the Chair.

නිනේදන அறிவிப்புகள் ANNOUNCEMENTS

ව‍ව නථාදායක නථාවර කාරක ාව: අියනර්ක

ා ාජිකය් சட்டவொக்க நிமலயியற் குழு: மைலதிக

உறுப்பினர்கள்

LEGISLATIVE STANDING COMMITTEE: ADDITIONAL

MEMBERS

ගු කථානායකුර ා (ைொண்புைிகு சபொநொயகர் அவர்கள்) (The Hon. Speaker) “ශ්‍රී කා ද ඳැටිස්්ථට් ්ාගාක (්ා්ථාදගත ිරීම ශ ) (්ාශ ෝධ්‍්)” ප්්, ශ ටු පත ්ක ද ඳැලීා පිණි් 11] (2) ්ථාදව්‍ ිරශකෝගක කටශ්, ව්‍යව්‍්ථාදාදක ්ථාදව්‍ ද ්ාදව්‍ට ාතු පළ ව්‍් ා්ත්‍රී් අිරශක ්දාදික ක් ව්‍ ශක් ාවිිය් ් ් කා ඳව්‍ ා්ව්‍නු ැාැ්,ශතමි.

ගරු විදු වික්‍රා්දක ාහතද

ගරු අරු්ිර ප්‍ර්ද්දු ාහතද

ගරු ්්්, ිර ද්ත ාහතද

ගරු ශ්ය්යිඩ් අලි ්දහික ාවුකද්ද ාහතද

ගරු බුශධි පිර ණ ාහතද

ගරු ිරාල් කද්්ද ාහතද

ගරු ශහක්ටක අටිපුහදමි ාහතද

ගරු උපුල් ාශහේ්ද්‍ර දනපක්ෂ ාහතද

II

ශ්‍රී ලාංකානේ නය ජිර ්ව‍ාපාර දාදානම් B-READY) දර්ශ්කය් හා දාදානම් වීනම් දී ුරවන ප්‍රානය ක ක ගැ හ හා ෂ්කනකරරා අන‍යනය

ිරීම ත්, ඒ ිළිතබ ව සිය නය ජනා හා නිර්න ශ්

නදිරිපත් ිරීම ත් වන විනශ්ේක කාරක ාව:

ා ාජිකයකු නන ශ් ිරීම இலங்மகயில் முன்தைொழியப்பட்ட ""வணிக ததொழில்முயற்சிகளுக்கொன தயொர்நிமல (B-READY)

சுட்தடண்"" பற்றிய தயொர்படுத்தல் ததொடர்பில்",hansard,1.0,1
lk_hansard_2020s,2023-11-17-2023-11-17,2023-11-17,2023-11-17,"Hansard of November 17, 2023",https://www.parliament.lk/en/business-of-parliament/hansards,si-ta-en,https://www.parliament.lk/uploads/documents/hansard/1701515168057680.pdf,2023-11-17-2023-11-17-0002,2,si-ta-en,e4d3cbe6264144d19c6b83c8f6e60e71,4653,"ිරීම ත්, ඒ ිළිතබ ව සිය නය ජනා හා නිර්න ශ්

නදිරිපත් ිරීම ත් වන විනශ්ේක කාරක ාව:

ා ාජිකයකු නන ශ් ිරීම இலங்மகயில் முன்தைொழியப்பட்ட ""வணிக ததொழில்முயற்சிகளுக்கொன தயொர்நிமல (B-READY)

சுட்தடண்"" பற்றிய தயொர்படுத்தல் ததொடர்பில்

ததொடர்பில் முன்தைொழிவுகமளயும் விதப்புமரகமளயும் சைர்ப்பிப்பதற்குைொன ததொிகுழு:

உறுப்பினர் பதிலீடு

SELECT COMMITTEE TO STUDY THE PRACTICAL PROBLEMS AND DIFFICULTIES IN RELATION TO PREPARATION FOR THE

PROPOSED ""BUSINESS READY (B-READY) INDEX"" IN SRI

LANKA AND MAKE ITS PROPOSALS AND RECOMMENDATIONS: SUBSTITUTION OF MEMBER

ගු කථානායකුර ා (ைொண்புைிகு சபொநொயகர் அவர்கள்) (The Hon. Speaker) ශ්‍රී කා දශය ශකෝිකත ්ව්‍යදපද දාාද් (B-READY) ාක ක් ්ඳහද දාාද් වීශ දී ාතුව්‍් ප්‍රදශකෝක ගැටලු හද දුෂථ තද අධ්‍යක්ක ිරීමාට්, පිිබඳඳව්‍ ියක ශකෝන්ද හද ිරකශශ දිරිපප්, ිරීමාට්, ව්‍් පදකලිශ ්තු විශ ේෂ ද ්ාදශය ්දාදික ්,ව්‍ශක් පදකලිශ ්තු ා්ත්‍රී ගරු ව්‍රුණ ලික්ශ ාහතද දල්කද අ්ථවීා ශහේතුශව්‍් ඇිර වූ පු ටිපදඩුව්‍ ්ඳහද පදකලිශ ්තුශය ්ථාදව්‍ ිරශකෝග 106 හි විධිවිධ්‍ද් ප්‍ර ද ව්‍ පදකලිශ ්තු ා්ත්‍රී ගරු ශ්ය්යිඩ් අලි ්දහික ාවුකද්ද ාහතද ා ද ්ාදශය ශ්ේව්‍ක ිරීමා පිණි් ් ් කා ඳව්‍ ා්ව්‍නු ැාැ්,ශතමි.

ලිිළ නල්ඛනාදිය ිළිතගැ් වී சைர்ப்பிக்கப்பட்ட பத்திரங்கள்

PAPERS PRESENTED

ගු ප්‍ර ් න රතුරාංග හරා නාගරික ාංවර්නන හා නිවා අ ාර‍ හ නණ්ු පාර්ශ්නවන ප්‍රනාන ාංවිනායකුර ා) (ைொண்புைிகு பிரசன்ன ரணதுங்க - நகர அபிவிருத்தி ைற்றும் வீடமைப்பு அமைச்சரும் அரசொங்கக் கட்சியின் முதற்மகொலொசொனும்) (The Hon. Prasanna Ranatunga - Minister of Urban Development and Housing and Chief Government Whip) ගරු ාද්දක තුාිර අග්‍රදාදතය ්හ දනය පිපපදක් ්ථව්‍ශශ ටයුතු පළද්, ්ාද හද පළද්, පදක් අාදතයතුාද ශව්‍නුශව්‍් ාා ශපොදු ව්‍යදපද පිිබඳඳ ද ්ාදව්‍ විිය් පදකලිශ ්තුව්‍ට දිරිපප්, ් කා ව්‍දකතදශය මුාල් ආකථි ්ථාදයී ණ ්හ නදිර ප්‍රිරප්,ිර අාදතයදා ශය් දනය ව්‍යදපද ශාපදකතශ ්තුව්‍ කටතට ගැශ්් ආකත් ් ඳ්ධ්‍ රුණු පිිබඳඳ පදකලිශ ්තුශය ්ථාදව්‍ ිරශකෝග 120 (4) ප්‍ර ද ව්‍ ිරීමක්ෂණ ්හ ගනු කැබූ ක්‍රිකදාදකග පිිබඳඳ ව්‍දකතදව්‍ දිරිපප්, මි.

775 776

පදකලිශ ්තුව්‍

ශාා ව්‍දකතදව්‍ ශපොදු ව්‍යදපද පිිබඳඳ ද ්ාදව්‍ ශව්‍ත ශකොමු ළ යුතු කැයි ාා ශකෝන්ද මි.","ිරීම ත්, ඒ ිළිතබ ව සිය නය ජනා හා නිර්න ශ්

නදිරිපත් ිරීම ත් වන විනශ්ේක කාරක ාව:

ා ාජිකයකු නන ශ් ිරීම இலங்மகயில் முன்தைொழியப்பட்ட ""வணிக ததொழில்முயற்சிகளுக்கொன தயொர்நிமல (B-READY)

சுட்தடண்"" பற்றிய தயொர்படுத்தல் ததொடர்பில்

ததொடர்பில் முன்தைொழிவுகமளயும் விதப்புமரகமளயும் சைர்ப்பிப்பதற்குைொன ததொிகுழு:

உறுப்பினர் பதிலீடு

SELECT COMMITTEE TO STUDY THE PRACTICAL PROBLEMS AND DIFFICULTIES IN RELATION TO PREPARATION FOR THE

PROPOSED ""BUSINESS READY (B-READY) INDEX"" IN SRI

LANKA AND MAKE ITS PROPOSALS AND RECOMMENDATIONS: SUBSTITUTION OF MEMBER

ගු කථානායකුර ා (ைொண்புைிகு சபொநொயகர் அவர்கள்) (The Hon. Speaker) ශ්‍රී කා දශය ශකෝිකත ්ව්‍යදපද දාාද් (B-READY) ාක ක් ්ඳහද දාාද් වීශ දී ාතුව්‍් ප්‍රදශකෝක ගැටලු හද දුෂථ තද අධ්‍යක්ක ිරීමාට්, පිිබඳඳව්‍ ියක ශකෝන්ද හද ිරකශශ දිරිපප්, ිරීමාට්, ව්‍් පදකලිශ ්තු විශ ේෂ ද ්ාදශය ්දාදික ්,ව්‍ශක් පදකලිශ ්තු ා්ත්‍රී ගරු ව්‍රුණ ලික්ශ ාහතද දල්කද අ්ථවීා ශහේතුශව්‍් ඇිර වූ පු ටිපදඩුව්‍ ්ඳහද පදකලිශ ්තුශය ්ථාදව්‍ ිරශකෝග 106 හි විධිවිධ්‍ද් ප්‍ර ද ව්‍ පදකලිශ ්තු ා්ත්‍රී ගරු ශ්ය්යිඩ් අලි ්දහික ාවුකද්ද ාහතද ා ද ්ාදශය ශ්ේව්‍ක ිරීමා පිණි් ් ් කා ඳව්‍ ා්ව්‍නු ැාැ්,ශතමි.

ලිිළ නල්ඛනාදිය ිළිතගැ් වී சைர்ப்பிக்கப்பட்ட பத்திரங்கள்

PAPERS PRESENTED

ගු ප්‍ර ් න රතුරාංග හරා නාගරික ාංවර්නන හා නිවා අ ාර‍ හ නණ්ු පාර්ශ්නවන ප්‍රනාන ාංවිනායකුර ා) (ைொண்புைிகு பிரசன்ன ரணதுங்க - நகர அபிவிருத்தி ைற்றும் வீடமைப்பு அமைச்சரும் அரசொங்கக் கட்சியின் முதற்மகொலொசொனும்) (The Hon. Prasanna Ranatunga - Minister of Urban Development and Housing and Chief Government Whip) ගරු ාද්දක තුාිර අග්‍රදාදතය ්හ දනය පිපපදක් ්ථව්‍ශශ ටයුතු පළද්, ්ාද හද පළද්, පදක් අාදතයතුාද ශව්‍නුශව්‍් ාා ශපොදු ව්‍යදපද පිිබඳඳ ද ්ාදව්‍ විිය් පදකලිශ ්තුව්‍ට දිරිපප්, ් කා ව්‍දකතදශය මුාල් ආකථි ්ථාදයී ණ ්හ නදිර ප්‍රිරප්,ිර අාදතයදා ශය් දනය ව්‍යදපද ශාපදකතශ ්තුව්‍ කටතට ගැශ්් ආකත් ් ඳ්ධ්‍ රුණු පිිබඳඳ පදකලිශ ්තුශය ්ථාදව්‍ ිරශකෝග 120 (4) ප්‍ර ද ව්‍ ිරීමක්ෂණ ්හ ගනු කැබූ ක්‍රිකදාදකග පිිබඳඳ ව්‍දකතදව්‍ දිරිපප්, මි.

775 776

පදකලිශ ්තුව්‍

ශාා ව්‍දකතදව්‍ ශපොදු ව්‍යදපද පිිබඳඳ ද ්ාදව්‍ ශව්‍ත ශකොමු ළ යුතු කැයි ාා ශකෝන්ද මි.","ිරීම ත්, ඒ ිළිතබ ව සිය නය ජනා හා නිර්න ශ්

නදිරිපත් ිරීම ත් වන විනශ්ේක කාරක ාව:

ා ාජිකයකු නන ශ් ිරී",2023-11-17,2023-11-17-2023-11-17,"ිරීම ත්, ඒ ිළිතබ ව සිය නය ජනා හා නිර්න ශ්

නදිරිපත් ිරීම ත් වන විනශ්ේක කාරක ාව:

ා ාජිකයකු නන ශ් ිරීම இலங்மகயில் முன்தைொழியப்பட்ட ""வணிக ததொழில்முயற்சிகளுக்கொன தயொர்நிமல (B-READY)

சுட்தடண்"" பற்றிய தயொர்படுத்தல் ததொடர்பில்

ததொடர்பில் முன்தைொழிவுகமளயும் விதப்புமரகமளயும் சைர்ப்பிப்பதற்குைொன ததொிகுழு:

உறுப்பினர் பதிலீடு

SELECT COMMITTEE TO STUDY THE PRACTICAL PROBLEMS AND DIFFICULTIES IN RELATION TO PREPARATION FOR THE

PROPOSED ""BUSINESS READY (B-READY) INDEX"" IN SRI

LANKA AND MAKE ITS PROPOSALS AND RECOMMENDATIONS: SUBSTITUTION OF MEMBER

ගු කථානායකුර ා (ைொண்புைிகு சபொநொயகர் அவர்கள்) (The Hon. Speaker) ශ්‍රී කා දශය ශකෝිකත ්ව්‍යදපද දාාද් (B-READY) ාක ක් ්ඳහද දාාද් වීශ දී ාතුව්‍් ප්‍රදශකෝක ගැටලු හද දුෂථ තද අධ්‍යක්ක ිරීමාට්, පිිබඳඳව්‍ ියක ශකෝන්ද හද ිරකශශ දිරිපප්, ිරීමාට්, ව්‍් පදකලිශ ්තු විශ ේෂ ද ්ාදශය ්දාදික ්,ව්‍ශක් පදකලිශ ්තු ා්ත්‍රී ගරු ව්‍රුණ ලික්ශ ාහතද දල්කද අ්ථවීා ශහේතුශව්‍් ඇිර වූ පු ටිපදඩුව්‍ ්ඳහද පදකලිශ ්තුශය ්ථාදව්‍ ිරශකෝග 106 හි විධිවිධ්‍ද් ප්‍ර ද ව්‍ පදකලිශ ්තු ා්ත්‍රී ගරු ශ්ය්යිඩ් අලි ්දහික ාවුකද්ද ාහතද ා ද ්ාදශය ශ්ේව්‍ක ිරීමා පිණි් ් ් කා ඳව්‍ ා්ව්‍නු ැාැ්,ශතමි.

ලිිළ නල්ඛනාදිය ිළිතගැ් වී சைர்ப்பிக்கப்பட்ட பத்திரங்கள்

PAPERS PRESENTED

ගු ප්‍ර ් න රතුරාංග හරා නාගරික ාංවර්නන හා නිවා අ ාර‍ හ නණ්ු පාර්ශ්නවන ප්‍රනාන ාංවිනායකුර ා) (ைொண்புைிகு பிரசன்ன ரணதுங்க - நகர அபிவிருத்தி ைற்றும் வீடமைப்பு அமைச்சரும் அரசொங்கக் கட்சியின் முதற்மகொலொசொனும்) (The Hon. Prasanna Ranatunga - Minister of Urban Development and Housing and Chief Government Whip) ගරු ාද්දක තුාිර අග්‍රදාදතය ්හ දනය පිපපදක් ්ථව්‍ශශ ටයුතු පළද්, ්ාද හද පළද්, පදක් අාදතයතුාද ශව්‍නුශව්‍් ාා ශපොදු ව්‍යදපද පිිබඳඳ ද ්ාදව්‍ විිය් පදකලිශ ්තුව්‍ට දිරිපප්, ් කා ව්‍දකතදශය මුාල් ආකථි ්ථාදයී ණ ්හ නදිර ප්‍රිරප්,ිර අාදතයදා ශය් දනය ව්‍යදපද ශාපදකතශ ්තුව්‍ කටතට ගැශ්් ආකත් ් ඳ්ධ්‍ රුණු පිිබඳඳ පදකලිශ ්තුශය ්ථාදව්‍ ිරශකෝග 120 (4) ප්‍ර ද ව්‍ ිරීමක්ෂණ ්හ ගනු කැබූ ක්‍රිකදාදකග පිිබඳඳ ව්‍දකතදව්‍ දිරිපප්, මි.

775 776

පදකලිශ ්තුව්‍

ශාා ව්‍දකතදව්‍ ශපොදු ව්‍යදපද පිිබඳඳ ද ්ාදව්‍ ශව්‍ත ශකොමු ළ යුතු කැයි ාා ශකෝන්ද මි.",hansard,1.0,1
lk_hansard_2020s,2023-11-17-2023-11-17,2023-11-17,2023-11-17,"Hansard of November 17, 2023",https://www.parliament.lk/en/business-of-parliament/hansards,si-ta-en,https://www.parliament.lk/uploads/documents/hansard/1701515168057680.pdf,2023-11-17-2023-11-17-0003,3,si-ta-en,7a6b81473f898514121b127d46b5f1d8,4628,"ගු ප්‍ර ් න රතුරාංග හරා නාගරික ාංවර්නන හා නිවා අ ාර‍ හ නණ්ු පාර්ශ්නවන ප්‍රනාන ාංවිනායකුර ා) (ைொண்புைிகு பிரசன்ன ரணதுங்க - நகர அபிவிருத்தி ைற்றும் வீடமைப்பு அமைச்சரும் அரசொங்கக் கட்சியின் முதற்மகொலொசொனும்) (The Hon. Prasanna Ranatunga - Minister of Urban Development and Housing and Chief Government Whip) ගරු ාද්දක තුාිර අග්‍රදාදතය ්හ දනය පිපපදක් ්ථව්‍ශශ ටයුතු පළද්, ්ාද හද පළද්, පදක් අාදතයතුාද ශව්‍නුශව්‍් ාා ශපොදු ව්‍යදපද පිිබඳඳ ද ්ාදව්‍ විිය් පදකලිශ ්තුව්‍ට දිරිපප්, ් කා ව්‍දකතදශය මුාල් ආකථි ්ථාදයී ණ ්හ නදිර ප්‍රිරප්,ිර අාදතයදා ශය් දනය ව්‍යදපද ශාපදකතශ ්තුව්‍ කටතට ගැශ්් ආකත් ් ඳ්ධ්‍ රුණු පිිබඳඳ පදකලිශ ්තුශය ්ථාදව්‍ ිරශකෝග 120 (4) ප්‍ර ද ව්‍ ිරීමක්ෂණ ්හ ගනු කැබූ ක්‍රිකදාදකග පිිබඳඳ ව්‍දකතදව්‍ දිරිපප්, මි.

775 776

පදකලිශ ්තුව්‍

ශාා ව්‍දකතදව්‍ ශපොදු ව්‍යදපද පිිබඳඳ ද ්ාදව්‍ ශව්‍ත ශකොමු ළ යුතු කැයි ාා ශකෝන්ද මි.

ගු ප්‍ර ් න රතුරාංග හරා (ைொண்புைிகு பிரசன்ன ரணதுங்க) (The Hon. Prasanna Ranatunga) ගරු ාද්දක තුාිර ෘෂි කා ්හ ව්‍ැවිලි කාද්ත අාදතයතුාද ශව්‍නුශව්‍් ාා 2022 ව්‍කෂක ්ඳහද ඳක ්ාව්‍කධ්‍් ශාපදකතශ ්තුශය දකක ්දධ්‍් ව්‍දකතදව්‍ දිරිපප්, මි.

ශාා ව්‍දකතදව්‍ ාදණ්ඩ හද ශ්ේව්‍ද අප්ක් දහළ ්ැාවීා පිිබඳඳ ආාශි අධීක්ෂණ ද ්ාදව්‍ ශව්‍ත ශකොමු ළ යුතු කැයි ාා ශකෝන්ද මි.

ප්‍රශ්නනය වි න ලදි් , ා ම් ර විය. வினொ விடுக்கப்பட்டு ஏற்றுக்தகொள்ளப்பட்டது. Question put, and agreed to.

52 6) වන නථාවර නිනය ගය ය නත්

ිළිතග් වන ලද වාර්රා நிமலக்கட்டமள இல. 52(6)இன்படி

சைர்ப்பிக்கப்பட்ட அறிக்மககள் REPORTS PRESENTED UNDER STANDING ORDER

NO. 52(6)

ර‍ ශ්‍රී ගතපිය තිිය ජන න ේවා පදන

ාං නථාගර ිරීමනම්) පනත් නකටුම්පර சத்திய ஸ்ரீ கணபதி பக்தி ஜன மசவொ ைன்றம்

(கூட்டிமணத்தல்) சட்டமூலம் SATHYA SRI GHANAPATHI BHAKTHI JANA SEWA

FOUNDATION (INCORPORATION) BILL

""්තය ශ්‍රී ගණපිර ාක්ිර න් ශ්ේව්‍ද පා්ා (්ා්ථාදගත ිරීමශ ) ප්්, ශ ටු පත පිිබඳඳ ව්‍දකතදව්‍"" - [ගරු විදු වික්‍රා්දක ාහතද]

පනත් නකටුම්පර 2023 නනොවැම්බර් 18වන න නසුරාදා නදවන වර ිරයවිය යුුරයයි නිනය ග කරන ලදී.

சட்டமூலம் 2023 நவம்பர் 18, சனிக்கிழமை இரண்டொம் முமற ைதிப்பிடப்படக் கட்டமளயிடப்பட்டது.

Bill ordered to be read a Second time upon Saturday, 18th November, 2023.","ගු ප්‍ර ් න රතුරාංග හරා නාගරික ාංවර්නන හා නිවා අ ාර‍ හ නණ්ු පාර්ශ්නවන ප්‍රනාන ාංවිනායකුර ා) (ைொண்புைிகு பிரசன்ன ரணதுங்க - நகர அபிவிருத்தி ைற்றும் வீடமைப்பு அமைச்சரும் அரசொங்கக் கட்சியின் முதற்மகொலொசொனும்) (The Hon. Prasanna Ranatunga - Minister of Urban Development and Housing and Chief Government Whip) ගරු ාද්දක තුාිර අග්‍රදාදතය ්හ දනය පිපපදක් ්ථව්‍ශශ ටයුතු පළද්, ්ාද හද පළද්, පදක් අාදතයතුාද ශව්‍නුශව්‍් ාා ශපොදු ව්‍යදපද පිිබඳඳ ද ්ාදව්‍ විිය් පදකලිශ ්තුව්‍ට දිරිපප්, ් කා ව්‍දකතදශය මුාල් ආකථි ්ථාදයී ණ ්හ නදිර ප්‍රිරප්,ිර අාදතයදා ශය් දනය ව්‍යදපද ශාපදකතශ ්තුව්‍ කටතට ගැශ්් ආකත් ් ඳ්ධ්‍ රුණු පිිබඳඳ පදකලිශ ්තුශය ්ථාදව්‍ ිරශකෝග 120 (4) ප්‍ර ද ව්‍ ිරීමක්ෂණ ්හ ගනු කැබූ ක්‍රිකදාදකග පිිබඳඳ ව්‍දකතදව්‍ දිරිපප්, මි.

775 776

පදකලිශ ්තුව්‍

ශාා ව්‍දකතදව්‍ ශපොදු ව්‍යදපද පිිබඳඳ ද ්ාදව්‍ ශව්‍ත ශකොමු ළ යුතු කැයි ාා ශකෝන්ද මි.

ගු ප්‍ර ් න රතුරාංග හරා (ைொண்புைிகு பிரசன்ன ரணதுங்க) (The Hon. Prasanna Ranatunga) ගරු ාද්දක තුාිර ෘෂි කා ්හ ව්‍ැවිලි කාද්ත අාදතයතුාද ශව්‍නුශව්‍් ාා 2022 ව්‍කෂක ්ඳහද ඳක ්ාව්‍කධ්‍් ශාපදකතශ ්තුශය දකක ්දධ්‍් ව්‍දකතදව්‍ දිරිපප්, මි.

ශාා ව්‍දකතදව්‍ ාදණ්ඩ හද ශ්ේව්‍ද අප්ක් දහළ ්ැාවීා පිිබඳඳ ආාශි අධීක්ෂණ ද ්ාදව්‍ ශව්‍ත ශකොමු ළ යුතු කැයි ාා ශකෝන්ද මි.

ප්‍රශ්නනය වි න ලදි් , ා ම් ර විය. வினொ விடுக்கப்பட்டு ஏற்றுக்தகொள்ளப்பட்டது. Question put, and agreed to.

52 6) වන නථාවර නිනය ගය ය නත්

ිළිතග් වන ලද වාර්රා நிமலக்கட்டமள இல. 52(6)இன்படி

சைர்ப்பிக்கப்பட்ட அறிக்மககள் REPORTS PRESENTED UNDER STANDING ORDER

NO. 52(6)

ර‍ ශ්‍රී ගතපිය තිිය ජන න ේවා පදන

ාං නථාගර ිරීමනම්) පනත් නකටුම්පර சத்திய ஸ்ரீ கணபதி பக்தி ஜன மசவொ ைன்றம்

(கூட்டிமணத்தல்) சட்டமூலம் SATHYA SRI GHANAPATHI BHAKTHI JANA SEWA

FOUNDATION (INCORPORATION) BILL

""්තය ශ්‍රී ගණපිර ාක්ිර න් ශ්ේව්‍ද පා්ා (්ා්ථාදගත ිරීමශ ) ප්්, ශ ටු පත පිිබඳඳ ව්‍දකතදව්‍"" - [ගරු විදු වික්‍රා්දක ාහතද]

පනත් නකටුම්පර 2023 නනොවැම්බර් 18වන න නසුරාදා නදවන වර ිරයවිය යුුරයයි නිනය ග කරන ලදී.

சட்டமூலம் 2023 நவம்பர் 18, சனிக்கிழமை இரண்டொம் முமற ைதிப்பிடப்படக் கட்டமளயிடப்பட்டது.

Bill ordered to be read a Second time upon Saturday, 18th November, 2023.",ගු ප්‍ර ් න රතුරාංග හරා නාගරික ාංවර්නන හා නිවා අ ාර‍ හ නණ්ු පාර්ශ්නවන ප්‍රනාන ාංවිනායකුර ා) (ைொண்பு,2023-11-17,2023-11-17-2023-11-17,"ගු ප්‍ර ් න රතුරාංග හරා නාගරික ාංවර්නන හා නිවා අ ාර‍ හ නණ්ු පාර්ශ්නවන ප්‍රනාන ාංවිනායකුර ා) (ைொண்புைிகு பிரசன்ன ரணதுங்க - நகர அபிவிருத்தி ைற்றும் வீடமைப்பு அமைச்சரும் அரசொங்கக் கட்சியின் முதற்மகொலொசொனும்) (The Hon. Prasanna Ranatunga - Minister of Urban Development and Housing and Chief Government Whip) ගරු ාද්දක තුාිර අග්‍රදාදතය ්හ දනය පිපපදක් ්ථව්‍ශශ ටයුතු පළද්, ්ාද හද පළද්, පදක් අාදතයතුාද ශව්‍නුශව්‍් ාා ශපොදු ව්‍යදපද පිිබඳඳ ද ්ාදව්‍ විිය් පදකලිශ ්තුව්‍ට දිරිපප්, ් කා ව්‍දකතදශය මුාල් ආකථි ්ථාදයී ණ ්හ නදිර ප්‍රිරප්,ිර අාදතයදා ශය් දනය ව්‍යදපද ශාපදකතශ ්තුව්‍ කටතට ගැශ්් ආකත් ් ඳ්ධ්‍ රුණු පිිබඳඳ පදකලිශ ්තුශය ්ථාදව්‍ ිරශකෝග 120 (4) ප්‍ර ද ව්‍ ිරීමක්ෂණ ්හ ගනු කැබූ ක්‍රිකදාදකග පිිබඳඳ ව්‍දකතදව්‍ දිරිපප්, මි.

775 776

පදකලිශ ්තුව්‍

ශාා ව්‍දකතදව්‍ ශපොදු ව්‍යදපද පිිබඳඳ ද ්ාදව්‍ ශව්‍ත ශකොමු ළ යුතු කැයි ාා ශකෝන්ද මි.

ගු ප්‍ර ් න රතුරාංග හරා (ைொண்புைிகு பிரசன்ன ரணதுங்க) (The Hon. Prasanna Ranatunga) ගරු ාද්දක තුාිර ෘෂි කා ්හ ව්‍ැවිලි කාද්ත අාදතයතුාද ශව්‍නුශව්‍් ාා 2022 ව්‍කෂක ්ඳහද ඳක ්ාව්‍කධ්‍් ශාපදකතශ ්තුශය දකක ්දධ්‍් ව්‍දකතදව්‍ දිරිපප්, මි.

ශාා ව්‍දකතදව්‍ ාදණ්ඩ හද ශ්ේව්‍ද අප්ක් දහළ ්ැාවීා පිිබඳඳ ආාශි අධීක්ෂණ ද ්ාදව්‍ ශව්‍ත ශකොමු ළ යුතු කැයි ාා ශකෝන්ද මි.

ප්‍රශ්නනය වි න ලදි් , ා ම් ර විය. வினொ விடுக்கப்பட்டு ஏற்றுக்தகொள்ளப்பட்டது. Question put, and agreed to.

52 6) වන නථාවර නිනය ගය ය නත්

ිළිතග් වන ලද වාර්රා நிமலக்கட்டமள இல. 52(6)இன்படி

சைர்ப்பிக்கப்பட்ட அறிக்மககள் REPORTS PRESENTED UNDER STANDING ORDER

NO. 52(6)

ර‍ ශ්‍රී ගතපිය තිිය ජන න ේවා පදන

ාං නථාගර ිරීමනම්) පනත් නකටුම්පර சத்திய ஸ்ரீ கணபதி பக்தி ஜன மசவொ ைன்றம்

(கூட்டிமணத்தல்) சட்டமூலம் SATHYA SRI GHANAPATHI BHAKTHI JANA SEWA

FOUNDATION (INCORPORATION) BILL

""්තය ශ්‍රී ගණපිර ාක්ිර න් ශ්ේව්‍ද පා්ා (්ා්ථාදගත ිරීමශ ) ප්්, ශ ටු පත පිිබඳඳ ව්‍දකතදව්‍"" - [ගරු විදු වික්‍රා්දක ාහතද]

පනත් නකටුම්පර 2023 නනොවැම්බර් 18වන න නසුරාදා නදවන වර ිරයවිය යුුරයයි නිනය ග කරන ලදී.

சட்டமூலம் 2023 நவம்பர் 18, சனிக்கிழமை இரண்டொம் முமற ைதிப்பிடப்படக் கட்டமளயிடப்பட்டது.

Bill ordered to be read a Second time upon Saturday, 18th November, 2023.",hansard,1.0,1
lk_hansard_2020s,2023-11-17-2023-11-17,2023-11-17,2023-11-17,"Hansard of November 17, 2023",https://www.parliament.lk/en/business-of-parliament/hansards,si-ta-en,https://www.parliament.lk/uploads/documents/hansard/1701515168057680.pdf,2023-11-17-2023-11-17-0004,4,si-ta-en,1c0f83bfa20a8b3ccc5249ca9864287b,3789,"පනත් නකටුම්පර 2023 නනොවැම්බර් 18වන න නසුරාදා නදවන වර ිරයවිය යුුරයයි නිනය ග කරන ලදී.

சட்டமூலம் 2023 நவம்பர் 18, சனிக்கிழமை இரண்டொம் முமற ைதிப்பிடப்படக் கட்டமளயிடப்பட்டது.

Bill ordered to be read a Second time upon Saturday, 18th November, 2023.

නැඟී සිටින ය. எழுந்தொர். rose.

ගු කථානායකුර ා (ைொண்புைிகு சபொநொயகர் அவர்கள்) (The Hon. Speaker) ගරු විපක්ෂ ්දක තුාද. ගු ජිත් නප්‍රේ දා හරා (ைொண்புைிகு சஜித் பிமரைதொஸ) (The Hon. Sajith Premadasa) ගරු ාද්දක තුාිර ාශ ප්‍ර ථ්ක දිරිපප්, ිරීමාට අව්‍්ථාදව්‍ කඳද දීා ගැ් ්ථතුිරව්‍්ත ශව්‍්ව්‍ද. ාා ්ැව්‍ත ව්‍ ක් ිරක්් ැාිරයි ශපෞශගලි රුණු ද ණද ශහේතුශ ොටශග් ශ්ොශව්‍යි ාා ශ ප්‍ර ථ්ක ාතු ්ශ් ිරක් . යශය් ාව්‍ශ්ේ ාා පැහැිරලිව්‍ ශ පිිබඳඳව්‍ ප්‍ර ද ළද. ශ ෝටි ශක් ්ාදපිර ාික්, ඳණ්ඩද ා්ත්‍රීතුාද ක්‍රි ට් ආකත්ශය් උපශශ ව්‍ කකු හැස්කට ටයුතු ිරශඳ් ඳව්‍ට ශතො තුරු ාා හැ්්දඩ්ගත ළද; ්ාදගත ළද. තුාද ශ්‍රී කා ද ක්‍රි ට් ආකත්ශය් උපශශ ව්‍ කකු හැස්කට ඳඳව්‍දශග් ිරශඳ්ශ් 2017 ව්‍්ශකදී. ව්‍දශ ා ශ්‍රී කා ද ක්‍රි ට් විධ්‍දක මිටු ස්්ථවී ව්‍දකතදශය ියයව්‍් පිටුශය ශාහි ැඳවී ්හ ලිපි ශල්ඛ් පිිබඳඳ වි්ථත ියකල්ක ්ඳහ් ශව්‍්ව්‍ද.

ව්‍දශ ා 2018 ව්‍්ශක අශප්‍රේල් 0]ව්‍ැිර ාද උාන්් 11ට ශ්‍රී කා ද ක්‍රි ට් ්ාදපිර ජීව ව්‍ ශගොඩැලිකශා ාහතදශ ප්‍රධ්‍ද්්,ව්‍ශක් පැව්‍ිර ස්්ථවීා ට ාික්, ඳණ්ඩද ාැිරතුාද ්හාදක ශව්‍කද ිරශඳ්ව්‍ද. හි දකක ්ටහනු්, මීට ශප දිරිපප්, පු ද ණදශය දකක ්ටහනු්, ාා ාගර* ්ව්‍ද.

මීට අාත ව්‍ ාික්, ඳණ්ඩද ාැිරතුාදශ ප්‍රධ්‍ද්්,ව්‍ශක් ක්‍රිකද්,ා ශව්‍් Colombo School of Business and Management"" ිරක් ආකත්ක ක්‍රි ට් ්ාව්‍කධ්‍්කට ්හ උපදක ාදකග ව්‍ැඩිිරයුණු ිරීමා ශව්‍නුශව්‍් ියදු ් කා ව්‍ැඩ්ටහ්ට අාදළව්‍ පළ ළ ්ා ල්ප පත්‍රි දව්‍කු්, ිරශඳ්ව්‍ද. ාා ක්, ාගර* ්ව්‍ද.","පනත් නකටුම්පර 2023 නනොවැම්බර් 18වන න නසුරාදා නදවන වර ිරයවිය යුුරයයි නිනය ග කරන ලදී.

சட்டமூலம் 2023 நவம்பர் 18, சனிக்கிழமை இரண்டொம் முமற ைதிப்பிடப்படக் கட்டமளயிடப்பட்டது.

Bill ordered to be read a Second time upon Saturday, 18th November, 2023.

නැඟී සිටින ය. எழுந்தொர். rose.

ගු කථානායකුර ා (ைொண்புைிகு சபொநொயகர் அவர்கள்) (The Hon. Speaker) ගරු විපක්ෂ ්දක තුාද. ගු ජිත් නප්‍රේ දා හරා (ைொண்புைிகு சஜித் பிமரைதொஸ) (The Hon. Sajith Premadasa) ගරු ාද්දක තුාිර ාශ ප්‍ර ථ්ක දිරිපප්, ිරීමාට අව්‍්ථාදව්‍ කඳද දීා ගැ් ්ථතුිරව්‍්ත ශව්‍්ව්‍ද. ාා ්ැව්‍ත ව්‍ ක් ිරක්් ැාිරයි ශපෞශගලි රුණු ද ණද ශහේතුශ ොටශග් ශ්ොශව්‍යි ාා ශ ප්‍ර ථ්ක ාතු ්ශ් ිරක් . යශය් ාව්‍ශ්ේ ාා පැහැිරලිව්‍ ශ පිිබඳඳව්‍ ප්‍ර ද ළද. ශ ෝටි ශක් ්ාදපිර ාික්, ඳණ්ඩද ා්ත්‍රීතුාද ක්‍රි ට් ආකත්ශය් උපශශ ව්‍ කකු හැස්කට ටයුතු ිරශඳ් ඳව්‍ට ශතො තුරු ාා හැ්්දඩ්ගත ළද; ්ාදගත ළද. තුාද ශ්‍රී කා ද ක්‍රි ට් ආකත්ශය් උපශශ ව්‍ කකු හැස්කට ඳඳව්‍දශග් ිරශඳ්ශ් 2017 ව්‍්ශකදී. ව්‍දශ ා ශ්‍රී කා ද ක්‍රි ට් විධ්‍දක මිටු ස්්ථවී ව්‍දකතදශය ියයව්‍් පිටුශය ශාහි ැඳවී ්හ ලිපි ශල්ඛ් පිිබඳඳ වි්ථත ියකල්ක ්ඳහ් ශව්‍්ව්‍ද.

ව්‍දශ ා 2018 ව්‍්ශක අශප්‍රේල් 0]ව්‍ැිර ාද උාන්් 11ට ශ්‍රී කා ද ක්‍රි ට් ්ාදපිර ජීව ව්‍ ශගොඩැලිකශා ාහතදශ ප්‍රධ්‍ද්්,ව්‍ශක් පැව්‍ිර ස්්ථවීා ට ාික්, ඳණ්ඩද ාැිරතුාද ්හාදක ශව්‍කද ිරශඳ්ව්‍ද. හි දකක ්ටහනු්, මීට ශප දිරිපප්, පු ද ණදශය දකක ්ටහනු්, ාා ාගර* ්ව්‍ද.

මීට අාත ව්‍ ාික්, ඳණ්ඩද ාැිරතුාදශ ප්‍රධ්‍ද්්,ව්‍ශක් ක්‍රිකද්,ා ශව්‍් Colombo School of Business and Management"" ිරක් ආකත්ක ක්‍රි ට් ්ාව්‍කධ්‍්කට ්හ උපදක ාදකග ව්‍ැඩිිරයුණු ිරීමා ශව්‍නුශව්‍් ියදු ් කා ව්‍ැඩ්ටහ්ට අාදළව්‍ පළ ළ ්ා ල්ප පත්‍රි දව්‍කු්, ිරශඳ්ව්‍ද. ාා ක්, ාගර* ්ව්‍ද.","පනත් නකටුම්පර 2023 නනොවැම්බර් 18වන න නසුරාදා නදවන වර ිරයවිය යුුරයයි නිනය ග කරන ලදී.

சட்டமூலம் 2023 ",2023-11-17,2023-11-17-2023-11-17,"පනත් නකටුම්පර 2023 නනොවැම්බර් 18වන න නසුරාදා නදවන වර ිරයවිය යුුරයයි නිනය ග කරන ලදී.

சட்டமூலம் 2023 நவம்பர் 18, சனிக்கிழமை இரண்டொம் முமற ைதிப்பிடப்படக் கட்டமளயிடப்பட்டது.

Bill ordered to be read a Second time upon Saturday, 18th November, 2023.

නැඟී සිටින ය. எழுந்தொர். rose.

ගු කථානායකුර ා (ைொண்புைிகு சபொநொயகர் அவர்கள்) (The Hon. Speaker) ගරු විපක්ෂ ්දක තුාද. ගු ජිත් නප්‍රේ දා හරා (ைொண்புைிகு சஜித் பிமரைதொஸ) (The Hon. Sajith Premadasa) ගරු ාද්දක තුාිර ාශ ප්‍ර ථ්ක දිරිපප්, ිරීමාට අව්‍්ථාදව්‍ කඳද දීා ගැ් ්ථතුිරව්‍්ත ශව්‍්ව්‍ද. ාා ්ැව්‍ත ව්‍ ක් ිරක්් ැාිරයි ශපෞශගලි රුණු ද ණද ශහේතුශ ොටශග් ශ්ොශව්‍යි ාා ශ ප්‍ර ථ්ක ාතු ්ශ් ිරක් . යශය් ාව්‍ශ්ේ ාා පැහැිරලිව්‍ ශ පිිබඳඳව්‍ ප්‍ර ද ළද. ශ ෝටි ශක් ්ාදපිර ාික්, ඳණ්ඩද ා්ත්‍රීතුාද ක්‍රි ට් ආකත්ශය් උපශශ ව්‍ කකු හැස්කට ටයුතු ිරශඳ් ඳව්‍ට ශතො තුරු ාා හැ්්දඩ්ගත ළද; ්ාදගත ළද. තුාද ශ්‍රී කා ද ක්‍රි ට් ආකත්ශය් උපශශ ව්‍ කකු හැස්කට ඳඳව්‍දශග් ිරශඳ්ශ් 2017 ව්‍්ශකදී. ව්‍දශ ා ශ්‍රී කා ද ක්‍රි ට් විධ්‍දක මිටු ස්්ථවී ව්‍දකතදශය ියයව්‍් පිටුශය ශාහි ැඳවී ්හ ලිපි ශල්ඛ් පිිබඳඳ වි්ථත ියකල්ක ්ඳහ් ශව්‍්ව්‍ද.

ව්‍දශ ා 2018 ව්‍්ශක අශප්‍රේල් 0]ව්‍ැිර ාද උාන්් 11ට ශ්‍රී කා ද ක්‍රි ට් ්ාදපිර ජීව ව්‍ ශගොඩැලිකශා ාහතදශ ප්‍රධ්‍ද්්,ව්‍ශක් පැව්‍ිර ස්්ථවීා ට ාික්, ඳණ්ඩද ාැිරතුාද ්හාදක ශව්‍කද ිරශඳ්ව්‍ද. හි දකක ්ටහනු්, මීට ශප දිරිපප්, පු ද ණදශය දකක ්ටහනු්, ාා ාගර* ්ව්‍ද.

මීට අාත ව්‍ ාික්, ඳණ්ඩද ාැිරතුාදශ ප්‍රධ්‍ද්්,ව්‍ශක් ක්‍රිකද්,ා ශව්‍් Colombo School of Business and Management"" ිරක් ආකත්ක ක්‍රි ට් ්ාව්‍කධ්‍්කට ්හ උපදක ාදකග ව්‍ැඩිිරයුණු ිරීමා ශව්‍නුශව්‍් ියදු ් කා ව්‍ැඩ්ටහ්ට අාදළව්‍ පළ ළ ්ා ල්ප පත්‍රි දව්‍කු්, ිරශඳ්ව්‍ද. ාා ක්, ාගර* ්ව්‍ද.",hansard,1.0,1
lk_hansard_2020s,2023-11-17-2023-11-17,2023-11-17,2023-11-17,"Hansard of November 17, 2023",https://www.parliament.lk/en/business-of-parliament/hansards,si-ta-en,https://www.parliament.lk/uploads/documents/hansard/1701515168057680.pdf,2023-11-17-2023-11-17-0005,5,si-ta-en,d6657f77ddc7eeb083d4e825c0edd0e4,3396,"මීට අාත ව්‍ ාික්, ඳණ්ඩද ාැිරතුාදශ ප්‍රධ්‍ද්්,ව්‍ශක් ක්‍රිකද්,ා ශව්‍් Colombo School of Business and Management"" ිරක් ආකත්ක ක්‍රි ට් ්ාව්‍කධ්‍්කට ්හ උපදක ාදකග ව්‍ැඩිිරයුණු ිරීමා ශව්‍නුශව්‍් ියදු ් කා ව්‍ැඩ්ටහ්ට අාදළව්‍ පළ ළ ්ා ල්ප පත්‍රි දව්‍කු්, ිරශඳ්ව්‍ද. ාා ක්, ාගර* ්ව්‍ද.

ගරු ාද්දක තුාිර පදකලිශ ්තුශය ද ්ාදව්‍ ්ාදපිර ධු ක ්ඳහද ඔඳතුාදට ඳකක පිිප්ාද ිරශඳ් ිර්ද ා මිටුව්‍ක ්ාදපිරව්‍රු්ශ හැියීමා ් ඳ්ධ්‍ශක් ඔඳතුාදට්, ව්‍ගකීාක් ිරශඳ්ව්‍ද. ද ්ාදව්‍ ්ාදපිරව්‍ කද ශක් ාද්දක ව්‍ කදට ඳකතක පව්‍ ද ඇිර ඳැවි් ඔවු්ශ ටයුතු ිරකදා්ක ිරීමශ ව්‍ගකීා ගරු ාද්දක තුාද ්තුව්‍ ිරශඳ්ව්‍ද.

777 778

————————— * පු නරකාලන රබා ඇර. * நூனிமலயத்தில் மவக்கப்பட்டுள்ளது. * Placed in the Library.

[ගරු ප්‍ර්්් ණතුාග ාහතද]

202] ශ්ොව්‍ැ ඳක 17

්මු්, අව්‍ද්්දව්‍ ට ව්‍දශ අපට ශපශ්්ශ් ්ැහැ ව්‍දශ ිරකදා්ක ට ඔඳතුාද ්ාදපිරව්‍රු් කක් ් ඳව්‍ක්. අඩුා ත මි් ශ මිටුව්‍ක ්ාදපිර්,ව්‍ක ා ් පුශගකක්ට ්දාද්ය ාදවිතශය්දී ියදු ් ් ක හ්ථත ්ාාදව්‍ක අකාකව්‍්, දගැ්වීා ගරු ාද්දක තුාද ්තු ව්‍ගකීාක් හැස්කට ාා ශ අව්‍්ථාදශය ියහිප්, ්් ැාැිරයි.

ගරු ාද්දක තුාිර විශ ේෂශක්ා ශාා රුණු ගැ්්, ව්‍දශ ා ශ්‍රී කා ද ක්‍රි ට් ආකත්ක ගැ්්, පාණක් ශ්ොශව්‍යි COPE ශක් ්ාදපිර ගරු ාහදචදකක ාික්, ඳණ්ඩද ාහතදශ ක්‍රිකද කදපක පිිබඳඳව්‍්, ශඳොශහොා ඳ පතළ ප්‍ර ද කක් ශ්‍රී කා ද විගණ් ශ්ේව්‍ද ්ාගාක විිය් යශය් ව්‍ද ඇිර ලිපිශය් පැහැිරලිව්‍ ්ඳහ් ිරශඳ්ව්‍ද. ගරු ාද්දක තුාිර ශ්‍රී කා ද විගණ් ශ්ේව්‍ද ්ාගාක විිය් ව්‍ද ිරශඳ් ා ලිපික ාා ාගර* ්ව්‍ද.","මීට අාත ව්‍ ාික්, ඳණ්ඩද ාැිරතුාදශ ප්‍රධ්‍ද්්,ව්‍ශක් ක්‍රිකද්,ා ශව්‍් Colombo School of Business and Management"" ිරක් ආකත්ක ක්‍රි ට් ්ාව්‍කධ්‍්කට ්හ උපදක ාදකග ව්‍ැඩිිරයුණු ිරීමා ශව්‍නුශව්‍් ියදු ් කා ව්‍ැඩ්ටහ්ට අාදළව්‍ පළ ළ ්ා ල්ප පත්‍රි දව්‍කු්, ිරශඳ්ව්‍ද. ාා ක්, ාගර* ්ව්‍ද.

ගරු ාද්දක තුාිර පදකලිශ ්තුශය ද ්ාදව්‍ ්ාදපිර ධු ක ්ඳහද ඔඳතුාදට ඳකක පිිප්ාද ිරශඳ් ිර්ද ා මිටුව්‍ක ්ාදපිරව්‍රු්ශ හැියීමා ් ඳ්ධ්‍ශක් ඔඳතුාදට්, ව්‍ගකීාක් ිරශඳ්ව්‍ද. ද ්ාදව්‍ ්ාදපිරව්‍ කද ශක් ාද්දක ව්‍ කදට ඳකතක පව්‍ ද ඇිර ඳැවි් ඔවු්ශ ටයුතු ිරකදා්ක ිරීමශ ව්‍ගකීා ගරු ාද්දක තුාද ්තුව්‍ ිරශඳ්ව්‍ද.

777 778

————————— * පු නරකාලන රබා ඇර. * நூனிமலயத்தில் மவக்கப்பட்டுள்ளது. * Placed in the Library.

[ගරු ප්‍ර්්් ණතුාග ාහතද]

202] ශ්ොව්‍ැ ඳක 17

්මු්, අව්‍ද්්දව්‍ ට ව්‍දශ අපට ශපශ්්ශ් ්ැහැ ව්‍දශ ිරකදා්ක ට ඔඳතුාද ්ාදපිරව්‍රු් කක් ් ඳව්‍ක්. අඩුා ත මි් ශ මිටුව්‍ක ්ාදපිර්,ව්‍ක ා ් පුශගකක්ට ්දාද්ය ාදවිතශය්දී ියදු ් ් ක හ්ථත ්ාාදව්‍ක අකාකව්‍්, දගැ්වීා ගරු ාද්දක තුාද ්තු ව්‍ගකීාක් හැස්කට ාා ශ අව්‍්ථාදශය ියහිප්, ්් ැාැිරයි.

ගරු ාද්දක තුාිර විශ ේෂශක්ා ශාා රුණු ගැ්්, ව්‍දශ ා ශ්‍රී කා ද ක්‍රි ට් ආකත්ක ගැ්්, පාණක් ශ්ොශව්‍යි COPE ශක් ්ාදපිර ගරු ාහදචදකක ාික්, ඳණ්ඩද ාහතදශ ක්‍රිකද කදපක පිිබඳඳව්‍්, ශඳොශහොා ඳ පතළ ප්‍ර ද කක් ශ්‍රී කා ද විගණ් ශ්ේව්‍ද ්ාගාක විිය් යශය් ව්‍ද ඇිර ලිපිශය් පැහැිරලිව්‍ ්ඳහ් ිරශඳ්ව්‍ද. ගරු ාද්දක තුාිර ශ්‍රී කා ද විගණ් ශ්ේව්‍ද ්ාගාක විිය් ව්‍ද ිරශඳ් ා ලිපික ාා ාගර* ්ව්‍ද.","මීට අාත ව්‍ ාික්, ඳණ්ඩද ාැිරතුාදශ ප්‍රධ්‍ද්්,ව්‍ශක් ක්‍රිකද්,ා ශව්‍් Colombo School of Business and ",2023-11-17,2023-11-17-2023-11-17,"මීට අාත ව්‍ ාික්, ඳණ්ඩද ාැිරතුාදශ ප්‍රධ්‍ද්්,ව්‍ශක් ක්‍රිකද්,ා ශව්‍් Colombo School of Business and Management"" ිරක් ආකත්ක ක්‍රි ට් ්ාව්‍කධ්‍්කට ්හ උපදක ාදකග ව්‍ැඩිිරයුණු ිරීමා ශව්‍නුශව්‍් ියදු ් කා ව්‍ැඩ්ටහ්ට අාදළව්‍ පළ ළ ්ා ල්ප පත්‍රි දව්‍කු්, ිරශඳ්ව්‍ද. ාා ක්, ාගර* ්ව්‍ද.

ගරු ාද්දක තුාිර පදකලිශ ්තුශය ද ්ාදව්‍ ්ාදපිර ධු ක ්ඳහද ඔඳතුාදට ඳකක පිිප්ාද ිරශඳ් ිර්ද ා මිටුව්‍ක ්ාදපිරව්‍රු්ශ හැියීමා ් ඳ්ධ්‍ශක් ඔඳතුාදට්, ව්‍ගකීාක් ිරශඳ්ව්‍ද. ද ්ාදව්‍ ්ාදපිරව්‍ කද ශක් ාද්දක ව්‍ කදට ඳකතක පව්‍ ද ඇිර ඳැවි් ඔවු්ශ ටයුතු ිරකදා්ක ිරීමශ ව්‍ගකීා ගරු ාද්දක තුාද ්තුව්‍ ිරශඳ්ව්‍ද.

777 778

————————— * පු නරකාලන රබා ඇර. * நூனிமலயத்தில் மவக்கப்பட்டுள்ளது. * Placed in the Library.

[ගරු ප්‍ර්්් ණතුාග ාහතද]

202] ශ්ොව්‍ැ ඳක 17

්මු්, අව්‍ද්්දව්‍ ට ව්‍දශ අපට ශපශ්්ශ් ්ැහැ ව්‍දශ ිරකදා්ක ට ඔඳතුාද ්ාදපිරව්‍රු් කක් ් ඳව්‍ක්. අඩුා ත මි් ශ මිටුව්‍ක ්ාදපිර්,ව්‍ක ා ් පුශගකක්ට ්දාද්ය ාදවිතශය්දී ියදු ් ් ක හ්ථත ්ාාදව්‍ක අකාකව්‍්, දගැ්වීා ගරු ාද්දක තුාද ්තු ව්‍ගකීාක් හැස්කට ාා ශ අව්‍්ථාදශය ියහිප්, ්් ැාැිරයි.

ගරු ාද්දක තුාිර විශ ේෂශක්ා ශාා රුණු ගැ්්, ව්‍දශ ා ශ්‍රී කා ද ක්‍රි ට් ආකත්ක ගැ්්, පාණක් ශ්ොශව්‍යි COPE ශක් ්ාදපිර ගරු ාහදචදකක ාික්, ඳණ්ඩද ාහතදශ ක්‍රිකද කදපක පිිබඳඳව්‍්, ශඳොශහොා ඳ පතළ ප්‍ර ද කක් ශ්‍රී කා ද විගණ් ශ්ේව්‍ද ්ාගාක විිය් යශය් ව්‍ද ඇිර ලිපිශය් පැහැිරලිව්‍ ්ඳහ් ිරශඳ්ව්‍ද. ගරු ාද්දක තුාිර ශ්‍රී කා ද විගණ් ශ්ේව්‍ද ්ාගාක විිය් ව්‍ද ිරශඳ් ා ලිපික ාා ාගර* ්ව්‍ද.",hansard,1.0,1
lk_hansard_2020s,2023-11-17-2023-11-17,2023-11-17,2023-11-17,"Hansard of November 17, 2023",https://www.parliament.lk/en/business-of-parliament/hansards,si-ta-en,https://www.parliament.lk/uploads/documents/hansard/1701515168057680.pdf,2023-11-17-2023-11-17-0006,6,si-ta-en,03f56c9ead34c1143eb0fe346eea4444,5068,"ගරු ාද්දක තුාිර විශ ේෂශක්ා ශාා රුණු ගැ්්, ව්‍දශ ා ශ්‍රී කා ද ක්‍රි ට් ආකත්ක ගැ්්, පාණක් ශ්ොශව්‍යි COPE ශක් ්ාදපිර ගරු ාහදචදකක ාික්, ඳණ්ඩද ාහතදශ ක්‍රිකද කදපක පිිබඳඳව්‍්, ශඳොශහොා ඳ පතළ ප්‍ර ද කක් ශ්‍රී කා ද විගණ් ශ්ේව්‍ද ්ාගාක විිය් යශය් ව්‍ද ඇිර ලිපිශය් පැහැිරලිව්‍ ්ඳහ් ිරශඳ්ව්‍ද. ගරු ාද්දක තුාිර ශ්‍රී කා ද විගණ් ශ්ේව්‍ද ්ාගාක විිය් ව්‍ද ිරශඳ් ා ලිපික ාා ාගර* ්ව්‍ද.

ගරු ාද්දක තුාිර ව්‍දශ ා ාා ිරක්් ැාැිරයි ආණ්ඩුක්‍රා ව්‍යව්‍්ථාදශය 148ව්‍ැිර ව්‍යව්‍්ථාදව්‍ ාින් පදකලිශ ්තුව්‍ ශව්‍ත පැව්‍ීම ඇිර දනය මූකය පදක්ක පිිබඳඳව්‍ ඳ පතළ ගැටලුව්‍ක් ිරශඳ් ඳව්‍.

ගරු ාද්දක තුාිර ශ ද ණක්, ඔඳතුාදශ අව්‍ධ්‍ද්කට ශකොමු ්් ාා ැාැිරයි. අා ්ව්‍් 1.00ට COPE ශක් ්දාදික ක්ට පාණක් හදීිය ස්්ථවීාක් ැඳව්‍ද ිරශඳ්ව්‍ද. අා ියකු දාද ාව්‍්ක්. ද්ථකද ආගමි ඳැිරාතු් ආගමි ටයුතුව්‍ක ිර ත ව්‍් ශව්‍කදව්‍ තායි ශාා ස්්ථවීා ැඳව්‍ද ිරශඳ්ශ්. ාා ාතක් ්් ැාැිරයි ්ථ. . ාිපක් දක වුෆථ හකී ක් විපක්ෂක ිරශකෝන්ක ් ා්ත්‍රීව්‍රු්ට ශ ස්්ථවීාට ්හාදක ශව්‍්් ඳැිප ශව්‍් ආ ද කට හිපකටා

ආගමි ටයුතුව්‍ක ිර ත ව්‍් ශව්‍කදව්‍ට COPE ශක් ්දාදික ක් අත ශ ්ද ච්ඡදව්‍ ැඳව්‍ද ිරශඳ් ඳව්‍. ශහා ්ශ් ශ ොශහොාා? ් පූකණශක්ා ව්‍ැ ිරයි. ගරු ාද්දක තුාිර

[මූලා නන අත පරිදි නවත් කරන ලදී.] [அக்கிரொசனக் கட்டமளப்படி அகற்றப்பட்டுள்ளது] [Expunged on the order of the Chair.]

හැියශ ්ව්‍ද. ව්‍ැ ිරයි. ගරු ාද්දක තුාිර පිිබඳඳව්‍ ඔඳතුාද ක ිරිය ක්‍රිකදාදකගකක් ග්්. ඔඳතුාද ඔඳතුාදශ ඳකක පදවිච්චි කද අා ්ව්‍් 1.00ට ිරශඳ් ස්්ථවීා ශව්‍්්ථ ්් ටයුතු ්්.

ගරු ාද්දක තුාිර ශ ්ාදපිරව්‍ කදශ ්ාදපිර්,ව්‍ක තුළ ශ්‍රී කා ද ක්‍රි ට් ආකත්ක පිිබඳඳව්‍ පැහැිරලි අපක්ෂපදතී පීමක්ෂණකක් විාක ්කක් ්් පුළුව්‍්ා ිරක් ගැ් ඳ පතළ ප්‍ර ථ්කක් ිරශඳ්ව්‍ද.

ව්‍දශ ා පද්ථකු ප්‍රහද ක පිිබඳඳව්‍්, අ ාදකථි ප්‍ර ථ්ක පිිබඳඳව්‍්, විශ ේෂ ද ්ාද ප්, ් ඳව්‍ ිරකකද ිරශඳ්ව්‍ද. ව්‍දශය් ්දාදික ක් හැස්කට ්ාහ අක ් කද්, ිරශඳ්ව්‍ද. ශරේෂථධදධි ණක ශඳොශහාදා ශහොඳ විාක ්කිර් ප්ථශ්ේ ආකථි ඝදත ශකෝ වුා ිරක් පිිබඳඳව්‍ හත ට ක් ව්‍ ශක් තී්දුව්‍ක් කඳද දීකද ිරශඳ්ව්‍ද. ඇ්,ත ව්‍ ශක්ා ආකථී ඝදත ක් ශ්වීාට ප්, ළ විශ ේෂ ද ්ාදශව්‍් ඇිර ඵකකු්, ්ැහැ. ාැ් දව්‍්, ්්. ශාො ා අ්ව්‍ ය මුාල් ්ද්ථිරකක්. ශාො ා ආකථි ඝදත ශකෝ වුා ිරක් ාැ් දිරිපප්, කද ිරශඳ්ව්‍ද.","ගරු ාද්දක තුාිර විශ ේෂශක්ා ශාා රුණු ගැ්්, ව්‍දශ ා ශ්‍රී කා ද ක්‍රි ට් ආකත්ක ගැ්්, පාණක් ශ්ොශව්‍යි COPE ශක් ්ාදපිර ගරු ාහදචදකක ාික්, ඳණ්ඩද ාහතදශ ක්‍රිකද කදපක පිිබඳඳව්‍්, ශඳොශහොා ඳ පතළ ප්‍ර ද කක් ශ්‍රී කා ද විගණ් ශ්ේව්‍ද ්ාගාක විිය් යශය් ව්‍ද ඇිර ලිපිශය් පැහැිරලිව්‍ ්ඳහ් ිරශඳ්ව්‍ද. ගරු ාද්දක තුාිර ශ්‍රී කා ද විගණ් ශ්ේව්‍ද ්ාගාක විිය් ව්‍ද ිරශඳ් ා ලිපික ාා ාගර* ්ව්‍ද.

ගරු ාද්දක තුාිර ව්‍දශ ා ාා ිරක්් ැාැිරයි ආණ්ඩුක්‍රා ව්‍යව්‍්ථාදශය 148ව්‍ැිර ව්‍යව්‍්ථාදව්‍ ාින් පදකලිශ ්තුව්‍ ශව්‍ත පැව්‍ීම ඇිර දනය මූකය පදක්ක පිිබඳඳව්‍ ඳ පතළ ගැටලුව්‍ක් ිරශඳ් ඳව්‍.

ගරු ාද්දක තුාිර ශ ද ණක්, ඔඳතුාදශ අව්‍ධ්‍ද්කට ශකොමු ්් ාා ැාැිරයි. අා ්ව්‍් 1.00ට COPE ශක් ්දාදික ක්ට පාණක් හදීිය ස්්ථවීාක් ැඳව්‍ද ිරශඳ්ව්‍ද. අා ියකු දාද ාව්‍්ක්. ද්ථකද ආගමි ඳැිරාතු් ආගමි ටයුතුව්‍ක ිර ත ව්‍් ශව්‍කදව්‍ තායි ශාා ස්්ථවීා ැඳව්‍ද ිරශඳ්ශ්. ාා ාතක් ්් ැාැිරයි ්ථ. . ාිපක් දක වුෆථ හකී ක් විපක්ෂක ිරශකෝන්ක ් ා්ත්‍රීව්‍රු්ට ශ ස්්ථවීාට ්හාදක ශව්‍්් ඳැිප ශව්‍් ආ ද කට හිපකටා

ආගමි ටයුතුව්‍ක ිර ත ව්‍් ශව්‍කදව්‍ට COPE ශක් ්දාදික ක් අත ශ ්ද ච්ඡදව්‍ ැඳව්‍ද ිරශඳ් ඳව්‍. ශහා ්ශ් ශ ොශහොාා? ් පූකණශක්ා ව්‍ැ ිරයි. ගරු ාද්දක තුාිර

[මූලා නන අත පරිදි නවත් කරන ලදී.] [அக்கிரொசனக் கட்டமளப்படி அகற்றப்பட்டுள்ளது] [Expunged on the order of the Chair.]

හැියශ ්ව්‍ද. ව්‍ැ ිරයි. ගරු ාද්දක තුාිර පිිබඳඳව්‍ ඔඳතුාද ක ිරිය ක්‍රිකදාදකගකක් ග්්. ඔඳතුාද ඔඳතුාදශ ඳකක පදවිච්චි කද අා ්ව්‍් 1.00ට ිරශඳ් ස්්ථවීා ශව්‍්්ථ ්් ටයුතු ්්.

ගරු ාද්දක තුාිර ශ ්ාදපිරව්‍ කදශ ්ාදපිර්,ව්‍ක තුළ ශ්‍රී කා ද ක්‍රි ට් ආකත්ක පිිබඳඳව්‍ පැහැිරලි අපක්ෂපදතී පීමක්ෂණකක් විාක ්කක් ්් පුළුව්‍්ා ිරක් ගැ් ඳ පතළ ප්‍ර ථ්කක් ිරශඳ්ව්‍ද.

ව්‍දශ ා පද්ථකු ප්‍රහද ක පිිබඳඳව්‍්, අ ාදකථි ප්‍ර ථ්ක පිිබඳඳව්‍්, විශ ේෂ ද ්ාද ප්, ් ඳව්‍ ිරකකද ිරශඳ්ව්‍ද. ව්‍දශය් ්දාදික ක් හැස්කට ්ාහ අක ් කද්, ිරශඳ්ව්‍ද. ශරේෂථධදධි ණක ශඳොශහාදා ශහොඳ විාක ්කිර් ප්ථශ්ේ ආකථි ඝදත ශකෝ වුා ිරක් පිිබඳඳව්‍ හත ට ක් ව්‍ ශක් තී්දුව්‍ක් කඳද දීකද ිරශඳ්ව්‍ද. ඇ්,ත ව්‍ ශක්ා ආකථී ඝදත ක් ශ්වීාට ප්, ළ විශ ේෂ ද ්ාදශව්‍් ඇිර ඵකකු්, ්ැහැ. ාැ් දව්‍්, ්්. ශාො ා අ්ව්‍ ය මුාල් ්ද්ථිරකක්. ශාො ා ආකථි ඝදත ශකෝ වුා ිරක් ාැ් දිරිපප්, කද ිරශඳ්ව්‍ද.","ගරු ාද්දක තුාිර විශ ේෂශක්ා ශාා රුණු ගැ්්, ව්‍දශ ා ශ්‍රී කා ද ක්‍රි ට් ආකත්ක ගැ්්, පාණක් ශ්ොශව්‍යි CO",2023-11-17,2023-11-17-2023-11-17,"ගරු ාද්දක තුාිර විශ ේෂශක්ා ශාා රුණු ගැ්්, ව්‍දශ ා ශ්‍රී කා ද ක්‍රි ට් ආකත්ක ගැ්්, පාණක් ශ්ොශව්‍යි COPE ශක් ්ාදපිර ගරු ාහදචදකක ාික්, ඳණ්ඩද ාහතදශ ක්‍රිකද කදපක පිිබඳඳව්‍්, ශඳොශහොා ඳ පතළ ප්‍ර ද කක් ශ්‍රී කා ද විගණ් ශ්ේව්‍ද ්ාගාක විිය් යශය් ව්‍ද ඇිර ලිපිශය් පැහැිරලිව්‍ ්ඳහ් ිරශඳ්ව්‍ද. ගරු ාද්දක තුාිර ශ්‍රී කා ද විගණ් ශ්ේව්‍ද ්ාගාක විිය් ව්‍ද ිරශඳ් ා ලිපික ාා ාගර* ්ව්‍ද.

ගරු ාද්දක තුාිර ව්‍දශ ා ාා ිරක්් ැාැිරයි ආණ්ඩුක්‍රා ව්‍යව්‍්ථාදශය 148ව්‍ැිර ව්‍යව්‍්ථාදව්‍ ාින් පදකලිශ ්තුව්‍ ශව්‍ත පැව්‍ීම ඇිර දනය මූකය පදක්ක පිිබඳඳව්‍ ඳ පතළ ගැටලුව්‍ක් ිරශඳ් ඳව්‍.

ගරු ාද්දක තුාිර ශ ද ණක්, ඔඳතුාදශ අව්‍ධ්‍ද්කට ශකොමු ්් ාා ැාැිරයි. අා ්ව්‍් 1.00ට COPE ශක් ්දාදික ක්ට පාණක් හදීිය ස්්ථවීාක් ැඳව්‍ද ිරශඳ්ව්‍ද. අා ියකු දාද ාව්‍්ක්. ද්ථකද ආගමි ඳැිරාතු් ආගමි ටයුතුව්‍ක ිර ත ව්‍් ශව්‍කදව්‍ තායි ශාා ස්්ථවීා ැඳව්‍ද ිරශඳ්ශ්. ාා ාතක් ්් ැාැිරයි ්ථ. . ාිපක් දක වුෆථ හකී ක් විපක්ෂක ිරශකෝන්ක ් ා්ත්‍රීව්‍රු්ට ශ ස්්ථවීාට ්හාදක ශව්‍්් ඳැිප ශව්‍් ආ ද කට හිපකටා

ආගමි ටයුතුව්‍ක ිර ත ව්‍් ශව්‍කදව්‍ට COPE ශක් ්දාදික ක් අත ශ ්ද ච්ඡදව්‍ ැඳව්‍ද ිරශඳ් ඳව්‍. ශහා ්ශ් ශ ොශහොාා? ් පූකණශක්ා ව්‍ැ ිරයි. ගරු ාද්දක තුාිර

[මූලා නන අත පරිදි නවත් කරන ලදී.] [அக்கிரொசனக் கட்டமளப்படி அகற்றப்பட்டுள்ளது] [Expunged on the order of the Chair.]

හැියශ ්ව්‍ද. ව්‍ැ ිරයි. ගරු ාද්දක තුාිර පිිබඳඳව්‍ ඔඳතුාද ක ිරිය ක්‍රිකදාදකගකක් ග්්. ඔඳතුාද ඔඳතුාදශ ඳකක පදවිච්චි කද අා ්ව්‍් 1.00ට ිරශඳ් ස්්ථවීා ශව්‍්්ථ ්් ටයුතු ්්.

ගරු ාද්දක තුාිර ශ ්ාදපිරව්‍ කදශ ්ාදපිර්,ව්‍ක තුළ ශ්‍රී කා ද ක්‍රි ට් ආකත්ක පිිබඳඳව්‍ පැහැිරලි අපක්ෂපදතී පීමක්ෂණකක් විාක ්කක් ්් පුළුව්‍්ා ිරක් ගැ් ඳ පතළ ප්‍ර ථ්කක් ිරශඳ්ව්‍ද.

ව්‍දශ ා පද්ථකු ප්‍රහද ක පිිබඳඳව්‍්, අ ාදකථි ප්‍ර ථ්ක පිිබඳඳව්‍්, විශ ේෂ ද ්ාද ප්, ් ඳව්‍ ිරකකද ිරශඳ්ව්‍ද. ව්‍දශය් ්දාදික ක් හැස්කට ්ාහ අක ් කද්, ිරශඳ්ව්‍ද. ශරේෂථධදධි ණක ශඳොශහාදා ශහොඳ විාක ්කිර් ප්ථශ්ේ ආකථි ඝදත ශකෝ වුා ිරක් පිිබඳඳව්‍ හත ට ක් ව්‍ ශක් තී්දුව්‍ක් කඳද දීකද ිරශඳ්ව්‍ද. ඇ්,ත ව්‍ ශක්ා ආකථී ඝදත ක් ශ්වීාට ප්, ළ විශ ේෂ ද ්ාදශව්‍් ඇිර ඵකකු්, ්ැහැ. ාැ් දව්‍්, ්්. ශාො ා අ්ව්‍ ය මුාල් ්ද්ථිරකක්. ශාො ා ආකථි ඝදත ශකෝ වුා ිරක් ාැ් දිරිපප්, කද ිරශඳ්ව්‍ද.",hansard,1.0,1
lk_hansard_2020s,2023-11-17-2023-11-17,2023-11-17,2023-11-17,"Hansard of November 17, 2023",https://www.parliament.lk/en/business-of-parliament/hansards,si-ta-en,https://www.parliament.lk/uploads/documents/hansard/1701515168057680.pdf,2023-11-17-2023-11-17-0007,7,si-ta-en,ff5f8b3f91866f65ddcf0adf2cc61ce7,5049,"ව්‍දශ ා පද්ථකු ප්‍රහද ක පිිබඳඳව්‍්, අ ාදකථි ප්‍ර ථ්ක පිිබඳඳව්‍්, විශ ේෂ ද ්ාද ප්, ් ඳව්‍ ිරකකද ිරශඳ්ව්‍ද. ව්‍දශය් ්දාදික ක් හැස්කට ්ාහ අක ් කද්, ිරශඳ්ව්‍ද. ශරේෂථධදධි ණක ශඳොශහාදා ශහොඳ විාක ්කිර් ප්ථශ්ේ ආකථි ඝදත ශකෝ වුා ිරක් පිිබඳඳව්‍ හත ට ක් ව්‍ ශක් තී්දුව්‍ක් කඳද දීකද ිරශඳ්ව්‍ද. ඇ්,ත ව්‍ ශක්ා ආකථී ඝදත ක් ශ්වීාට ප්, ළ විශ ේෂ ද ්ාදශව්‍් ඇිර ඵකකු්, ්ැහැ. ාැ් දව්‍්, ්්. ශාො ා අ්ව්‍ ය මුාල් ්ද්ථිරකක්. ශාො ා ආකථි ඝදත ශකෝ වුා ිරක් ාැ් දිරිපප්, කද ිරශඳ්ව්‍ද.

ගරු ාද්දක තුාිර ශාව්‍ැිර ද ණදව්‍ ශාකයි. ශරේෂථධදධි ණක විිය් ශපශකාද කඳද දු් තී්දුශය ව්‍ැාග්, ා පිිබඳඳව්‍ ාා යශය් ්ඳහ් ළද.

ාහි්ා දනපක්ෂ ශගෝධදාක දනපක්ෂ ඳැියල් දනපක්ෂ පී.බී. නකජී්ා අික්, ිරව්‍දඩ් බ් දල් ඩබ්ලිය.ඩී. කක්ෂථා් ්ථ.ආක. ආස්ගක ඇතුළු අකව්‍ -මූකය ාණ්ඩකශය් ශාශාශ්ක් හැරුණුශ ොට- ශඳොශහොා පැහැිරලිව්‍ ශ ආකථි

779 780

————————— * පු නරකාලන රබා ඇර. * நூனிமலயத்தில் மவக்கப்பட்டுள்ளது. * Placed in the Library.

පදකලිශ ්තුව්‍

ඳාශ ොශකෝ,ාදව්‍ක ිරකාදණක පු ණ්ඩදකා හැස්කට ්ඳහ්ශ ොට ිරශඳ්ව්‍ද. ්ාක න් ්්ධ්‍ද්ශය් බුශධි ාණ්ඩපශය් ්දාදික ක් තු්ශාශ්ක් දිරිපප්, පු ශප්,්ා ට මූලි අයිිරව්‍දිය උල්කාඝ්ක ළදක ිරක් ද ණක ාතයි තී්දුව්‍ දීකද ිරශඳ්ශ්. ාැ් මුළු ශට්ා ශකොකු අව්‍ධ්‍ද්කක් ිරශඳ්ව්‍ද අශටි ට ශ විධිකට ව්‍ට්ටව්‍පු ඳාශ ොශකෝ, පු ණ්ඩදක ව්‍කට ිරිය පිකව්‍ ක් ශ්ොග්ශ් ඇයි ිරක් ද ණක ් ඳ්ධ්‍ශක්. ශ ශගොල්ක් කහිර් දිරිපකට ශ ආ ද කට ව්‍ැඩ ටයුතු ශග් ක්ව්‍දා? ිර්ද ශඳොශහෝශාශ්කුශ ශකෝන්දව්‍ක් ිරශඳ්ව්‍ද හිතදාතදා ට ඳාශ ොශකෝ,ාදව්‍කට කක් පු ශරේෂථධදධි ණශක් මූලි අයිිරව්‍දිය ඩ වුණද ිරකකද ඔටිපු පු අකට තව්‍දු ට්, තා්ශ ියවිල් අයිිරව්‍දිය කඳද දීා නුජීදුජීයි ිරකකද. [ඳදධ්‍ද ිරීමාක්] ගරු ාද්දක තුාිර ාශ ායික් ට ශාො ක්ා වුශණ්? පද ටා ායික් වි්්ධි වුණද.

ගරු ාද්දක තුාිර ාා විශ ේෂශක්ා ශ අව්‍්ථාදශයදී දල්ලීාක් ්ව්‍ද. ශරේෂථධදධි ණක විිය් මූලි අයිිරව්‍දිය ඩ ළදක ිරකපු ණ්ඩදකශ ප්‍රනද අයිිරක - civic rights- අශහෝිය ිරීමශ ක්‍රිකදව්‍ලික ආ ා ්්ට ිරශඳ්ශ් Special Presidential Commission ක් හ හද. ශක් ප්‍රිරපදා් පිිබඳඳව්‍ ාා යශය් ාශ ාදශයදී දිරිපප්, ළද. ්් පුළුව්‍් න්දධිපිරව්‍ කදට පාණයි. න්දධිපිරව්‍ කදට ක්‍රිකද ාදකගක ග්් ිරකකද අපි ශ අව්‍්ථාදශයදී ශට් කක්ෂ 220 න්තදව්‍ ශව්‍නුශව්‍් ශකෝන්ද ්ව්‍ද.","ව්‍දශ ා පද්ථකු ප්‍රහද ක පිිබඳඳව්‍්, අ ාදකථි ප්‍ර ථ්ක පිිබඳඳව්‍්, විශ ේෂ ද ්ාද ප්, ් ඳව්‍ ිරකකද ිරශඳ්ව්‍ද. ව්‍දශය් ්දාදික ක් හැස්කට ්ාහ අක ් කද්, ිරශඳ්ව්‍ද. ශරේෂථධදධි ණක ශඳොශහාදා ශහොඳ විාක ්කිර් ප්ථශ්ේ ආකථි ඝදත ශකෝ වුා ිරක් පිිබඳඳව්‍ හත ට ක් ව්‍ ශක් තී්දුව්‍ක් කඳද දීකද ිරශඳ්ව්‍ද. ඇ්,ත ව්‍ ශක්ා ආකථී ඝදත ක් ශ්වීාට ප්, ළ විශ ේෂ ද ්ාදශව්‍් ඇිර ඵකකු්, ්ැහැ. ාැ් දව්‍්, ්්. ශාො ා අ්ව්‍ ය මුාල් ්ද්ථිරකක්. ශාො ා ආකථි ඝදත ශකෝ වුා ිරක් ාැ් දිරිපප්, කද ිරශඳ්ව්‍ද.

ගරු ාද්දක තුාිර ශාව්‍ැිර ද ණදව්‍ ශාකයි. ශරේෂථධදධි ණක විිය් ශපශකාද කඳද දු් තී්දුශය ව්‍ැාග්, ා පිිබඳඳව්‍ ාා යශය් ්ඳහ් ළද.

ාහි්ා දනපක්ෂ ශගෝධදාක දනපක්ෂ ඳැියල් දනපක්ෂ පී.බී. නකජී්ා අික්, ිරව්‍දඩ් බ් දල් ඩබ්ලිය.ඩී. කක්ෂථා් ්ථ.ආක. ආස්ගක ඇතුළු අකව්‍ -මූකය ාණ්ඩකශය් ශාශාශ්ක් හැරුණුශ ොට- ශඳොශහොා පැහැිරලිව්‍ ශ ආකථි

779 780

————————— * පු නරකාලන රබා ඇර. * நூனிமலயத்தில் மவக்கப்பட்டுள்ளது. * Placed in the Library.

පදකලිශ ්තුව්‍

ඳාශ ොශකෝ,ාදව්‍ක ිරකාදණක පු ණ්ඩදකා හැස්කට ්ඳහ්ශ ොට ිරශඳ්ව්‍ද. ්ාක න් ්්ධ්‍ද්ශය් බුශධි ාණ්ඩපශය් ්දාදික ක් තු්ශාශ්ක් දිරිපප්, පු ශප්,්ා ට මූලි අයිිරව්‍දිය උල්කාඝ්ක ළදක ිරක් ද ණක ාතයි තී්දුව්‍ දීකද ිරශඳ්ශ්. ාැ් මුළු ශට්ා ශකොකු අව්‍ධ්‍ද්කක් ිරශඳ්ව්‍ද අශටි ට ශ විධිකට ව්‍ට්ටව්‍පු ඳාශ ොශකෝ, පු ණ්ඩදක ව්‍කට ිරිය පිකව්‍ ක් ශ්ොග්ශ් ඇයි ිරක් ද ණක ් ඳ්ධ්‍ශක්. ශ ශගොල්ක් කහිර් දිරිපකට ශ ආ ද කට ව්‍ැඩ ටයුතු ශග් ක්ව්‍දා? ිර්ද ශඳොශහෝශාශ්කුශ ශකෝන්දව්‍ක් ිරශඳ්ව්‍ද හිතදාතදා ට ඳාශ ොශකෝ,ාදව්‍කට කක් පු ශරේෂථධදධි ණශක් මූලි අයිිරව්‍දිය ඩ වුණද ිරකකද ඔටිපු පු අකට තව්‍දු ට්, තා්ශ ියවිල් අයිිරව්‍දිය කඳද දීා නුජීදුජීයි ිරකකද. [ඳදධ්‍ද ිරීමාක්] ගරු ාද්දක තුාිර ාශ ායික් ට ශාො ක්ා වුශණ්? පද ටා ායික් වි්්ධි වුණද.

ගරු ාද්දක තුාිර ාා විශ ේෂශක්ා ශ අව්‍්ථාදශයදී දල්ලීාක් ්ව්‍ද. ශරේෂථධදධි ණක විිය් මූලි අයිිරව්‍දිය ඩ ළදක ිරකපු ණ්ඩදකශ ප්‍රනද අයිිරක - civic rights- අශහෝිය ිරීමශ ක්‍රිකදව්‍ලික ආ ා ්්ට ිරශඳ්ශ් Special Presidential Commission ක් හ හද. ශක් ප්‍රිරපදා් පිිබඳඳව්‍ ාා යශය් ාශ ාදශයදී දිරිපප්, ළද. ්් පුළුව්‍් න්දධිපිරව්‍ කදට පාණයි. න්දධිපිරව්‍ කදට ක්‍රිකද ාදකගක ග්් ිරකකද අපි ශ අව්‍්ථාදශයදී ශට් කක්ෂ 220 න්තදව්‍ ශව්‍නුශව්‍් ශකෝන්ද ්ව්‍ද.","ව්‍දශ ා පද්ථකු ප්‍රහද ක පිිබඳඳව්‍්, අ ාදකථි ප්‍ර ථ්ක පිිබඳඳව්‍්, විශ ේෂ ද ්ාද ප්, ් ඳව්‍ ිරකකද ිරශඳ්",2023-11-17,2023-11-17-2023-11-17,"ව්‍දශ ා පද්ථකු ප්‍රහද ක පිිබඳඳව්‍්, අ ාදකථි ප්‍ර ථ්ක පිිබඳඳව්‍්, විශ ේෂ ද ්ාද ප්, ් ඳව්‍ ිරකකද ිරශඳ්ව්‍ද. ව්‍දශය් ්දාදික ක් හැස්කට ්ාහ අක ් කද්, ිරශඳ්ව්‍ද. ශරේෂථධදධි ණක ශඳොශහාදා ශහොඳ විාක ්කිර් ප්ථශ්ේ ආකථි ඝදත ශකෝ වුා ිරක් පිිබඳඳව්‍ හත ට ක් ව්‍ ශක් තී්දුව්‍ක් කඳද දීකද ිරශඳ්ව්‍ද. ඇ්,ත ව්‍ ශක්ා ආකථී ඝදත ක් ශ්වීාට ප්, ළ විශ ේෂ ද ්ාදශව්‍් ඇිර ඵකකු්, ්ැහැ. ාැ් දව්‍්, ්්. ශාො ා අ්ව්‍ ය මුාල් ්ද්ථිරකක්. ශාො ා ආකථි ඝදත ශකෝ වුා ිරක් ාැ් දිරිපප්, කද ිරශඳ්ව්‍ද.

ගරු ාද්දක තුාිර ශාව්‍ැිර ද ණදව්‍ ශාකයි. ශරේෂථධදධි ණක විිය් ශපශකාද කඳද දු් තී්දුශය ව්‍ැාග්, ා පිිබඳඳව්‍ ාා යශය් ්ඳහ් ළද.

ාහි්ා දනපක්ෂ ශගෝධදාක දනපක්ෂ ඳැියල් දනපක්ෂ පී.බී. නකජී්ා අික්, ිරව්‍දඩ් බ් දල් ඩබ්ලිය.ඩී. කක්ෂථා් ්ථ.ආක. ආස්ගක ඇතුළු අකව්‍ -මූකය ාණ්ඩකශය් ශාශාශ්ක් හැරුණුශ ොට- ශඳොශහොා පැහැිරලිව්‍ ශ ආකථි

779 780

————————— * පු නරකාලන රබා ඇර. * நூனிமலயத்தில் மவக்கப்பட்டுள்ளது. * Placed in the Library.

පදකලිශ ්තුව්‍

ඳාශ ොශකෝ,ාදව්‍ක ිරකාදණක පු ණ්ඩදකා හැස්කට ්ඳහ්ශ ොට ිරශඳ්ව්‍ද. ්ාක න් ්්ධ්‍ද්ශය් බුශධි ාණ්ඩපශය් ්දාදික ක් තු්ශාශ්ක් දිරිපප්, පු ශප්,්ා ට මූලි අයිිරව්‍දිය උල්කාඝ්ක ළදක ිරක් ද ණක ාතයි තී්දුව්‍ දීකද ිරශඳ්ශ්. ාැ් මුළු ශට්ා ශකොකු අව්‍ධ්‍ද්කක් ිරශඳ්ව්‍ද අශටි ට ශ විධිකට ව්‍ට්ටව්‍පු ඳාශ ොශකෝ, පු ණ්ඩදක ව්‍කට ිරිය පිකව්‍ ක් ශ්ොග්ශ් ඇයි ිරක් ද ණක ් ඳ්ධ්‍ශක්. ශ ශගොල්ක් කහිර් දිරිපකට ශ ආ ද කට ව්‍ැඩ ටයුතු ශග් ක්ව්‍දා? ිර්ද ශඳොශහෝශාශ්කුශ ශකෝන්දව්‍ක් ිරශඳ්ව්‍ද හිතදාතදා ට ඳාශ ොශකෝ,ාදව්‍කට කක් පු ශරේෂථධදධි ණශක් මූලි අයිිරව්‍දිය ඩ වුණද ිරකකද ඔටිපු පු අකට තව්‍දු ට්, තා්ශ ියවිල් අයිිරව්‍දිය කඳද දීා නුජීදුජීයි ිරකකද. [ඳදධ්‍ද ිරීමාක්] ගරු ාද්දක තුාිර ාශ ායික් ට ශාො ක්ා වුශණ්? පද ටා ායික් වි්්ධි වුණද.

ගරු ාද්දක තුාිර ාා විශ ේෂශක්ා ශ අව්‍්ථාදශයදී දල්ලීාක් ්ව්‍ද. ශරේෂථධදධි ණක විිය් මූලි අයිිරව්‍දිය ඩ ළදක ිරකපු ණ්ඩදකශ ප්‍රනද අයිිරක - civic rights- අශහෝිය ිරීමශ ක්‍රිකදව්‍ලික ආ ා ්්ට ිරශඳ්ශ් Special Presidential Commission ක් හ හද. ශක් ප්‍රිරපදා් පිිබඳඳව්‍ ාා යශය් ාශ ාදශයදී දිරිපප්, ළද. ්් පුළුව්‍් න්දධිපිරව්‍ කදට පාණයි. න්දධිපිරව්‍ කදට ක්‍රිකද ාදකගක ග්් ිරකකද අපි ශ අව්‍්ථාදශයදී ශට් කක්ෂ 220 න්තදව්‍ ශව්‍නුශව්‍් ශකෝන්ද ්ව්‍ද.",hansard,1.0,1
lk_hansard_2020s,2023-11-17-2023-11-17,2023-11-17,2023-11-17,"Hansard of November 17, 2023",https://www.parliament.lk/en/business-of-parliament/hansards,si-ta-en,https://www.parliament.lk/uploads/documents/hansard/1701515168057680.pdf,2023-11-17-2023-11-17-0008,8,si-ta-en,4eb97348ad50f3a10d845fe0f3cfcfae,4767,"ගරු ාද්දක තුාිර ාා විශ ේෂශක්ා ශ අව්‍්ථාදශයදී දල්ලීාක් ්ව්‍ද. ශරේෂථධදධි ණක විිය් මූලි අයිිරව්‍දිය ඩ ළදක ිරකපු ණ්ඩදකශ ප්‍රනද අයිිරක - civic rights- අශහෝිය ිරීමශ ක්‍රිකදව්‍ලික ආ ා ්්ට ිරශඳ්ශ් Special Presidential Commission ක් හ හද. ශක් ප්‍රිරපදා් පිිබඳඳව්‍ ාා යශය් ාශ ාදශයදී දිරිපප්, ළද. ්් පුළුව්‍් න්දධිපිරව්‍ කදට පාණයි. න්දධිපිරව්‍ කදට ක්‍රිකද ාදකගක ග්් ිරකකද අපි ශ අව්‍්ථාදශයදී ශට් කක්ෂ 220 න්තදව්‍ ශව්‍නුශව්‍් ශකෝන්ද ්ව්‍ද.

ගු නදාර්ය) බ් ෂ්ල ගුතවර්නන හරා ප්‍රවාහන හා හා ාර්ග අ ාර‍ හ ජන ාන‍ අ ාර‍ුර ා) (ைொண்புைிகு (கலொநிதி) பந்துல குணவர்தன - மபொக்குவரத்து ைற்றும் தநடுஞ்சொமலகள் அமைச்சரும் தவகுசன ஊடக அமைச்சரும்) (The Hon. (Dr.) Bandula Gunawardana - Minister of Transport and Highways and Minister of Mass Media) Sir, I rise to a point of Order.

ගරු ාද්දක තුාිර ගරු විපක්ෂ ්දක තුාද ඔඳතුාදශ අව්‍ධ්‍ද්ක ශකොමු පු ශරේෂථධදධි ණශය් තී්දුව්‍ පිිබඳඳව්‍ නක ශව්‍නුශව්‍නු්, පදකලිශ ්තුව්‍ ශව්‍නුශව්‍නු්, ව්‍ච් ිරහිපකක් ිරක්් ාට අව්‍් ශා්්. ශ ශට් මූලි නීිරක ව්‍් ආණ්ඩුක්‍රා ව්‍යව්‍්ථාදශය 148ව්‍් ව්‍යව්‍්ථාදව්‍ අනුව්‍ ශට් මුාල් පිිබඳඳ ් පූකණ ඳකක ිරශඳ්ශ් ශ ගරු ්ාදව්‍ටයි. මූකය ප්‍රිරප්,ිර ක්‍රිකද්,ා ිරීමා පිිබඳඳ ශ ගරු ්ාදව්‍ විිය් ් ාත ශානු කඳ් නීිර අනුව්‍ තායි මූලි ප්‍රිරප්,ිර තී්දු තී ක් ව්‍් ශ්‍රී කා ද ාහ ඳැාකුව්‍්, මුාල් අාදතයදා ක්, ටයුතු ්ශ්. ඔවු් විිය් කඳද ශා් උපශා්ථ ා ශප්වී හද ් ්ථ කද ශා් ව්‍ැඩ පිිබශව්‍ළ මි්ක් ශව්‍් ිරියා ව්‍ැඩ පිිබශව්‍ළක් අනුව්‍ ශ ශට් ව්‍ න්දධිපිරව්‍ ශකකු ශහෝ ව්‍ මුාල් අාදතයව්‍ ශකකු ශහෝ ක්‍රිකද කද ්ැහැ. ිර්ද ශ පිිබඳඳ පදකලිශ ්තුව්‍ ශ ශ්ේා ක්‍රිකද ්ශ් ිරක් ගැ් අපි

විිය් ඳකක පැව්‍ීමශා් පජී අක විිය් ් ්ථ ශා් ශශ හැ ශව්‍් ශාකක් ශ ගරු ්ාදව්‍ට ්් පුළුව්‍්ා ඳැිපා ිරක් වි දක ප්‍ර ථ්දකාකක් ට හමුශය ිරශඳ්ව්‍ද. ාා උාදහ ණකක් ්ඳහ් ්් ැාැිරයි. ශ ගරු ්ාදව්‍ විිය් ආකථි ක ඩද ව්‍ැ තා ශහෝ පැව්‍ැ්,ා ් ඳ්ධ්‍ශක් වූ මූකය ප්‍රිරප්,ිරක පිිබඳඳ පූකණ ඳකක ශ්‍රී කා ද ාහ ඳැාකුව්‍ට පව්‍ ද දීකද ිරශඳ්ව්‍ද.

2023 අා 16 ා ් ශ්‍රී කා ද ාහ ඳැාකු ප්ත අනුව්‍ ශ රුණු පිිබඳඳ ඳකක ිරශඳ්ශ් ශ්‍රී කා ද ාහ ඳැාකුව්‍ට. ා ප්ශ්, 7 (1) ව්‍ග්ිරක කටශ්, ශාශ්ේ ්ඳහ් ව්‍්ව්‍ද","ගරු ාද්දක තුාිර ාා විශ ේෂශක්ා ශ අව්‍්ථාදශයදී දල්ලීාක් ්ව්‍ද. ශරේෂථධදධි ණක විිය් මූලි අයිිරව්‍දිය ඩ ළදක ිරකපු ණ්ඩදකශ ප්‍රනද අයිිරක - civic rights- අශහෝිය ිරීමශ ක්‍රිකදව්‍ලික ආ ා ්්ට ිරශඳ්ශ් Special Presidential Commission ක් හ හද. ශක් ප්‍රිරපදා් පිිබඳඳව්‍ ාා යශය් ාශ ාදශයදී දිරිපප්, ළද. ්් පුළුව්‍් න්දධිපිරව්‍ කදට පාණයි. න්දධිපිරව්‍ කදට ක්‍රිකද ාදකගක ග්් ිරකකද අපි ශ අව්‍්ථාදශයදී ශට් කක්ෂ 220 න්තදව්‍ ශව්‍නුශව්‍් ශකෝන්ද ්ව්‍ද.

ගු නදාර්ය) බ් ෂ්ල ගුතවර්නන හරා ප්‍රවාහන හා හා ාර්ග අ ාර‍ හ ජන ාන‍ අ ාර‍ුර ා) (ைொண்புைிகு (கலொநிதி) பந்துல குணவர்தன - மபொக்குவரத்து ைற்றும் தநடுஞ்சொமலகள் அமைச்சரும் தவகுசன ஊடக அமைச்சரும்) (The Hon. (Dr.) Bandula Gunawardana - Minister of Transport and Highways and Minister of Mass Media) Sir, I rise to a point of Order.

ගරු ාද්දක තුාිර ගරු විපක්ෂ ්දක තුාද ඔඳතුාදශ අව්‍ධ්‍ද්ක ශකොමු පු ශරේෂථධදධි ණශය් තී්දුව්‍ පිිබඳඳව්‍ නක ශව්‍නුශව්‍නු්, පදකලිශ ්තුව්‍ ශව්‍නුශව්‍නු්, ව්‍ච් ිරහිපකක් ිරක්් ාට අව්‍් ශා්්. ශ ශට් මූලි නීිරක ව්‍් ආණ්ඩුක්‍රා ව්‍යව්‍්ථාදශය 148ව්‍් ව්‍යව්‍්ථාදව්‍ අනුව්‍ ශට් මුාල් පිිබඳඳ ් පූකණ ඳකක ිරශඳ්ශ් ශ ගරු ්ාදව්‍ටයි. මූකය ප්‍රිරප්,ිර ක්‍රිකද්,ා ිරීමා පිිබඳඳ ශ ගරු ්ාදව්‍ විිය් ් ාත ශානු කඳ් නීිර අනුව්‍ තායි මූලි ප්‍රිරප්,ිර තී්දු තී ක් ව්‍් ශ්‍රී කා ද ාහ ඳැාකුව්‍්, මුාල් අාදතයදා ක්, ටයුතු ්ශ්. ඔවු් විිය් කඳද ශා් උපශා්ථ ා ශප්වී හද ් ්ථ කද ශා් ව්‍ැඩ පිිබශව්‍ළ මි්ක් ශව්‍් ිරියා ව්‍ැඩ පිිබශව්‍ළක් අනුව්‍ ශ ශට් ව්‍ න්දධිපිරව්‍ ශකකු ශහෝ ව්‍ මුාල් අාදතයව්‍ ශකකු ශහෝ ක්‍රිකද කද ්ැහැ. ිර්ද ශ පිිබඳඳ පදකලිශ ්තුව්‍ ශ ශ්ේා ක්‍රිකද ්ශ් ිරක් ගැ් අපි

විිය් ඳකක පැව්‍ීමශා් පජී අක විිය් ් ්ථ ශා් ශශ හැ ශව්‍් ශාකක් ශ ගරු ්ාදව්‍ට ්් පුළුව්‍්ා ඳැිපා ිරක් වි දක ප්‍ර ථ්දකාකක් ට හමුශය ිරශඳ්ව්‍ද. ාා උාදහ ණකක් ්ඳහ් ්් ැාැිරයි. ශ ගරු ්ාදව්‍ විිය් ආකථි ක ඩද ව්‍ැ තා ශහෝ පැව්‍ැ්,ා ් ඳ්ධ්‍ශක් වූ මූකය ප්‍රිරප්,ිරක පිිබඳඳ පූකණ ඳකක ශ්‍රී කා ද ාහ ඳැාකුව්‍ට පව්‍ ද දීකද ිරශඳ්ව්‍ද.

2023 අා 16 ා ් ශ්‍රී කා ද ාහ ඳැාකු ප්ත අනුව්‍ ශ රුණු පිිබඳඳ ඳකක ිරශඳ්ශ් ශ්‍රී කා ද ාහ ඳැාකුව්‍ට. ා ප්ශ්, 7 (1) ව්‍ග්ිරක කටශ්, ශාශ්ේ ්ඳහ් ව්‍්ව්‍ද",ගරු ාද්දක තුාිර ාා විශ ේෂශක්ා ශ අව්‍්ථාදශයදී දල්ලීාක් ්ව්‍ද. ශරේෂථධදධි ණක විිය් මූලි අයිිරව්‍දිය ඩ ළ,2023-11-17,2023-11-17-2023-11-17,"ගරු ාද්දක තුාිර ාා විශ ේෂශක්ා ශ අව්‍්ථාදශයදී දල්ලීාක් ්ව්‍ද. ශරේෂථධදධි ණක විිය් මූලි අයිිරව්‍දිය ඩ ළදක ිරකපු ණ්ඩදකශ ප්‍රනද අයිිරක - civic rights- අශහෝිය ිරීමශ ක්‍රිකදව්‍ලික ආ ා ්්ට ිරශඳ්ශ් Special Presidential Commission ක් හ හද. ශක් ප්‍රිරපදා් පිිබඳඳව්‍ ාා යශය් ාශ ාදශයදී දිරිපප්, ළද. ්් පුළුව්‍් න්දධිපිරව්‍ කදට පාණයි. න්දධිපිරව්‍ කදට ක්‍රිකද ාදකගක ග්් ිරකකද අපි ශ අව්‍්ථාදශයදී ශට් කක්ෂ 220 න්තදව්‍ ශව්‍නුශව්‍් ශකෝන්ද ්ව්‍ද.

ගු නදාර්ය) බ් ෂ්ල ගුතවර්නන හරා ප්‍රවාහන හා හා ාර්ග අ ාර‍ හ ජන ාන‍ අ ාර‍ුර ා) (ைொண்புைிகு (கலொநிதி) பந்துல குணவர்தன - மபொக்குவரத்து ைற்றும் தநடுஞ்சொமலகள் அமைச்சரும் தவகுசன ஊடக அமைச்சரும்) (The Hon. (Dr.) Bandula Gunawardana - Minister of Transport and Highways and Minister of Mass Media) Sir, I rise to a point of Order.

ගරු ාද්දක තුාිර ගරු විපක්ෂ ්දක තුාද ඔඳතුාදශ අව්‍ධ්‍ද්ක ශකොමු පු ශරේෂථධදධි ණශය් තී්දුව්‍ පිිබඳඳව්‍ නක ශව්‍නුශව්‍නු්, පදකලිශ ්තුව්‍ ශව්‍නුශව්‍නු්, ව්‍ච් ිරහිපකක් ිරක්් ාට අව්‍් ශා්්. ශ ශට් මූලි නීිරක ව්‍් ආණ්ඩුක්‍රා ව්‍යව්‍්ථාදශය 148ව්‍් ව්‍යව්‍්ථාදව්‍ අනුව්‍ ශට් මුාල් පිිබඳඳ ් පූකණ ඳකක ිරශඳ්ශ් ශ ගරු ්ාදව්‍ටයි. මූකය ප්‍රිරප්,ිර ක්‍රිකද්,ා ිරීමා පිිබඳඳ ශ ගරු ්ාදව්‍ විිය් ් ාත ශානු කඳ් නීිර අනුව්‍ තායි මූලි ප්‍රිරප්,ිර තී්දු තී ක් ව්‍් ශ්‍රී කා ද ාහ ඳැාකුව්‍්, මුාල් අාදතයදා ක්, ටයුතු ්ශ්. ඔවු් විිය් කඳද ශා් උපශා්ථ ා ශප්වී හද ් ්ථ කද ශා් ව්‍ැඩ පිිබශව්‍ළ මි්ක් ශව්‍් ිරියා ව්‍ැඩ පිිබශව්‍ළක් අනුව්‍ ශ ශට් ව්‍ න්දධිපිරව්‍ ශකකු ශහෝ ව්‍ මුාල් අාදතයව්‍ ශකකු ශහෝ ක්‍රිකද කද ්ැහැ. ිර්ද ශ පිිබඳඳ පදකලිශ ්තුව්‍ ශ ශ්ේා ක්‍රිකද ්ශ් ිරක් ගැ් අපි

විිය් ඳකක පැව්‍ීමශා් පජී අක විිය් ් ්ථ ශා් ශශ හැ ශව්‍් ශාකක් ශ ගරු ්ාදව්‍ට ්් පුළුව්‍්ා ඳැිපා ිරක් වි දක ප්‍ර ථ්දකාකක් ට හමුශය ිරශඳ්ව්‍ද. ාා උාදහ ණකක් ්ඳහ් ්් ැාැිරයි. ශ ගරු ්ාදව්‍ විිය් ආකථි ක ඩද ව්‍ැ තා ශහෝ පැව්‍ැ්,ා ් ඳ්ධ්‍ශක් වූ මූකය ප්‍රිරප්,ිරක පිිබඳඳ පූකණ ඳකක ශ්‍රී කා ද ාහ ඳැාකුව්‍ට පව්‍ ද දීකද ිරශඳ්ව්‍ද.

2023 අා 16 ා ් ශ්‍රී කා ද ාහ ඳැාකු ප්ත අනුව්‍ ශ රුණු පිිබඳඳ ඳකක ිරශඳ්ශ් ශ්‍රී කා ද ාහ ඳැාකුව්‍ට. ා ප්ශ්, 7 (1) ව්‍ග්ිරක කටශ්, ශාශ්ේ ්ඳහ් ව්‍්ව්‍ද",hansard,1.0,1
lk_hansard_2020s,2023-11-17-2023-11-17,2023-11-17,2023-11-17,"Hansard of November 17, 2023",https://www.parliament.lk/en/business-of-parliament/hansards,si-ta-en,https://www.parliament.lk/uploads/documents/hansard/1701515168057680.pdf,2023-11-17-2023-11-17-0009,9,si-ta-en,c66cd034dc072250c6eabc0d5b863d5d,4684,"විිය් ඳකක පැව්‍ීමශා් පජී අක විිය් ් ්ථ ශා් ශශ හැ ශව්‍් ශාකක් ශ ගරු ්ාදව්‍ට ්් පුළුව්‍්ා ඳැිපා ිරක් වි දක ප්‍ර ථ්දකාකක් ට හමුශය ිරශඳ්ව්‍ද. ාා උාදහ ණකක් ්ඳහ් ්් ැාැිරයි. ශ ගරු ්ාදව්‍ විිය් ආකථි ක ඩද ව්‍ැ තා ශහෝ පැව්‍ැ්,ා ් ඳ්ධ්‍ශක් වූ මූකය ප්‍රිරප්,ිරක පිිබඳඳ පූකණ ඳකක ශ්‍රී කා ද ාහ ඳැාකුව්‍ට පව්‍ ද දීකද ිරශඳ්ව්‍ද.

2023 අා 16 ා ් ශ්‍රී කා ද ාහ ඳැාකු ප්ත අනුව්‍ ශ රුණු පිිබඳඳ ඳකක ිරශඳ්ශ් ශ්‍රී කා ද ාහ ඳැාකුව්‍ට. ා ප්ශ්, 7 (1) ව්‍ග්ිරක කටශ්, ශාශ්ේ ්ඳහ් ව්‍්ව්‍ද

(ආ) විිරාක අනුපදත ප්‍රිරප්,ිරක තී ණක ිරීමා ්හ ක්‍රිකද්,ා ිරීමා;

(ඇ) ශ්‍රී කා දශය ිරක නදතය්ත ්ාචිත පව්‍්,ව්‍දශග් කදා ්හ ්ාචිතව්‍ක විචක්ෂණශීලී ්හ ඵකාදයී ළා්ද ණක ්හිර ිරීමා;

(ඈ) ශ්‍රී කා දශය ව්‍යව්‍හද මුාල් ිරකු්, ිරීමා ්හ ළා්ද ණක ිරීමා;

අපි හැාශා්දශ ා අශ්, ිරශඳ් ගනුශානු ්ඳහද ාදවිත ් මුාල් ශ ොළක පිිබඳඳ ් පූකණ ඳකක ිරශඳ්ශ් ශ්‍රී කා ද ාහ ඳැාකුව්‍ට. ්ඳහද ාහ ඳැාකුව්‍ට අනුල්කාඝනීක දධි දීම ඳකකක් හිමි කද ිරශඳ්ව්‍ද. ගැ් අපට ිබශය් ද්් පදක ථව්‍ක්ට ප්‍ර ථ්කක්ව්‍්, ් ්් ඳැහැ ිරකකද ශ ගරු ්ාදව්‍ නීිරකක් ශක් ් ාත කද ිරශඳ්ව්‍ද. ඳක්් ගරු ාද්දක තුාිර -

ගු නීියඥ ලතිකන ් ිරරිඇල්ල හරා (ைொண்புைிகு சட்டத்தரணி லக்ஷ்ைன் கிொிஎல்ல) (The Hon. Lakshman Kiriella, Attorney-at-Law) Sir, I rise to a point of Order. ගු නදාර්ය) බ් ෂ්ල ගුතවර්නන හරා (ைொண்புைிகு (கலொநிதி) பந்துல குணவர்தன) (The Hon. (Dr.) Bandula Gunawardana) රුණද කද ාට ශ ද ණක ිරක්් ශා්්ශ ෝ ගරු කක්ෂථා් ිරිපඇල්ක ා්ත්‍රීතුාිර. ඔඳතුා්කදට ඕ්න ත ිරක්් අව්‍්ථාදව්‍ ිරශඳ්ව්‍ද. ඇයි ාට ාද ්් දඩ ශා්ශ් ්ැ්,ශ්,?

ගු කථානායකුර ා (ைொண்புைிகு சபொநொயகர் அவர்கள்) (The Hon. Speaker) ගරු කක්ෂථා් ිරිපඇල්ක ා්ත්‍රීතුාිර ගරු ඇාිරතුාදශ ප්‍ර ද ක අව්‍්් ශව්‍්තුරු දිමමු.

ගු නීියඥ ලතිකන ් ිරරිඇල්ල හරා (ைொண்புைிகு சட்டத்தரணி லக்ஷ்ைன் கிொிஎல்ல) (The Hon. Lakshman Kiriella, Attorney-at-Law) Sir, I want to raise a point of Order.

ගු කථානායකුර ා (ைொண்புைிகு சபொநொயகர் அவர்கள்) (The Hon. Speaker) ගරු කක්ෂථා් ිරිපඇල්ක ා්ත්‍රීතුාද. ගු නදාර්ය) බ් ෂ්ල ගුතවර්නන හරා (ைொண்புைிகு (கலொநிதி) பந்துல குணவர்தன) (The Hon. (Dr.) Bandula Gunawardana) ගරු ාද්දක තුාිර ාායි point of Order ාතු ශළේ. ිර්ද ාට ිරක්් දඩ ශා්්.

781 782","විිය් ඳකක පැව්‍ීමශා් පජී අක විිය් ් ්ථ ශා් ශශ හැ ශව්‍් ශාකක් ශ ගරු ්ාදව්‍ට ්් පුළුව්‍්ා ඳැිපා ිරක් වි දක ප්‍ර ථ්දකාකක් ට හමුශය ිරශඳ්ව්‍ද. ාා උාදහ ණකක් ්ඳහ් ්් ැාැිරයි. ශ ගරු ්ාදව්‍ විිය් ආකථි ක ඩද ව්‍ැ තා ශහෝ පැව්‍ැ්,ා ් ඳ්ධ්‍ශක් වූ මූකය ප්‍රිරප්,ිරක පිිබඳඳ පූකණ ඳකක ශ්‍රී කා ද ාහ ඳැාකුව්‍ට පව්‍ ද දීකද ිරශඳ්ව්‍ද.

2023 අා 16 ා ් ශ්‍රී කා ද ාහ ඳැාකු ප්ත අනුව්‍ ශ රුණු පිිබඳඳ ඳකක ිරශඳ්ශ් ශ්‍රී කා ද ාහ ඳැාකුව්‍ට. ා ප්ශ්, 7 (1) ව්‍ග්ිරක කටශ්, ශාශ්ේ ්ඳහ් ව්‍්ව්‍ද

(ආ) විිරාක අනුපදත ප්‍රිරප්,ිරක තී ණක ිරීමා ්හ ක්‍රිකද්,ා ිරීමා;

(ඇ) ශ්‍රී කා දශය ිරක නදතය්ත ්ාචිත පව්‍්,ව්‍දශග් කදා ්හ ්ාචිතව්‍ක විචක්ෂණශීලී ්හ ඵකාදයී ළා්ද ණක ්හිර ිරීමා;

(ඈ) ශ්‍රී කා දශය ව්‍යව්‍හද මුාල් ිරකු්, ිරීමා ්හ ළා්ද ණක ිරීමා;

අපි හැාශා්දශ ා අශ්, ිරශඳ් ගනුශානු ්ඳහද ාදවිත ් මුාල් ශ ොළක පිිබඳඳ ් පූකණ ඳකක ිරශඳ්ශ් ශ්‍රී කා ද ාහ ඳැාකුව්‍ට. ්ඳහද ාහ ඳැාකුව්‍ට අනුල්කාඝනීක දධි දීම ඳකකක් හිමි කද ිරශඳ්ව්‍ද. ගැ් අපට ිබශය් ද්් පදක ථව්‍ක්ට ප්‍ර ථ්කක්ව්‍්, ් ්් ඳැහැ ිරකකද ශ ගරු ්ාදව්‍ නීිරකක් ශක් ් ාත කද ිරශඳ්ව්‍ද. ඳක්් ගරු ාද්දක තුාිර -

ගු නීියඥ ලතිකන ් ිරරිඇල්ල හරා (ைொண்புைிகு சட்டத்தரணி லக்ஷ்ைன் கிொிஎல்ல) (The Hon. Lakshman Kiriella, Attorney-at-Law) Sir, I rise to a point of Order. ගු නදාර්ය) බ් ෂ්ල ගුතවර්නන හරා (ைொண்புைிகு (கலொநிதி) பந்துல குணவர்தன) (The Hon. (Dr.) Bandula Gunawardana) රුණද කද ාට ශ ද ණක ිරක්් ශා්්ශ ෝ ගරු කක්ෂථා් ිරිපඇල්ක ා්ත්‍රීතුාිර. ඔඳතුා්කදට ඕ්න ත ිරක්් අව්‍්ථාදව්‍ ිරශඳ්ව්‍ද. ඇයි ාට ාද ්් දඩ ශා්ශ් ්ැ්,ශ්,?

ගු කථානායකුර ා (ைொண்புைிகு சபொநொயகர் அவர்கள்) (The Hon. Speaker) ගරු කක්ෂථා් ිරිපඇල්ක ා්ත්‍රීතුාිර ගරු ඇාිරතුාදශ ප්‍ර ද ක අව්‍්් ශව්‍්තුරු දිමමු.

ගු නීියඥ ලතිකන ් ිරරිඇල්ල හරා (ைொண்புைிகு சட்டத்தரணி லக்ஷ்ைன் கிொிஎல்ல) (The Hon. Lakshman Kiriella, Attorney-at-Law) Sir, I want to raise a point of Order.

ගු කථානායකුර ා (ைொண்புைிகு சபொநொயகர் அவர்கள்) (The Hon. Speaker) ගරු කක්ෂථා් ිරිපඇල්ක ා්ත්‍රීතුාද. ගු නදාර්ය) බ් ෂ්ල ගුතවර්නන හරා (ைொண்புைிகு (கலொநிதி) பந்துல குணவர்தன) (The Hon. (Dr.) Bandula Gunawardana) ගරු ාද්දක තුාිර ාායි point of Order ාතු ශළේ. ිර්ද ාට ිරක්් දඩ ශා්්.

781 782",විිය් ඳකක පැව්‍ීමශා් පජී අක විිය් ් ්ථ ශා් ශශ හැ ශව්‍් ශාකක් ශ ගරු ්ාදව්‍ට ්් පුළුව්‍්ා ඳැිපා ිරක් ව,2023-11-17,2023-11-17-2023-11-17,"විිය් ඳකක පැව්‍ීමශා් පජී අක විිය් ් ්ථ ශා් ශශ හැ ශව්‍් ශාකක් ශ ගරු ්ාදව්‍ට ්් පුළුව්‍්ා ඳැිපා ිරක් වි දක ප්‍ර ථ්දකාකක් ට හමුශය ිරශඳ්ව්‍ද. ාා උාදහ ණකක් ්ඳහ් ්් ැාැිරයි. ශ ගරු ්ාදව්‍ විිය් ආකථි ක ඩද ව්‍ැ තා ශහෝ පැව්‍ැ්,ා ් ඳ්ධ්‍ශක් වූ මූකය ප්‍රිරප්,ිරක පිිබඳඳ පූකණ ඳකක ශ්‍රී කා ද ාහ ඳැාකුව්‍ට පව්‍ ද දීකද ිරශඳ්ව්‍ද.

2023 අා 16 ා ් ශ්‍රී කා ද ාහ ඳැාකු ප්ත අනුව්‍ ශ රුණු පිිබඳඳ ඳකක ිරශඳ්ශ් ශ්‍රී කා ද ාහ ඳැාකුව්‍ට. ා ප්ශ්, 7 (1) ව්‍ග්ිරක කටශ්, ශාශ්ේ ්ඳහ් ව්‍්ව්‍ද

(ආ) විිරාක අනුපදත ප්‍රිරප්,ිරක තී ණක ිරීමා ්හ ක්‍රිකද්,ා ිරීමා;

(ඇ) ශ්‍රී කා දශය ිරක නදතය්ත ්ාචිත පව්‍්,ව්‍දශග් කදා ්හ ්ාචිතව්‍ක විචක්ෂණශීලී ්හ ඵකාදයී ළා්ද ණක ්හිර ිරීමා;

(ඈ) ශ්‍රී කා දශය ව්‍යව්‍හද මුාල් ිරකු්, ිරීමා ්හ ළා්ද ණක ිරීමා;

අපි හැාශා්දශ ා අශ්, ිරශඳ් ගනුශානු ්ඳහද ාදවිත ් මුාල් ශ ොළක පිිබඳඳ ් පූකණ ඳකක ිරශඳ්ශ් ශ්‍රී කා ද ාහ ඳැාකුව්‍ට. ්ඳහද ාහ ඳැාකුව්‍ට අනුල්කාඝනීක දධි දීම ඳකකක් හිමි කද ිරශඳ්ව්‍ද. ගැ් අපට ිබශය් ද්් පදක ථව්‍ක්ට ප්‍ර ථ්කක්ව්‍්, ් ්් ඳැහැ ිරකකද ශ ගරු ්ාදව්‍ නීිරකක් ශක් ් ාත කද ිරශඳ්ව්‍ද. ඳක්් ගරු ාද්දක තුාිර -

ගු නීියඥ ලතිකන ් ිරරිඇල්ල හරා (ைொண்புைிகு சட்டத்தரணி லக்ஷ்ைன் கிொிஎல்ல) (The Hon. Lakshman Kiriella, Attorney-at-Law) Sir, I rise to a point of Order. ගු නදාර්ය) බ් ෂ්ල ගුතවර්නන හරා (ைொண்புைிகு (கலொநிதி) பந்துல குணவர்தன) (The Hon. (Dr.) Bandula Gunawardana) රුණද කද ාට ශ ද ණක ිරක්් ශා්්ශ ෝ ගරු කක්ෂථා් ිරිපඇල්ක ා්ත්‍රීතුාිර. ඔඳතුා්කදට ඕ්න ත ිරක්් අව්‍්ථාදව්‍ ිරශඳ්ව්‍ද. ඇයි ාට ාද ්් දඩ ශා්ශ් ්ැ්,ශ්,?

ගු කථානායකුර ා (ைொண்புைிகு சபொநொயகர் அவர்கள்) (The Hon. Speaker) ගරු කක්ෂථා් ිරිපඇල්ක ා්ත්‍රීතුාිර ගරු ඇාිරතුාදශ ප්‍ර ද ක අව්‍්් ශව්‍්තුරු දිමමු.

ගු නීියඥ ලතිකන ් ිරරිඇල්ල හරා (ைொண்புைிகு சட்டத்தரணி லக்ஷ்ைன் கிொிஎல்ல) (The Hon. Lakshman Kiriella, Attorney-at-Law) Sir, I want to raise a point of Order.

ගු කථානායකුර ා (ைொண்புைிகு சபொநொயகர் அவர்கள்) (The Hon. Speaker) ගරු කක්ෂථා් ිරිපඇල්ක ා්ත්‍රීතුාද. ගු නදාර්ය) බ් ෂ්ල ගුතවර්නන හරා (ைொண்புைிகு (கலொநிதி) பந்துல குணவர்தன) (The Hon. (Dr.) Bandula Gunawardana) ගරු ාද්දක තුාිර ාායි point of Order ාතු ශළේ. ිර්ද ාට ිරක්් දඩ ශා්්.

781 782",hansard,1.0,1
lk_hansard_2020s,2023-11-17-2023-11-17,2023-11-17,2023-11-17,"Hansard of November 17, 2023",https://www.parliament.lk/en/business-of-parliament/hansards,si-ta-en,https://www.parliament.lk/uploads/documents/hansard/1701515168057680.pdf,2023-11-17-2023-11-17-0010,10,si-ta-en,1729fb2a0a6642eedf941b2091d05809,3750,"ගු කථානායකුර ා (ைொண்புைிகு சபொநொயகர் அவர்கள்) (The Hon. Speaker) ගරු කක්ෂථා් ිරිපඇල්ක ා්ත්‍රීතුාද. ගු නදාර්ය) බ් ෂ්ල ගුතවර්නන හරා (ைொண்புைிகு (கலொநிதி) பந்துல குணவர்தன) (The Hon. (Dr.) Bandula Gunawardana) ගරු ාද්දක තුාිර ාායි point of Order ාතු ශළේ. ිර්ද ාට ිරක්් දඩ ශා්්.

781 782

202] ශ්ොව්‍ැ ඳක 17

ගු නීියඥ ලතිකන ් ිරරිඇල්ල හරා (ைொண்புைிகு சட்டத்தரணி லக்ஷ்ைன் கிொிஎல்ல) (The Hon. Lakshman Kiriella, Attorney-at-Law) ගරු ාද්දක තුාිර ශාතුාද ආණ්ඩුක්‍රා ව්‍යව්‍්ථාදශය ව්‍යව්‍්ථාද ගැ් ිරයව්‍ද. ආණ්ඩුක්‍රා ව්‍යව්‍්ථාදව්‍ අකා ිරරූපණක ්් පුළුව්‍් ශරේෂථධදධි ණකට විත යි. ශරේෂථධදධි ණක අකා ිරරූපණක කද තායි ශ තී්දුව්‍ දීකද ිරශඳ්ශ්. දිර් ශාතැ් ව්‍ාගු ාදකද ාද ්ව්‍ද.

ගු නදාර්ය) බ් ෂ්ල ගුතවර්නන හරා (ைொண்புைிகு (கலொநிதி) பந்துல குணவர்தன) (The Hon. (Dr.) Bandula Gunawardana) ව්‍ාගු ාදකද ශ්ොශව්‍යි පදකලිශ ්තුව්‍ට ිරශඳ් ඳකක ගැ් ාා ිරයශය. පදකලිශ ්තුව්‍ උ්,තීමත යි. පදකලිශ ්තුව්‍ තායි උ්,තීමත . විධ්‍දක ක ව්‍යව්‍්ථාදාදක ක අධි ණක ිරක් කුලුනු තු් ාත තායි ටක් පව්‍ිර්ශ්. ව්‍ද අත ගැටුාක් ඇිර ්් ක්් පද.

තමු්්ද්ශ්ේකදශග් ාා අහ්ශ් ශ යි . ශ්‍රි කා ද ාහ ඳැාකු ප්ශ්, 5ව්‍් ව්‍ග්ිරක කටශ්, ශාශ්ේ ්ඳහ් ශව්‍්ව්‍ද

""5. (2) ාහ ඳැාකුව්‍ ්ථව්‍දධී් හද ව්‍ගවීශා් යුක්ත වික යුතු ක.

(3) ාහ ඳැාකුශය ්ථව්‍දධී්්,ව්‍කට ්නාවිට ා ගරු නු කැබික යුතු අත ව්‍ ශහෝ තැ්ැ්,තකු ශහෝ අ්ථථි්,ව්‍කක් විිය් ාහ ඳැාකුශය අධිපිරව්‍ කදට ශහෝ පදක ාණ්ඩකශය් ්හ මුාල් ප්‍රිරප්,ිර ාණ්ඩකශය් අශ්කු්, ්දාදික ක් ට ශහෝ ාහ ඳැාකුශය ශ්ේව්‍ද ිරයුක්තක්ට ශ ප්ත කටශ්, ඔවු්ශ ඳකතක දකකක ්හ කතව්‍ය ක්‍රිකද්,ා ිරීමශ දී දටු ිරීමශ දී ්හ ියදු ිරීමශ දී ව්‍ ශහෝ ඳකපනාක් ිරීමා ශහෝ ාහ ඳැාකුශය ටයුතුව්‍කට ඳදධ්‍ද ිරීමා ශ්ො ළ යුතුක.","ගු කථානායකුර ා (ைொண்புைிகு சபொநொயகர் அவர்கள்) (The Hon. Speaker) ගරු කක්ෂථා් ිරිපඇල්ක ා්ත්‍රීතුාද. ගු නදාර්ය) බ් ෂ්ල ගුතවර්නන හරා (ைொண்புைிகு (கலொநிதி) பந்துல குணவர்தன) (The Hon. (Dr.) Bandula Gunawardana) ගරු ාද්දක තුාිර ාායි point of Order ාතු ශළේ. ිර්ද ාට ිරක්් දඩ ශා්්.

781 782

202] ශ්ොව්‍ැ ඳක 17

ගු නීියඥ ලතිකන ් ිරරිඇල්ල හරා (ைொண்புைிகு சட்டத்தரணி லக்ஷ்ைன் கிொிஎல்ல) (The Hon. Lakshman Kiriella, Attorney-at-Law) ගරු ාද්දක තුාිර ශාතුාද ආණ්ඩුක්‍රා ව්‍යව්‍්ථාදශය ව්‍යව්‍්ථාද ගැ් ිරයව්‍ද. ආණ්ඩුක්‍රා ව්‍යව්‍්ථාදව්‍ අකා ිරරූපණක ්් පුළුව්‍් ශරේෂථධදධි ණකට විත යි. ශරේෂථධදධි ණක අකා ිරරූපණක කද තායි ශ තී්දුව්‍ දීකද ිරශඳ්ශ්. දිර් ශාතැ් ව්‍ාගු ාදකද ාද ්ව්‍ද.

ගු නදාර්ය) බ් ෂ්ල ගුතවර්නන හරා (ைொண்புைிகு (கலொநிதி) பந்துல குணவர்தன) (The Hon. (Dr.) Bandula Gunawardana) ව්‍ාගු ාදකද ශ්ොශව්‍යි පදකලිශ ්තුව්‍ට ිරශඳ් ඳකක ගැ් ාා ිරයශය. පදකලිශ ්තුව්‍ උ්,තීමත යි. පදකලිශ ්තුව්‍ තායි උ්,තීමත . විධ්‍දක ක ව්‍යව්‍්ථාදාදක ක අධි ණක ිරක් කුලුනු තු් ාත තායි ටක් පව්‍ිර්ශ්. ව්‍ද අත ගැටුාක් ඇිර ්් ක්් පද.

තමු්්ද්ශ්ේකදශග් ාා අහ්ශ් ශ යි . ශ්‍රි කා ද ාහ ඳැාකු ප්ශ්, 5ව්‍් ව්‍ග්ිරක කටශ්, ශාශ්ේ ්ඳහ් ශව්‍්ව්‍ද

""5. (2) ාහ ඳැාකුව්‍ ්ථව්‍දධී් හද ව්‍ගවීශා් යුක්ත වික යුතු ක.

(3) ාහ ඳැාකුශය ්ථව්‍දධී්්,ව්‍කට ්නාවිට ා ගරු නු කැබික යුතු අත ව්‍ ශහෝ තැ්ැ්,තකු ශහෝ අ්ථථි්,ව්‍කක් විිය් ාහ ඳැාකුශය අධිපිරව්‍ කදට ශහෝ පදක ාණ්ඩකශය් ්හ මුාල් ප්‍රිරප්,ිර ාණ්ඩකශය් අශ්කු්, ්දාදික ක් ට ශහෝ ාහ ඳැාකුශය ශ්ේව්‍ද ිරයුක්තක්ට ශ ප්ත කටශ්, ඔවු්ශ ඳකතක දකකක ්හ කතව්‍ය ක්‍රිකද්,ා ිරීමශ දී දටු ිරීමශ දී ්හ ියදු ිරීමශ දී ව්‍ ශහෝ ඳකපනාක් ිරීමා ශහෝ ාහ ඳැාකුශය ටයුතුව්‍කට ඳදධ්‍ද ිරීමා ශ්ො ළ යුතුක.",ගු කථානායකුර ා (ைொண்புைிகு சபொநொயகர் அவர்கள்) (The Hon. Speaker) ගරු කක්ෂථා් ිරිපඇල්ක ා්ත්‍රීතුාද,2023-11-17,2023-11-17-2023-11-17,"ගු කථානායකුර ා (ைொண்புைிகு சபொநொயகர் அவர்கள்) (The Hon. Speaker) ගරු කක්ෂථා් ිරිපඇල්ක ා්ත්‍රීතුාද. ගු නදාර්ය) බ් ෂ්ල ගුතවර්නන හරා (ைொண்புைிகு (கலொநிதி) பந்துல குணவர்தன) (The Hon. (Dr.) Bandula Gunawardana) ගරු ාද්දක තුාිර ාායි point of Order ාතු ශළේ. ිර්ද ාට ිරක්් දඩ ශා්්.

781 782

202] ශ්ොව්‍ැ ඳක 17

ගු නීියඥ ලතිකන ් ිරරිඇල්ල හරා (ைொண்புைிகு சட்டத்தரணி லக்ஷ்ைன் கிொிஎல்ல) (The Hon. Lakshman Kiriella, Attorney-at-Law) ගරු ාද්දක තුාිර ශාතුාද ආණ්ඩුක්‍රා ව්‍යව්‍්ථාදශය ව්‍යව්‍්ථාද ගැ් ිරයව්‍ද. ආණ්ඩුක්‍රා ව්‍යව්‍්ථාදව්‍ අකා ිරරූපණක ්් පුළුව්‍් ශරේෂථධදධි ණකට විත යි. ශරේෂථධදධි ණක අකා ිරරූපණක කද තායි ශ තී්දුව්‍ දීකද ිරශඳ්ශ්. දිර් ශාතැ් ව්‍ාගු ාදකද ාද ්ව්‍ද.

ගු නදාර්ය) බ් ෂ්ල ගුතවර්නන හරා (ைொண்புைிகு (கலொநிதி) பந்துல குணவர்தன) (The Hon. (Dr.) Bandula Gunawardana) ව්‍ාගු ාදකද ශ්ොශව්‍යි පදකලිශ ්තුව්‍ට ිරශඳ් ඳකක ගැ් ාා ිරයශය. පදකලිශ ්තුව්‍ උ්,තීමත යි. පදකලිශ ්තුව්‍ තායි උ්,තීමත . විධ්‍දක ක ව්‍යව්‍්ථාදාදක ක අධි ණක ිරක් කුලුනු තු් ාත තායි ටක් පව්‍ිර්ශ්. ව්‍ද අත ගැටුාක් ඇිර ්් ක්් පද.

තමු්්ද්ශ්ේකදශග් ාා අහ්ශ් ශ යි . ශ්‍රි කා ද ාහ ඳැාකු ප්ශ්, 5ව්‍් ව්‍ග්ිරක කටශ්, ශාශ්ේ ්ඳහ් ශව්‍්ව්‍ද

""5. (2) ාහ ඳැාකුව්‍ ්ථව්‍දධී් හද ව්‍ගවීශා් යුක්ත වික යුතු ක.

(3) ාහ ඳැාකුශය ්ථව්‍දධී්්,ව්‍කට ්නාවිට ා ගරු නු කැබික යුතු අත ව්‍ ශහෝ තැ්ැ්,තකු ශහෝ අ්ථථි්,ව්‍කක් විිය් ාහ ඳැාකුශය අධිපිරව්‍ කදට ශහෝ පදක ාණ්ඩකශය් ්හ මුාල් ප්‍රිරප්,ිර ාණ්ඩකශය් අශ්කු්, ්දාදික ක් ට ශහෝ ාහ ඳැාකුශය ශ්ේව්‍ද ිරයුක්තක්ට ශ ප්ත කටශ්, ඔවු්ශ ඳකතක දකකක ්හ කතව්‍ය ක්‍රිකද්,ා ිරීමශ දී දටු ිරීමශ දී ්හ ියදු ිරීමශ දී ව්‍ ශහෝ ඳකපනාක් ිරීමා ශහෝ ාහ ඳැාකුශය ටයුතුව්‍කට ඳදධ්‍ද ිරීමා ශ්ො ළ යුතුක.",hansard,1.0,1
lk_hansard_2020s,2023-11-17-2023-11-17,2023-11-17,2023-11-17,"Hansard of November 17, 2023",https://www.parliament.lk/en/business-of-parliament/hansards,si-ta-en,https://www.parliament.lk/uploads/documents/hansard/1701515168057680.pdf,2023-11-17-2023-11-17-0011,11,si-ta-en,485a6f16622fad217d60c842f9a04346,4372,"(3) ාහ ඳැාකුශය ්ථව්‍දධී්්,ව්‍කට ්නාවිට ා ගරු නු කැබික යුතු අත ව්‍ ශහෝ තැ්ැ්,තකු ශහෝ අ්ථථි්,ව්‍කක් විිය් ාහ ඳැාකුශය අධිපිරව්‍ කදට ශහෝ පදක ාණ්ඩකශය් ්හ මුාල් ප්‍රිරප්,ිර ාණ්ඩකශය් අශ්කු්, ්දාදික ක් ට ශහෝ ාහ ඳැාකුශය ශ්ේව්‍ද ිරයුක්තක්ට ශ ප්ත කටශ්, ඔවු්ශ ඳකතක දකකක ්හ කතව්‍ය ක්‍රිකද්,ා ිරීමශ දී දටු ිරීමශ දී ්හ ියදු ිරීමශ දී ව්‍ ශහෝ ඳකපනාක් ිරීමා ශහෝ ාහ ඳැාකුශය ටයුතුව්‍කට ඳදධ්‍ද ිරීමා ශ්ො ළ යුතුක.

ගු ජිත් නප්‍රේ දා හරා (ைொண்புைிகு சஜித் பிமரைதொஸ) (The Hon. Sajith Premadasa) ගරු ාද්දක තුාිර - ගු කථානායකුර ා (ைொண்புைிகு சபொநொயகர் அவர்கள்) (The Hon. Speaker) ගරු ඇාිරතුාදට අව්‍්ථාදව්‍ ශා්්. ඔඳතුාදට්, අව්‍්ථාදව්‍ දු්්ද ශ් ගරු විපක්ෂ ්දක තුාිර.

ගු නදාර්ය) බ් ෂ්ල ගුතවර්නන හරා (ைொண்புைிகு (கலொநிதி) பந்துல குணவர்தன) (The Hon. (Dr.) Bandula Gunawardana) ගරු ාද්දක තුාිර ශරේෂථධදධි ණක හද ආණ්ඩුක්‍රා ව්‍යව්‍්ථාදව්‍ පිිබඳඳව්‍ ගරු අනු ඳණ්ඩද ්දක හිටපු ාද්දක තුාද දතද පැහැිරලි තී්දුව්‍ක් දීකද ිරශඳ්ව්‍ද. ිර්ද ාා ඔඳතුාදශ අව්‍ධ්‍ද්කට ශකොමු ්ව්‍ද ව්‍යව්‍්ථාදාදක ක හද විධ්‍දක ක අත ගැටුාක් ඇිර ශව්‍්ශ් ්ැිර ආ ද කට ියකල්කට ගරු මි් ශ ශට් ිරව්‍ැස්ිර පැව්‍ැ්,ා ්ඳහද ටයුතු ්් ිරකකද.

ගු කථානායකුර ා (ைொண்புைிகு சபொநொயகர் அவர்கள்) (The Hon. Speaker) ගරු විපක්ෂ ්දක තුාිර ඔඳතුා ාද ාද ්්. ගු ජිත් නප්‍රේ දා හරා (ைொண்புைிகு சஜித் பிமரைதொஸ) (The Hon. Sajith Premadasa) ගරු ාද්දක තුාිර ශාා මූලි අයිිරව්‍දිය ්ඩුව්‍ විාදග ්ශ ොට මූලි අයිිරව්‍දිය උල්කාඝ්ක පු දනපක්ෂ ණ්ඩදකා ්හ ිරකධ්‍දිප් ඔවු්ශ නීිරාශකෝ ාදකද යට අාදළ ියකලු රුණු- ද ණද දිරිපප්, කද ව්‍ද විාදගකට කක් කද ියකල්කක් පිිබඳඳව්‍ා ඇිර වූ තක විතක අහකද තායි තී්දු ශළේ ාහි්ා දනපක්ෂ ශගෝධදාක දනපක්ෂ ඳැියල් දනපක්ෂ ්ථ.ආක. ආස්ගක පී.බී. නකජී්ා අික්, ිරව්‍දඩ් බ් දල් ව්‍දශ ා ඩබ්ලිය.ඩී. කක්ෂථා් ඇතුළු මූකය ාණ්ඩකශය් ්දාදික යි් - අක ඔක්ශ ෝා- ආකථි ඝදත යි් ිරකකද. අක ඔක්ශ ොා ආකථි ඝදත යි් හැස්කට ් කද දව්‍ යි. ්ඳහද තව්‍ විශ ේෂ ද ්ාද අව්‍ ය ්ැහැ.","(3) ාහ ඳැාකුශය ්ථව්‍දධී්්,ව්‍කට ්නාවිට ා ගරු නු කැබික යුතු අත ව්‍ ශහෝ තැ්ැ්,තකු ශහෝ අ්ථථි්,ව්‍කක් විිය් ාහ ඳැාකුශය අධිපිරව්‍ කදට ශහෝ පදක ාණ්ඩකශය් ්හ මුාල් ප්‍රිරප්,ිර ාණ්ඩකශය් අශ්කු්, ්දාදික ක් ට ශහෝ ාහ ඳැාකුශය ශ්ේව්‍ද ිරයුක්තක්ට ශ ප්ත කටශ්, ඔවු්ශ ඳකතක දකකක ්හ කතව්‍ය ක්‍රිකද්,ා ිරීමශ දී දටු ිරීමශ දී ්හ ියදු ිරීමශ දී ව්‍ ශහෝ ඳකපනාක් ිරීමා ශහෝ ාහ ඳැාකුශය ටයුතුව්‍කට ඳදධ්‍ද ිරීමා ශ්ො ළ යුතුක.

ගු ජිත් නප්‍රේ දා හරා (ைொண்புைிகு சஜித் பிமரைதொஸ) (The Hon. Sajith Premadasa) ගරු ාද්දක තුාිර - ගු කථානායකුර ා (ைொண்புைிகு சபொநொயகர் அவர்கள்) (The Hon. Speaker) ගරු ඇාිරතුාදට අව්‍්ථාදව්‍ ශා්්. ඔඳතුාදට්, අව්‍්ථාදව්‍ දු්්ද ශ් ගරු විපක්ෂ ්දක තුාිර.

ගු නදාර්ය) බ් ෂ්ල ගුතවර්නන හරා (ைொண்புைிகு (கலொநிதி) பந்துல குணவர்தன) (The Hon. (Dr.) Bandula Gunawardana) ගරු ාද්දක තුාිර ශරේෂථධදධි ණක හද ආණ්ඩුක්‍රා ව්‍යව්‍්ථාදව්‍ පිිබඳඳව්‍ ගරු අනු ඳණ්ඩද ්දක හිටපු ාද්දක තුාද දතද පැහැිරලි තී්දුව්‍ක් දීකද ිරශඳ්ව්‍ද. ිර්ද ාා ඔඳතුාදශ අව්‍ධ්‍ද්කට ශකොමු ්ව්‍ද ව්‍යව්‍්ථාදාදක ක හද විධ්‍දක ක අත ගැටුාක් ඇිර ශව්‍්ශ් ්ැිර ආ ද කට ියකල්කට ගරු මි් ශ ශට් ිරව්‍ැස්ිර පැව්‍ැ්,ා ්ඳහද ටයුතු ්් ිරකකද.

ගු කථානායකුර ා (ைொண்புைிகு சபொநொயகர் அவர்கள்) (The Hon. Speaker) ගරු විපක්ෂ ්දක තුාිර ඔඳතුා ාද ාද ්්. ගු ජිත් නප්‍රේ දා හරා (ைொண்புைிகு சஜித் பிமரைதொஸ) (The Hon. Sajith Premadasa) ගරු ාද්දක තුාිර ශාා මූලි අයිිරව්‍දිය ්ඩුව්‍ විාදග ්ශ ොට මූලි අයිිරව්‍දිය උල්කාඝ්ක පු දනපක්ෂ ණ්ඩදකා ්හ ිරකධ්‍දිප් ඔවු්ශ නීිරාශකෝ ාදකද යට අාදළ ියකලු රුණු- ද ණද දිරිපප්, කද ව්‍ද විාදගකට කක් කද ියකල්කක් පිිබඳඳව්‍ා ඇිර වූ තක විතක අහකද තායි තී්දු ශළේ ාහි්ා දනපක්ෂ ශගෝධදාක දනපක්ෂ ඳැියල් දනපක්ෂ ්ථ.ආක. ආස්ගක පී.බී. නකජී්ා අික්, ිරව්‍දඩ් බ් දල් ව්‍දශ ා ඩබ්ලිය.ඩී. කක්ෂථා් ඇතුළු මූකය ාණ්ඩකශය් ්දාදික යි් - අක ඔක්ශ ෝා- ආකථි ඝදත යි් ිරකකද. අක ඔක්ශ ොා ආකථි ඝදත යි් හැස්කට ් කද දව්‍ යි. ්ඳහද තව්‍ විශ ේෂ ද ්ාද අව්‍ ය ්ැහැ.","(3) ාහ ඳැාකුශය ්ථව්‍දධී්්,ව්‍කට ්නාවිට ා ගරු නු කැබික යුතු අත ව්‍ ශහෝ තැ්ැ්,තකු ශහෝ අ්ථථි්,ව්‍කක් වි",2023-11-17,2023-11-17-2023-11-17,"(3) ාහ ඳැාකුශය ්ථව්‍දධී්්,ව්‍කට ්නාවිට ා ගරු නු කැබික යුතු අත ව්‍ ශහෝ තැ්ැ්,තකු ශහෝ අ්ථථි්,ව්‍කක් විිය් ාහ ඳැාකුශය අධිපිරව්‍ කදට ශහෝ පදක ාණ්ඩකශය් ්හ මුාල් ප්‍රිරප්,ිර ාණ්ඩකශය් අශ්කු්, ්දාදික ක් ට ශහෝ ාහ ඳැාකුශය ශ්ේව්‍ද ිරයුක්තක්ට ශ ප්ත කටශ්, ඔවු්ශ ඳකතක දකකක ්හ කතව්‍ය ක්‍රිකද්,ා ිරීමශ දී දටු ිරීමශ දී ්හ ියදු ිරීමශ දී ව්‍ ශහෝ ඳකපනාක් ිරීමා ශහෝ ාහ ඳැාකුශය ටයුතුව්‍කට ඳදධ්‍ද ිරීමා ශ්ො ළ යුතුක.

ගු ජිත් නප්‍රේ දා හරා (ைொண்புைிகு சஜித் பிமரைதொஸ) (The Hon. Sajith Premadasa) ගරු ාද්දක තුාිර - ගු කථානායකුර ා (ைொண்புைிகு சபொநொயகர் அவர்கள்) (The Hon. Speaker) ගරු ඇාිරතුාදට අව්‍්ථාදව්‍ ශා්්. ඔඳතුාදට්, අව්‍්ථාදව්‍ දු්්ද ශ් ගරු විපක්ෂ ්දක තුාිර.

ගු නදාර්ය) බ් ෂ්ල ගුතවර්නන හරා (ைொண்புைிகு (கலொநிதி) பந்துல குணவர்தன) (The Hon. (Dr.) Bandula Gunawardana) ගරු ාද්දක තුාිර ශරේෂථධදධි ණක හද ආණ්ඩුක්‍රා ව්‍යව්‍්ථාදව්‍ පිිබඳඳව්‍ ගරු අනු ඳණ්ඩද ්දක හිටපු ාද්දක තුාද දතද පැහැිරලි තී්දුව්‍ක් දීකද ිරශඳ්ව්‍ද. ිර්ද ාා ඔඳතුාදශ අව්‍ධ්‍ද්කට ශකොමු ්ව්‍ද ව්‍යව්‍්ථාදාදක ක හද විධ්‍දක ක අත ගැටුාක් ඇිර ශව්‍්ශ් ්ැිර ආ ද කට ියකල්කට ගරු මි් ශ ශට් ිරව්‍ැස්ිර පැව්‍ැ්,ා ්ඳහද ටයුතු ්් ිරකකද.

ගු කථානායකුර ා (ைொண்புைிகு சபொநொயகர் அவர்கள்) (The Hon. Speaker) ගරු විපක්ෂ ්දක තුාිර ඔඳතුා ාද ාද ්්. ගු ජිත් නප්‍රේ දා හරා (ைொண்புைிகு சஜித் பிமரைதொஸ) (The Hon. Sajith Premadasa) ගරු ාද්දක තුාිර ශාා මූලි අයිිරව්‍දිය ්ඩුව්‍ විාදග ්ශ ොට මූලි අයිිරව්‍දිය උල්කාඝ්ක පු දනපක්ෂ ණ්ඩදකා ්හ ිරකධ්‍දිප් ඔවු්ශ නීිරාශකෝ ාදකද යට අාදළ ියකලු රුණු- ද ණද දිරිපප්, කද ව්‍ද විාදගකට කක් කද ියකල්කක් පිිබඳඳව්‍ා ඇිර වූ තක විතක අහකද තායි තී්දු ශළේ ාහි්ා දනපක්ෂ ශගෝධදාක දනපක්ෂ ඳැියල් දනපක්ෂ ්ථ.ආක. ආස්ගක පී.බී. නකජී්ා අික්, ිරව්‍දඩ් බ් දල් ව්‍දශ ා ඩබ්ලිය.ඩී. කක්ෂථා් ඇතුළු මූකය ාණ්ඩකශය් ්දාදික යි් - අක ඔක්ශ ෝා- ආකථි ඝදත යි් ිරකකද. අක ඔක්ශ ොා ආකථි ඝදත යි් හැස්කට ් කද දව්‍ යි. ්ඳහද තව්‍ විශ ේෂ ද ්ාද අව්‍ ය ්ැහැ.",hansard,1.0,1
lk_hansard_2020s,2023-11-17-2023-11-17,2023-11-17,2023-11-17,"Hansard of November 17, 2023",https://www.parliament.lk/en/business-of-parliament/hansards,si-ta-en,https://www.parliament.lk/uploads/documents/hansard/1701515168057680.pdf,2023-11-17-2023-11-17-0012,12,si-ta-en,d57ba09269428c5c6ae7df8e04677a62,4317,"ගු කථානායකුර ා (ைொண்புைிகு சபொநொயகர் அவர்கள்) (The Hon. Speaker) ගරු විපක්ෂ ්දක තුාිර ඔඳතුා ාද ාද ්්. ගු ජිත් නප්‍රේ දා හරා (ைொண்புைிகு சஜித் பிமரைதொஸ) (The Hon. Sajith Premadasa) ගරු ාද්දක තුාිර ශාා මූලි අයිිරව්‍දිය ්ඩුව්‍ විාදග ්ශ ොට මූලි අයිිරව්‍දිය උල්කාඝ්ක පු දනපක්ෂ ණ්ඩදකා ්හ ිරකධ්‍දිප් ඔවු්ශ නීිරාශකෝ ාදකද යට අාදළ ියකලු රුණු- ද ණද දිරිපප්, කද ව්‍ද විාදගකට කක් කද ියකල්කක් පිිබඳඳව්‍ා ඇිර වූ තක විතක අහකද තායි තී්දු ශළේ ාහි්ා දනපක්ෂ ශගෝධදාක දනපක්ෂ ඳැියල් දනපක්ෂ ්ථ.ආක. ආස්ගක පී.බී. නකජී්ා අික්, ිරව්‍දඩ් බ් දල් ව්‍දශ ා ඩබ්ලිය.ඩී. කක්ෂථා් ඇතුළු මූකය ාණ්ඩකශය් ්දාදික යි් - අක ඔක්ශ ෝා- ආකථි ඝදත යි් ිරකකද. අක ඔක්ශ ොා ආකථි ඝදත යි් හැස්කට ් කද දව්‍ යි. ්ඳහද තව්‍ විශ ේෂ ද ්ාද අව්‍ ය ්ැහැ.

ගු අනුර දි ානායක හරා (ைொண்புைிகு அநுர திஸொநொயக்க) (The Hon. Anura Dissanayaka)

නැඟී සිටින ය. எழுந்தொர். rose.

ගු වි ල් වීරවාංශ් හරා (ைொண்புைிகு விைல் வீரவங்ஸ) (The Hon. Wimal Weerawansa) Sir, I rise to a point of Order. ගු එ න.එම්. රිතිකාර් හරා (ைொண்புைிகு எஸ்.எம். ைொிக்கொர்) (The Hon. S.M. Marikkar) ගරු ාද්දක තුාිර -

783 784

පදකලිශ ්තුව්‍

ගු කථානායකුර ා (ைொண்புைிகு சபொநொயகர் அவர்கள்) (The Hon. Speaker) ඔඳතුා්කද ශපොඩ්ඩක් ද්්. ශ ොශහොාා ්ැශක ියකලුාශා්දටා අව්‍්ථාදව්‍ ශා්ශ්?

ගු එ න.එම්. රිතිකාර් හරා (ைொண்புைிகு எஸ்.எம். ைொிக்கொர்) (The Hon. S.M. Marikkar) ගරු ාද්දක තුාිර ාට අව්‍්ථාදව්‍ ශා්්. ගු කථානායකුර ා (ைொண்புைிகு சபொநொயகர் அவர்கள்) (The Hon. Speaker) ගරු අනු කුාද ිර්ද්දක ාැිරතුාදශ ද ණක ිරක්්. ගු අනුර දි ානායක හරා (ைொண்புைிகு அநுர திஸொநொயக்க) (The Hon. Anura Dissanayaka) ගරු ාද්දක තුාිර හිටපු න්දධිපිර ාහි්ා දනපක්ෂ හිටපු න්දධිපිර ශගෝධදාක දනපක්ෂ හිටපු මුාල් අාදතය ඳැියල් දනපක්ෂ හිටපු ාහ ඳැාකු අධිපිර අික්, ිරව්‍දඩ් බ් දල් යට ශප හිටපු ාහ ඳැාකු අධිපිර ඩබ්ලිය.ඩී. කක්ෂථා් ව්‍දශ ා මුාල් අාදතයදා ශය් හිටපු ශල් ්ථ.ආක. ආස්ගක ඇතුළු ණ්ඩදකාක් ශාා ්ඩුශව්‍් පැහැිරලි ශක්ා ආකථි ඝදත යි් ශක් හඳු්ව්‍ද ිරශඳ්ව්‍ද.","ගු කථානායකුර ා (ைொண்புைிகு சபொநொயகர் அவர்கள்) (The Hon. Speaker) ගරු විපක්ෂ ්දක තුාිර ඔඳතුා ාද ාද ්්. ගු ජිත් නප්‍රේ දා හරා (ைொண்புைிகு சஜித் பிமரைதொஸ) (The Hon. Sajith Premadasa) ගරු ාද්දක තුාිර ශාා මූලි අයිිරව්‍දිය ්ඩුව්‍ විාදග ්ශ ොට මූලි අයිිරව්‍දිය උල්කාඝ්ක පු දනපක්ෂ ණ්ඩදකා ්හ ිරකධ්‍දිප් ඔවු්ශ නීිරාශකෝ ාදකද යට අාදළ ියකලු රුණු- ද ණද දිරිපප්, කද ව්‍ද විාදගකට කක් කද ියකල්කක් පිිබඳඳව්‍ා ඇිර වූ තක විතක අහකද තායි තී්දු ශළේ ාහි්ා දනපක්ෂ ශගෝධදාක දනපක්ෂ ඳැියල් දනපක්ෂ ්ථ.ආක. ආස්ගක පී.බී. නකජී්ා අික්, ිරව්‍දඩ් බ් දල් ව්‍දශ ා ඩබ්ලිය.ඩී. කක්ෂථා් ඇතුළු මූකය ාණ්ඩකශය් ්දාදික යි් - අක ඔක්ශ ෝා- ආකථි ඝදත යි් ිරකකද. අක ඔක්ශ ොා ආකථි ඝදත යි් හැස්කට ් කද දව්‍ යි. ්ඳහද තව්‍ විශ ේෂ ද ්ාද අව්‍ ය ්ැහැ.

ගු අනුර දි ානායක හරා (ைொண்புைிகு அநுர திஸொநொயக்க) (The Hon. Anura Dissanayaka)

නැඟී සිටින ය. எழுந்தொர். rose.

ගු වි ල් වීරවාංශ් හරා (ைொண்புைிகு விைல் வீரவங்ஸ) (The Hon. Wimal Weerawansa) Sir, I rise to a point of Order. ගු එ න.එම්. රිතිකාර් හරා (ைொண்புைிகு எஸ்.எம். ைொிக்கொர்) (The Hon. S.M. Marikkar) ගරු ාද්දක තුාිර -

783 784

පදකලිශ ්තුව්‍

ගු කථානායකුර ා (ைொண்புைிகு சபொநொயகர் அவர்கள்) (The Hon. Speaker) ඔඳතුා්කද ශපොඩ්ඩක් ද්්. ශ ොශහොාා ්ැශක ියකලුාශා්දටා අව්‍්ථාදව්‍ ශා්ශ්?

ගු එ න.එම්. රිතිකාර් හරා (ைொண்புைிகு எஸ்.எம். ைொிக்கொர்) (The Hon. S.M. Marikkar) ගරු ාද්දක තුාිර ාට අව්‍්ථාදව්‍ ශා්්. ගු කථානායකුර ා (ைொண்புைிகு சபொநொயகர் அவர்கள்) (The Hon. Speaker) ගරු අනු කුාද ිර්ද්දක ාැිරතුාදශ ද ණක ිරක්්. ගු අනුර දි ානායක හරා (ைொண்புைிகு அநுர திஸொநொயக்க) (The Hon. Anura Dissanayaka) ගරු ාද්දක තුාිර හිටපු න්දධිපිර ාහි්ා දනපක්ෂ හිටපු න්දධිපිර ශගෝධදාක දනපක්ෂ හිටපු මුාල් අාදතය ඳැියල් දනපක්ෂ හිටපු ාහ ඳැාකු අධිපිර අික්, ිරව්‍දඩ් බ් දල් යට ශප හිටපු ාහ ඳැාකු අධිපිර ඩබ්ලිය.ඩී. කක්ෂථා් ව්‍දශ ා මුාල් අාදතයදා ශය් හිටපු ශල් ්ථ.ආක. ආස්ගක ඇතුළු ණ්ඩදකාක් ශාා ්ඩුශව්‍් පැහැිරලි ශක්ා ආකථි ඝදත යි් ශක් හඳු්ව්‍ද ිරශඳ්ව්‍ද.",ගු කථානායකුර ා (ைொண்புைிகு சபொநொயகர் அவர்கள்) (The Hon. Speaker) ගරු විපක්ෂ ්දක තුාිර ඔඳතුා ාද ාද,2023-11-17,2023-11-17-2023-11-17,"ගු කථානායකුර ා (ைொண்புைிகு சபொநொயகர் அவர்கள்) (The Hon. Speaker) ගරු විපක්ෂ ්දක තුාිර ඔඳතුා ාද ාද ්්. ගු ජිත් නප්‍රේ දා හරා (ைொண்புைிகு சஜித் பிமரைதொஸ) (The Hon. Sajith Premadasa) ගරු ාද්දක තුාිර ශාා මූලි අයිිරව්‍දිය ්ඩුව්‍ විාදග ්ශ ොට මූලි අයිිරව්‍දිය උල්කාඝ්ක පු දනපක්ෂ ණ්ඩදකා ්හ ිරකධ්‍දිප් ඔවු්ශ නීිරාශකෝ ාදකද යට අාදළ ියකලු රුණු- ද ණද දිරිපප්, කද ව්‍ද විාදගකට කක් කද ියකල්කක් පිිබඳඳව්‍ා ඇිර වූ තක විතක අහකද තායි තී්දු ශළේ ාහි්ා දනපක්ෂ ශගෝධදාක දනපක්ෂ ඳැියල් දනපක්ෂ ්ථ.ආක. ආස්ගක පී.බී. නකජී්ා අික්, ිරව්‍දඩ් බ් දල් ව්‍දශ ා ඩබ්ලිය.ඩී. කක්ෂථා් ඇතුළු මූකය ාණ්ඩකශය් ්දාදික යි් - අක ඔක්ශ ෝා- ආකථි ඝදත යි් ිරකකද. අක ඔක්ශ ොා ආකථි ඝදත යි් හැස්කට ් කද දව්‍ යි. ්ඳහද තව්‍ විශ ේෂ ද ්ාද අව්‍ ය ්ැහැ.

ගු අනුර දි ානායක හරා (ைொண்புைிகு அநுர திஸொநொயக்க) (The Hon. Anura Dissanayaka)

නැඟී සිටින ය. எழுந்தொர். rose.

ගු වි ල් වීරවාංශ් හරා (ைொண்புைிகு விைல் வீரவங்ஸ) (The Hon. Wimal Weerawansa) Sir, I rise to a point of Order. ගු එ න.එම්. රිතිකාර් හරා (ைொண்புைிகு எஸ்.எம். ைொிக்கொர்) (The Hon. S.M. Marikkar) ගරු ාද්දක තුාිර -

783 784

පදකලිශ ්තුව්‍

ගු කථානායකුර ා (ைொண்புைிகு சபொநொயகர் அவர்கள்) (The Hon. Speaker) ඔඳතුා්කද ශපොඩ්ඩක් ද්්. ශ ොශහොාා ්ැශක ියකලුාශා්දටා අව්‍්ථාදව්‍ ශා්ශ්?

ගු එ න.එම්. රිතිකාර් හරා (ைொண்புைிகு எஸ்.எம். ைொிக்கொர்) (The Hon. S.M. Marikkar) ගරු ාද්දක තුාිර ාට අව්‍්ථාදව්‍ ශා්්. ගු කථානායකුර ා (ைொண்புைிகு சபொநொயகர் அவர்கள்) (The Hon. Speaker) ගරු අනු කුාද ිර්ද්දක ාැිරතුාදශ ද ණක ිරක්්. ගු අනුර දි ානායක හරා (ைொண்புைிகு அநுர திஸொநொயக்க) (The Hon. Anura Dissanayaka) ගරු ාද්දක තුාිර හිටපු න්දධිපිර ාහි්ා දනපක්ෂ හිටපු න්දධිපිර ශගෝධදාක දනපක්ෂ හිටපු මුාල් අාදතය ඳැියල් දනපක්ෂ හිටපු ාහ ඳැාකු අධිපිර අික්, ිරව්‍දඩ් බ් දල් යට ශප හිටපු ාහ ඳැාකු අධිපිර ඩබ්ලිය.ඩී. කක්ෂථා් ව්‍දශ ා මුාල් අාදතයදා ශය් හිටපු ශල් ්ථ.ආක. ආස්ගක ඇතුළු ණ්ඩදකාක් ශාා ්ඩුශව්‍් පැහැිරලි ශක්ා ආකථි ඝදත යි් ශක් හඳු්ව්‍ද ිරශඳ්ව්‍ද.",hansard,1.0,1
lk_hansard_2020s,2023-11-17-2023-11-17,2023-11-17,2023-11-17,"Hansard of November 17, 2023",https://www.parliament.lk/en/business-of-parliament/hansards,si-ta-en,https://www.parliament.lk/uploads/documents/hansard/1701515168057680.pdf,2023-11-17-2023-11-17-0013,13,si-ta-en,a94fe827a88f275d29da5037980de2bd,4425,"ගු එ න.එම්. රිතිකාර් හරා (ைொண்புைிகு எஸ்.எம். ைொிக்கொர்) (The Hon. S.M. Marikkar) ගරු ාද්දක තුාිර ාට අව්‍්ථාදව්‍ ශා්්. ගු කථානායකුර ා (ைொண்புைிகு சபொநொயகர் அவர்கள்) (The Hon. Speaker) ගරු අනු කුාද ිර්ද්දක ාැිරතුාදශ ද ණක ිරක්්. ගු අනුර දි ානායක හරා (ைொண்புைிகு அநுர திஸொநொயக்க) (The Hon. Anura Dissanayaka) ගරු ාද්දක තුාිර හිටපු න්දධිපිර ාහි්ා දනපක්ෂ හිටපු න්දධිපිර ශගෝධදාක දනපක්ෂ හිටපු මුාල් අාදතය ඳැියල් දනපක්ෂ හිටපු ාහ ඳැාකු අධිපිර අික්, ිරව්‍දඩ් බ් දල් යට ශප හිටපු ාහ ඳැාකු අධිපිර ඩබ්ලිය.ඩී. කක්ෂථා් ව්‍දශ ා මුාල් අාදතයදා ශය් හිටපු ශල් ්ථ.ආක. ආස්ගක ඇතුළු ණ්ඩදකාක් ශාා ්ඩුශව්‍් පැහැිරලි ශක්ා ආකථි ඝදත යි් ශක් හඳු්ව්‍ද ිරශඳ්ව්‍ද.

ගු ප්‍ර ් න රතුරාංග හරා (ைொண்புைிகு பிரசன்ன ரணதுங்க) (The Hon. Prasanna Ranatunga) ගරු ාද්දක තුාිර ීමිර ප්‍ර ථ්කක් ිරශඳ්ව්‍ද. ගු අනුර දි ානායක හරා (ைொண்புைிகு அநுர திஸொநொயக்க) (The Hon. Anura Dissanayaka) ාශ ාදව්‍ අව්‍්් ් ල් ද්්ශ ෝ. ගු ප්‍ර ් න රතුරාංග හරා (ைொண்புைிகு பிரசன்ன ரணதுங்க) (The Hon. Prasanna Ranatunga) ්ඩු තී්දුශය ිරශඳ්ව්‍ද ා ආකථි ඝදත ශකක් ිරකකද?

[මූලා නන අත පරිදි නවත් කරන ලදී.] [அக்கிரொசனக் கட்டமளப்படி அகற்றப்பட்டுள்ளது] [Expunged on the order of the Chair.]

[ඳදධ්‍ද ිරීමාක්]

ගු අනුර දි ානායක හරා (ைொண்புைிகு அநுர திஸொநொயக்க) (The Hon. Anura Dissanayaka) හිප හිප ගරු ඇාිරතුාද. ගරු ාද්දක තුාිර තුාද ීමිර ප්‍ර ථ්කක් අහ්ව්‍ද. හිප ව්‍ැාග්,. [ඳදධ්‍ද ිරීමාක්] ගරු ඇාිරතුාද ව්‍ැාග්, ීමිර ප්‍ර ථ්කක් අහ්ව්‍ද.

ගු ප්‍ර ් න රතුරාංග හරා (ைொண்புைிகு பிரசன்ன ரணதுங்க) (The Hon. Prasanna Ranatunga) ගරු ාද්දක තුාිර තුාද ශ ගැ් ව්‍ැස්ිර අකා ා්කක් ්ව්‍ද. [ඳදධ්‍ද ිරීමාක්] ගරු ා්ත්‍රීතුාිර ව්‍ැ ිරයි. ශහා ්් පද. ාා ශ ගැ් පැහැිරලි ිරීමාක් ්් .

ගු අනුර දි ානායක හරා (ைொண்புைிகு அநுர திஸொநொயக்க) (The Hon. Anura Dissanayaka) ගරු ාද්දක තුාිර ආණ්ඩු පක්ෂශය් ප්‍රධ්‍ද් ්ාවිධ්‍දක තුාද ිරක් ශශ පැහැිරලියි. [ඳදධ්‍ද ිරීම ]

ගු කථානායකුර ා (ைொண்புைிகு சபொநொயகர் அவர்கள்) (The Hon. Speaker) ගරු ා්ත්‍රීව්‍රු ිර ථ බ්ා ශව්‍්්. ිරක් ශශ ඇශහ්ශ් ්ැහැ.","ගු එ න.එම්. රිතිකාර් හරා (ைொண்புைிகு எஸ்.எம். ைொிக்கொர்) (The Hon. S.M. Marikkar) ගරු ාද්දක තුාිර ාට අව්‍්ථාදව්‍ ශා්්. ගු කථානායකුර ා (ைொண்புைிகு சபொநொயகர் அவர்கள்) (The Hon. Speaker) ගරු අනු කුාද ිර්ද්දක ාැිරතුාදශ ද ණක ිරක්්. ගු අනුර දි ානායක හරා (ைொண்புைிகு அநுர திஸொநொயக்க) (The Hon. Anura Dissanayaka) ගරු ාද්දක තුාිර හිටපු න්දධිපිර ාහි්ා දනපක්ෂ හිටපු න්දධිපිර ශගෝධදාක දනපක්ෂ හිටපු මුාල් අාදතය ඳැියල් දනපක්ෂ හිටපු ාහ ඳැාකු අධිපිර අික්, ිරව්‍දඩ් බ් දල් යට ශප හිටපු ාහ ඳැාකු අධිපිර ඩබ්ලිය.ඩී. කක්ෂථා් ව්‍දශ ා මුාල් අාදතයදා ශය් හිටපු ශල් ්ථ.ආක. ආස්ගක ඇතුළු ණ්ඩදකාක් ශාා ්ඩුශව්‍් පැහැිරලි ශක්ා ආකථි ඝදත යි් ශක් හඳු්ව්‍ද ිරශඳ්ව්‍ද.

ගු ප්‍ර ් න රතුරාංග හරා (ைொண்புைிகு பிரசன்ன ரணதுங்க) (The Hon. Prasanna Ranatunga) ගරු ාද්දක තුාිර ීමිර ප්‍ර ථ්කක් ිරශඳ්ව්‍ද. ගු අනුර දි ානායක හරා (ைொண்புைிகு அநுர திஸொநொயக்க) (The Hon. Anura Dissanayaka) ාශ ාදව්‍ අව්‍්් ් ල් ද්්ශ ෝ. ගු ප්‍ර ් න රතුරාංග හරා (ைொண்புைிகு பிரசன்ன ரணதுங்க) (The Hon. Prasanna Ranatunga) ්ඩු තී්දුශය ිරශඳ්ව්‍ද ා ආකථි ඝදත ශකක් ිරකකද?

[මූලා නන අත පරිදි නවත් කරන ලදී.] [அக்கிரொசனக் கட்டமளப்படி அகற்றப்பட்டுள்ளது] [Expunged on the order of the Chair.]

[ඳදධ්‍ද ිරීමාක්]

ගු අනුර දි ානායක හරා (ைொண்புைிகு அநுர திஸொநொயக்க) (The Hon. Anura Dissanayaka) හිප හිප ගරු ඇාිරතුාද. ගරු ාද්දක තුාිර තුාද ීමිර ප්‍ර ථ්කක් අහ්ව්‍ද. හිප ව්‍ැාග්,. [ඳදධ්‍ද ිරීමාක්] ගරු ඇාිරතුාද ව්‍ැාග්, ීමිර ප්‍ර ථ්කක් අහ්ව්‍ද.

ගු ප්‍ර ් න රතුරාංග හරා (ைொண்புைிகு பிரசன்ன ரணதுங்க) (The Hon. Prasanna Ranatunga) ගරු ාද්දක තුාිර තුාද ශ ගැ් ව්‍ැස්ිර අකා ා්කක් ්ව්‍ද. [ඳදධ්‍ද ිරීමාක්] ගරු ා්ත්‍රීතුාිර ව්‍ැ ිරයි. ශහා ්් පද. ාා ශ ගැ් පැහැිරලි ිරීමාක් ්් .

ගු අනුර දි ානායක හරා (ைொண்புைிகு அநுர திஸொநொயக்க) (The Hon. Anura Dissanayaka) ගරු ාද්දක තුාිර ආණ්ඩු පක්ෂශය් ප්‍රධ්‍ද් ්ාවිධ්‍දක තුාද ිරක් ශශ පැහැිරලියි. [ඳදධ්‍ද ිරීම ]

ගු කථානායකුර ා (ைொண்புைிகு சபொநொயகர் அவர்கள்) (The Hon. Speaker) ගරු ා්ත්‍රීව්‍රු ිර ථ බ්ා ශව්‍්්. ිරක් ශශ ඇශහ්ශ් ්ැහැ.",ගු එ න.එම්. රිතිකාර් හරා (ைொண்புைிகு எஸ்.எம். ைொிக்கொர்) (The Hon. S.M. Marikkar) ගරු ාද්දක තුාිර,2023-11-17,2023-11-17-2023-11-17,"ගු එ න.එම්. රිතිකාර් හරා (ைொண்புைிகு எஸ்.எம். ைொிக்கொர்) (The Hon. S.M. Marikkar) ගරු ාද්දක තුාිර ාට අව්‍්ථාදව්‍ ශා්්. ගු කථානායකුර ා (ைொண்புைிகு சபொநொயகர் அவர்கள்) (The Hon. Speaker) ගරු අනු කුාද ිර්ද්දක ාැිරතුාදශ ද ණක ිරක්්. ගු අනුර දි ානායක හරා (ைொண்புைிகு அநுர திஸொநொயக்க) (The Hon. Anura Dissanayaka) ගරු ාද්දක තුාිර හිටපු න්දධිපිර ාහි්ා දනපක්ෂ හිටපු න්දධිපිර ශගෝධදාක දනපක්ෂ හිටපු මුාල් අාදතය ඳැියල් දනපක්ෂ හිටපු ාහ ඳැාකු අධිපිර අික්, ිරව්‍දඩ් බ් දල් යට ශප හිටපු ාහ ඳැාකු අධිපිර ඩබ්ලිය.ඩී. කක්ෂථා් ව්‍දශ ා මුාල් අාදතයදා ශය් හිටපු ශල් ්ථ.ආක. ආස්ගක ඇතුළු ණ්ඩදකාක් ශාා ්ඩුශව්‍් පැහැිරලි ශක්ා ආකථි ඝදත යි් ශක් හඳු්ව්‍ද ිරශඳ්ව්‍ද.

ගු ප්‍ර ් න රතුරාංග හරා (ைொண்புைிகு பிரசன்ன ரணதுங்க) (The Hon. Prasanna Ranatunga) ගරු ාද්දක තුාිර ීමිර ප්‍ර ථ්කක් ිරශඳ්ව්‍ද. ගු අනුර දි ානායක හරා (ைொண்புைிகு அநுர திஸொநொயக்க) (The Hon. Anura Dissanayaka) ාශ ාදව්‍ අව්‍්් ් ල් ද්්ශ ෝ. ගු ප්‍ර ් න රතුරාංග හරා (ைொண்புைிகு பிரசன்ன ரணதுங்க) (The Hon. Prasanna Ranatunga) ්ඩු තී්දුශය ිරශඳ්ව්‍ද ා ආකථි ඝදත ශකක් ිරකකද?

[මූලා නන අත පරිදි නවත් කරන ලදී.] [அக்கிரொசனக் கட்டமளப்படி அகற்றப்பட்டுள்ளது] [Expunged on the order of the Chair.]

[ඳදධ්‍ද ිරීමාක්]

ගු අනුර දි ානායක හරා (ைொண்புைிகு அநுர திஸொநொயக்க) (The Hon. Anura Dissanayaka) හිප හිප ගරු ඇාිරතුාද. ගරු ාද්දක තුාිර තුාද ීමිර ප්‍ර ථ්කක් අහ්ව්‍ද. හිප ව්‍ැාග්,. [ඳදධ්‍ද ිරීමාක්] ගරු ඇාිරතුාද ව්‍ැාග්, ීමිර ප්‍ර ථ්කක් අහ්ව්‍ද.

ගු ප්‍ර ් න රතුරාංග හරා (ைொண்புைிகு பிரசன்ன ரணதுங்க) (The Hon. Prasanna Ranatunga) ගරු ාද්දක තුාිර තුාද ශ ගැ් ව්‍ැස්ිර අකා ා්කක් ්ව්‍ද. [ඳදධ්‍ද ිරීමාක්] ගරු ා්ත්‍රීතුාිර ව්‍ැ ිරයි. ශහා ්් පද. ාා ශ ගැ් පැහැිරලි ිරීමාක් ්් .

ගු අනුර දි ානායක හරා (ைொண்புைிகு அநுர திஸொநொயக்க) (The Hon. Anura Dissanayaka) ගරු ාද්දක තුාිර ආණ්ඩු පක්ෂශය් ප්‍රධ්‍ද් ්ාවිධ්‍දක තුාද ිරක් ශශ පැහැිරලියි. [ඳදධ්‍ද ිරීම ]

ගු කථානායකුර ා (ைொண்புைிகு சபொநொயகர் அவர்கள்) (The Hon. Speaker) ගරු ා්ත්‍රීව්‍රු ිර ථ බ්ා ශව්‍්්. ිරක් ශශ ඇශහ්ශ් ්ැහැ.",hansard,1.0,1
lk_hansard_2020s,2023-11-17-2023-11-17,2023-11-17,2023-11-17,"Hansard of November 17, 2023",https://www.parliament.lk/en/business-of-parliament/hansards,si-ta-en,https://www.parliament.lk/uploads/documents/hansard/1701515168057680.pdf,2023-11-17-2023-11-17-0014,14,si-ta-en,51daeb1940e929feb4a198e5292b23c7,4501,"ගු අනුර දි ානායක හරා (ைொண்புைிகு அநுர திஸொநொயக்க) (The Hon. Anura Dissanayaka) ගරු ාද්දක තුාිර ආණ්ඩු පක්ෂශය් ප්‍රධ්‍ද් ්ාවිධ්‍දක තුාද ිරක් ශශ පැහැිරලියි. [ඳදධ්‍ද ිරීම ]

ගු කථානායකුර ා (ைொண்புைிகு சபொநொயகர் அவர்கள்) (The Hon. Speaker) ගරු ා්ත්‍රීව්‍රු ිර ථ බ්ා ශව්‍්්. ිරක් ශශ ඇශහ්ශ් ්ැහැ.

ගරු ාද්දක තුාිර ශ ිරක් තක ක අනුව්‍ ඳ්දුක ශූීම් තායි ශරේෂථධදධි ණශය් ශපනී ද්් ිරබුශණ්. ශරේෂථධදධි ණක ශ පිිබඳඳව්‍ දීකඝව්‍ විව්‍දා කද ්ද ච්ඡද කද ව්‍යව්‍්ථාදව්‍ අකා ිරරූපණක ් ණ්ඩදක පිිබඳඳව්‍ රුණු දිරිපප්, ළදට පජීව්‍ තායි ශ තී්දුව්‍ කඳද දීකද ිරශඳ්ශ්. ිර්ද තා්ශ ශශ පදක් හිතව්‍්, ාත ාද ්් ශහොඳ ්ැහැ. පැ්,තිර් ාට හිශත්ව්‍ද ඳ්දුකශ ්ා ්ැ්,ශ්, ඇයි ිරකකද ්ගදටුව්‍ක් ිරශඳ්ව්‍දා ා්ශ්්, ්ැහැ ිරකකද. ඳ්දුක ගුණව්‍කධ්‍් ඇාිරතුාිර ආකථි ක ගැ් ශ පදකලිශ ්තුශය හැා ශව්‍කදශයා ාද ශළේ ඔඳතුාද. හැඳැයි ආකථි ඝදත්කට හවුල් වුණු ඳව්‍ට ඔඳතුාදශ ්ා ්ඳහ් ශව්‍කද ්ැහැ. ිර්ද පිිබඳඳව්‍්, ඔඳතුාදට ක ්ගදටුව්‍ක් ිරශඳ්ව්‍දා ා්ශ් ්ැහැ. තශ ොට ඔඳතුාද ආණ්ඩුශය ආකථි ව්‍ළල්ශල් ශ ොට්ථ රුශව්‍කු ශ්ොශව්‍යි ිරක් පිිබඳඳව්‍ ක ශ ෝ දකදපකක් ිරශඳ්ව්‍ද ා ිරක් ප්‍ර ථ්ක්, ශාතැ්දී පැ් ්ින්ව්‍ද. ශහා ශ්ොශව්‍යි ් ාක් ්ැහැ. ගරු ාද්දක තුාිර ශ ආකථි ක ඩද ව්‍ැට්ටවීා පිිබඳඳව්‍ දතද පැහැිරලි ශක් ඔවු් ශචෝා්ද කඳද ිරශඳ්ව්‍ද.

ාා ාැ් ඔඳතුාදශග් අහ්ශ් ශ යි. පදකලිශ ්තු විශ ේෂ ද ්ාදව්‍ක් ිරශඳ්ව්‍ද ශ ආකථි ක ඩද ව්‍ැටුශණ් ශ ොශහොාා ිරකකද ශ්ොකද ඳක්්. ාැ් විශ ේෂ ද ්ාදශව්‍් පකක් ්ැහැ. ශ ආකථි ක ඩද ව්‍ැශට්් ශහේතු වුශණ් වුා ට ාැිරහ්, වුශණ් වුා ිරක් පිිබඳඳව්‍ ශරේෂථධදධි ණශක් දතද පැහැිරලි ිරව්‍ැ ිර තී්දුව්‍ක් කඳද දී ිරබිකදී තව්‍දු ට්, පදකලිශ ්තුශය දකක මුාල් ්ද්ථිර ශ්ො විශ ේෂ ද ්ාදව්‍්, ්ත ්් ිරක් දල්ලීා තායි අපට ඔඳතුාදශග් ්් ිරශඳ්ශ්.

785 786

202] ශ්ොව්‍ැ ඳක 17

ගු වි ල් වීරවාංශ් හරා (ைொண்புைிகு விைல் வீரவங்ஸ) (The Hon. Wimal Weerawansa) ගරු ාද්දක තුාිර - ගු නදාර්ය) බ් ෂ්ල ගුතවර්නන හරා (ைொண்புைிகு (கலொநிதி) பந்துல குணவர்தன) (The Hon. (Dr.) Bandula Gunawardana)

නැඟී සිටින ය. எழுந்தொர். rose.","ගු අනුර දි ානායක හරා (ைொண்புைிகு அநுர திஸொநொயக்க) (The Hon. Anura Dissanayaka) ගරු ාද්දක තුාිර ආණ්ඩු පක්ෂශය් ප්‍රධ්‍ද් ්ාවිධ්‍දක තුාද ිරක් ශශ පැහැිරලියි. [ඳදධ්‍ද ිරීම ]

ගු කථානායකුර ා (ைொண்புைிகு சபொநொயகர் அவர்கள்) (The Hon. Speaker) ගරු ා්ත්‍රීව්‍රු ිර ථ බ්ා ශව්‍්්. ිරක් ශශ ඇශහ්ශ් ්ැහැ.

ගරු ාද්දක තුාිර ශ ිරක් තක ක අනුව්‍ ඳ්දුක ශූීම් තායි ශරේෂථධදධි ණශය් ශපනී ද්් ිරබුශණ්. ශරේෂථධදධි ණක ශ පිිබඳඳව්‍ දීකඝව්‍ විව්‍දා කද ්ද ච්ඡද කද ව්‍යව්‍්ථාදව්‍ අකා ිරරූපණක ් ණ්ඩදක පිිබඳඳව්‍ රුණු දිරිපප්, ළදට පජීව්‍ තායි ශ තී්දුව්‍ කඳද දීකද ිරශඳ්ශ්. ිර්ද තා්ශ ශශ පදක් හිතව්‍්, ාත ාද ්් ශහොඳ ්ැහැ. පැ්,තිර් ාට හිශත්ව්‍ද ඳ්දුකශ ්ා ්ැ්,ශ්, ඇයි ිරකකද ්ගදටුව්‍ක් ිරශඳ්ව්‍දා ා්ශ්්, ්ැහැ ිරකකද. ඳ්දුක ගුණව්‍කධ්‍් ඇාිරතුාිර ආකථි ක ගැ් ශ පදකලිශ ්තුශය හැා ශව්‍කදශයා ාද ශළේ ඔඳතුාද. හැඳැයි ආකථි ඝදත්කට හවුල් වුණු ඳව්‍ට ඔඳතුාදශ ්ා ්ඳහ් ශව්‍කද ්ැහැ. ිර්ද පිිබඳඳව්‍්, ඔඳතුාදට ක ්ගදටුව්‍ක් ිරශඳ්ව්‍දා ා්ශ් ්ැහැ. තශ ොට ඔඳතුාද ආණ්ඩුශය ආකථි ව්‍ළල්ශල් ශ ොට්ථ රුශව්‍කු ශ්ොශව්‍යි ිරක් පිිබඳඳව්‍ ක ශ ෝ දකදපකක් ිරශඳ්ව්‍ද ා ිරක් ප්‍ර ථ්ක්, ශාතැ්දී පැ් ්ින්ව්‍ද. ශහා ශ්ොශව්‍යි ් ාක් ්ැහැ. ගරු ාද්දක තුාිර ශ ආකථි ක ඩද ව්‍ැට්ටවීා පිිබඳඳව්‍ දතද පැහැිරලි ශක් ඔවු් ශචෝා්ද කඳද ිරශඳ්ව්‍ද.

ාා ාැ් ඔඳතුාදශග් අහ්ශ් ශ යි. පදකලිශ ්තු විශ ේෂ ද ්ාදව්‍ක් ිරශඳ්ව්‍ද ශ ආකථි ක ඩද ව්‍ැටුශණ් ශ ොශහොාා ිරකකද ශ්ොකද ඳක්්. ාැ් විශ ේෂ ද ්ාදශව්‍් පකක් ්ැහැ. ශ ආකථි ක ඩද ව්‍ැශට්් ශහේතු වුශණ් වුා ට ාැිරහ්, වුශණ් වුා ිරක් පිිබඳඳව්‍ ශරේෂථධදධි ණශක් දතද පැහැිරලි ිරව්‍ැ ිර තී්දුව්‍ක් කඳද දී ිරබිකදී තව්‍දු ට්, පදකලිශ ්තුශය දකක මුාල් ්ද්ථිර ශ්ො විශ ේෂ ද ්ාදව්‍්, ්ත ්් ිරක් දල්ලීා තායි අපට ඔඳතුාදශග් ්් ිරශඳ්ශ්.

785 786

202] ශ්ොව්‍ැ ඳක 17

ගු වි ල් වීරවාංශ් හරා (ைொண்புைிகு விைல் வீரவங்ஸ) (The Hon. Wimal Weerawansa) ගරු ාද්දක තුාිර - ගු නදාර්ය) බ් ෂ්ල ගුතවර්නන හරා (ைொண்புைிகு (கலொநிதி) பந்துல குணவர்தன) (The Hon. (Dr.) Bandula Gunawardana)

නැඟී සිටින ය. எழுந்தொர். rose.",ගු අනුර දි ානායක හරා (ைொண்புைிகு அநுர திஸொநொயக்க) (The Hon. Anura Dissanayaka) ගරු ාද්දක තුාිර ආණ,2023-11-17,2023-11-17-2023-11-17,"ගු අනුර දි ානායක හරා (ைொண்புைிகு அநுர திஸொநொயக்க) (The Hon. Anura Dissanayaka) ගරු ාද්දක තුාිර ආණ්ඩු පක්ෂශය් ප්‍රධ්‍ද් ්ාවිධ්‍දක තුාද ිරක් ශශ පැහැිරලියි. [ඳදධ්‍ද ිරීම ]

ගු කථානායකුර ා (ைொண்புைிகு சபொநொயகர் அவர்கள்) (The Hon. Speaker) ගරු ා්ත්‍රීව්‍රු ිර ථ බ්ා ශව්‍්්. ිරක් ශශ ඇශහ්ශ් ්ැහැ.

ගරු ාද්දක තුාිර ශ ිරක් තක ක අනුව්‍ ඳ්දුක ශූීම් තායි ශරේෂථධදධි ණශය් ශපනී ද්් ිරබුශණ්. ශරේෂථධදධි ණක ශ පිිබඳඳව්‍ දීකඝව්‍ විව්‍දා කද ්ද ච්ඡද කද ව්‍යව්‍්ථාදව්‍ අකා ිරරූපණක ් ණ්ඩදක පිිබඳඳව්‍ රුණු දිරිපප්, ළදට පජීව්‍ තායි ශ තී්දුව්‍ කඳද දීකද ිරශඳ්ශ්. ිර්ද තා්ශ ශශ පදක් හිතව්‍්, ාත ාද ්් ශහොඳ ්ැහැ. පැ්,තිර් ාට හිශත්ව්‍ද ඳ්දුකශ ්ා ්ැ්,ශ්, ඇයි ිරකකද ්ගදටුව්‍ක් ිරශඳ්ව්‍දා ා්ශ්්, ්ැහැ ිරකකද. ඳ්දුක ගුණව්‍කධ්‍් ඇාිරතුාිර ආකථි ක ගැ් ශ පදකලිශ ්තුශය හැා ශව්‍කදශයා ාද ශළේ ඔඳතුාද. හැඳැයි ආකථි ඝදත්කට හවුල් වුණු ඳව්‍ට ඔඳතුාදශ ්ා ්ඳහ් ශව්‍කද ්ැහැ. ිර්ද පිිබඳඳව්‍්, ඔඳතුාදට ක ්ගදටුව්‍ක් ිරශඳ්ව්‍දා ා්ශ් ්ැහැ. තශ ොට ඔඳතුාද ආණ්ඩුශය ආකථි ව්‍ළල්ශල් ශ ොට්ථ රුශව්‍කු ශ්ොශව්‍යි ිරක් පිිබඳඳව්‍ ක ශ ෝ දකදපකක් ිරශඳ්ව්‍ද ා ිරක් ප්‍ර ථ්ක්, ශාතැ්දී පැ් ්ින්ව්‍ද. ශහා ශ්ොශව්‍යි ් ාක් ්ැහැ. ගරු ාද්දක තුාිර ශ ආකථි ක ඩද ව්‍ැට්ටවීා පිිබඳඳව්‍ දතද පැහැිරලි ශක් ඔවු් ශචෝා්ද කඳද ිරශඳ්ව්‍ද.

ාා ාැ් ඔඳතුාදශග් අහ්ශ් ශ යි. පදකලිශ ්තු විශ ේෂ ද ්ාදව්‍ක් ිරශඳ්ව්‍ද ශ ආකථි ක ඩද ව්‍ැටුශණ් ශ ොශහොාා ිරකකද ශ්ොකද ඳක්්. ාැ් විශ ේෂ ද ්ාදශව්‍් පකක් ්ැහැ. ශ ආකථි ක ඩද ව්‍ැශට්් ශහේතු වුශණ් වුා ට ාැිරහ්, වුශණ් වුා ිරක් පිිබඳඳව්‍ ශරේෂථධදධි ණශක් දතද පැහැිරලි ිරව්‍ැ ිර තී්දුව්‍ක් කඳද දී ිරබිකදී තව්‍දු ට්, පදකලිශ ්තුශය දකක මුාල් ්ද්ථිර ශ්ො විශ ේෂ ද ්ාදව්‍්, ්ත ්් ිරක් දල්ලීා තායි අපට ඔඳතුාදශග් ්් ිරශඳ්ශ්.

785 786

202] ශ්ොව්‍ැ ඳක 17

ගු වි ල් වීරවාංශ් හරා (ைொண்புைிகு விைல் வீரவங்ஸ) (The Hon. Wimal Weerawansa) ගරු ාද්දක තුාිර - ගු නදාර්ය) බ් ෂ්ල ගුතවර්නන හරා (ைொண்புைிகு (கலொநிதி) பந்துல குணவர்தன) (The Hon. (Dr.) Bandula Gunawardana)

නැඟී සිටින ය. எழுந்தொர். rose.",hansard,1.0,1
lk_hansard_2020s,2023-11-17-2023-11-17,2023-11-17,2023-11-17,"Hansard of November 17, 2023",https://www.parliament.lk/en/business-of-parliament/hansards,si-ta-en,https://www.parliament.lk/uploads/documents/hansard/1701515168057680.pdf,2023-11-17-2023-11-17-0015,15,si-ta-en,a789cb810a905655c1ab410536860634,4498,"ගු වි ල් වීරවාංශ් හරා (ைொண்புைிகு விைல் வீரவங்ஸ) (The Hon. Wimal Weerawansa) ගරු ාද්දක තුාිර - ගු නදාර්ය) බ් ෂ්ල ගුතවර්නන හරා (ைொண்புைிகு (கலொநிதி) பந்துல குணவர்தன) (The Hon. (Dr.) Bandula Gunawardana)

නැඟී සිටින ය. எழுந்தொர். rose.

ගරු ාද්දක තුාිර ගරු ඳ්දුක ගුණව්‍කධ්‍් ඇාිරතුාද ශරේෂථධදධි ණශය් තී්දුව්‍ට අාදළ රුණු ව්‍ගකක් තායි ශාතැ්දී ාතු ශළේ. තුාද ිරක් විධිකට නීිර අණප්්, ිරශඳ්ව්‍ද ් ව්‍දශ ා ිරකධ්‍දිප් විිය් ශානු කඳ් උපශා්ථ අනුව්‍ ටයුතු ්ව්‍ද ් ශ ්ාදව්‍ ාහන් ඡ්ාශක් ශ්,ීම ප්, වීශ ිරියා ශ්,රුාක් ්ැහැ. ාා උාදහ ණකක් - ශ ළ ා උාදහ ණකක් - ිරක්් . ක්‍රීඩද ඇාිරව්‍ කද ක්‍රි ට් පදක ාණ්ඩකක අයි් කද අතුරු මිටුව්‍ක් ප්, ළද. යට පජීව්‍ ැබි්ට් ස්්ථ වුණද. ැබි්ට් ස්්ථ ශව්‍කද ග්,තු තී ණක ගැ් ශ්ොක්් ශව්‍්ා අනු මිටුව්‍ක් ප්, ළද. අනු මිටුශව්‍් ප්ථශ්ේ ැබි්ට් ාණ්ඩකක තී්දුව්‍ක් ග්,තද ැබි්ට් අනුාැිරශක් ශතො ව්‍ යළ ට ් ශාො ක් හිප ටයු්,ත ්් ඳැහැ ිරකකද. ප්ශ්, ශහා ්ැහැ. අ්් විධ්‍දක ශය් ඳකක ශාො ක්ා?

ාා තව්‍්, උාදහ ණකක් ිරක්් . හිටපු න්දධිපිරව්‍ කදට රුපිකක ් පූකණශක් අව්‍ප්‍රාදණක ්් ිරකකද ශකෝන්ද ශළේ ද්ිරකදශය ද්් මිලි්ා ශාො ශගොඩ ාහ්,ාකද. ඔහු ිරයව්‍ද ශ ශළෝ, තායි දිරිප ණක මුාක ශා්් පුළුව්‍් ිරකකද ද්ිරකදව්‍ ිරක් ඳව්‍. තශ ොට න්දධිපිරව්‍ කද ශ ගැ් තව්‍දු ට්, විා්ද ඳැලුව්‍ද හිටපු ාහ ඳැාකු අධිපිර ද්ද්‍රික්, කුාද ්ථව්‍දමි ාැිරතුාදශග්. තුාද ිරයව්‍ද තායි ්ල්ක ව්‍ැශඩ් ිරකකද.

යළ ට ශාො ා වුශණ්? අඩු ගණශ් න්දධිපිරව්‍ කදට යුතු ාක් ිරබුණද ශකෝන්දව්‍ ැබි්ට් ාණ්ඩකකට ශ ්් ිරක්්. ශහා ිරයව්‍ද ් අලුිර් ආපු ාහ ඳැාකු අධිපිරව්‍ කද ිරකයි ා ඳැහැ ිරකකද? ශ ප්ත අනුව්‍ ශහා ්් ාට ඕ්න ්ැහැ ිරකකද? විත ක් ශ්ොශව්‍යි. න්දධිපිරට ශාොළක කඳක් හිප ිරබුණද ් ශකෝන්දව්‍ පදකලිශ ්තුව්‍ට්, ශ ්් ිරබුණද. ශහා වුණද ් ාහ ඳැාකුශය ශ ද්් අධිපිරට ඳකකක් ්ැහැ ක ශ්ො ද්්. නීිර ශපෝ,ව්‍ක ශාෝව්‍ද ිරබුණ්, විධ්‍දක ක හද ැබි්ට් ාණ්ඩකක තී ණකක් ග්්ව්‍ද ් අභිාව්‍්් ඔහු උ්දවි ක්් ඕ්න. ිර්ද නීිර ශපොශ්, ිරශඳ් රුණු විත ක් ශාතැ් දිරිපප්, කද ශ ශ ් ගැකශව්‍්් හා්් පද.","ගු වි ල් වීරවාංශ් හරා (ைொண்புைிகு விைல் வீரவங்ஸ) (The Hon. Wimal Weerawansa) ගරු ාද්දක තුාිර - ගු නදාර්ය) බ් ෂ්ල ගුතවර්නන හරා (ைொண்புைிகு (கலொநிதி) பந்துல குணவர்தன) (The Hon. (Dr.) Bandula Gunawardana)

නැඟී සිටින ය. எழுந்தொர். rose.

ගරු ාද්දක තුාිර ගරු ඳ්දුක ගුණව්‍කධ්‍් ඇාිරතුාද ශරේෂථධදධි ණශය් තී්දුව්‍ට අාදළ රුණු ව්‍ගකක් තායි ශාතැ්දී ාතු ශළේ. තුාද ිරක් විධිකට නීිර අණප්්, ිරශඳ්ව්‍ද ් ව්‍දශ ා ිරකධ්‍දිප් විිය් ශානු කඳ් උපශා්ථ අනුව්‍ ටයුතු ්ව්‍ද ් ශ ්ාදව්‍ ාහන් ඡ්ාශක් ශ්,ීම ප්, වීශ ිරියා ශ්,රුාක් ්ැහැ. ාා උාදහ ණකක් - ශ ළ ා උාදහ ණකක් - ිරක්් . ක්‍රීඩද ඇාිරව්‍ කද ක්‍රි ට් පදක ාණ්ඩකක අයි් කද අතුරු මිටුව්‍ක් ප්, ළද. යට පජීව්‍ ැබි්ට් ස්්ථ වුණද. ැබි්ට් ස්්ථ ශව්‍කද ග්,තු තී ණක ගැ් ශ්ොක්් ශව්‍්ා අනු මිටුව්‍ක් ප්, ළද. අනු මිටුශව්‍් ප්ථශ්ේ ැබි්ට් ාණ්ඩකක තී්දුව්‍ක් ග්,තද ැබි්ට් අනුාැිරශක් ශතො ව්‍ යළ ට ් ශාො ක් හිප ටයු්,ත ්් ඳැහැ ිරකකද. ප්ශ්, ශහා ්ැහැ. අ්් විධ්‍දක ශය් ඳකක ශාො ක්ා?

ාා තව්‍්, උාදහ ණකක් ිරක්් . හිටපු න්දධිපිරව්‍ කදට රුපිකක ් පූකණශක් අව්‍ප්‍රාදණක ්් ිරකකද ශකෝන්ද ශළේ ද්ිරකදශය ද්් මිලි්ා ශාො ශගොඩ ාහ්,ාකද. ඔහු ිරයව්‍ද ශ ශළෝ, තායි දිරිප ණක මුාක ශා්් පුළුව්‍් ිරකකද ද්ිරකදව්‍ ිරක් ඳව්‍. තශ ොට න්දධිපිරව්‍ කද ශ ගැ් තව්‍දු ට්, විා්ද ඳැලුව්‍ද හිටපු ාහ ඳැාකු අධිපිර ද්ද්‍රික්, කුාද ්ථව්‍දමි ාැිරතුාදශග්. තුාද ිරයව්‍ද තායි ්ල්ක ව්‍ැශඩ් ිරකකද.

යළ ට ශාො ා වුශණ්? අඩු ගණශ් න්දධිපිරව්‍ කදට යුතු ාක් ිරබුණද ශකෝන්දව්‍ ැබි්ට් ාණ්ඩකකට ශ ්් ිරක්්. ශහා ිරයව්‍ද ් අලුිර් ආපු ාහ ඳැාකු අධිපිරව්‍ කද ිරකයි ා ඳැහැ ිරකකද? ශ ප්ත අනුව්‍ ශහා ්් ාට ඕ්න ්ැහැ ිරකකද? විත ක් ශ්ොශව්‍යි. න්දධිපිරට ශාොළක කඳක් හිප ිරබුණද ් ශකෝන්දව්‍ පදකලිශ ්තුව්‍ට්, ශ ්් ිරබුණද. ශහා වුණද ් ාහ ඳැාකුශය ශ ද්් අධිපිරට ඳකකක් ්ැහැ ක ශ්ො ද්්. නීිර ශපෝ,ව්‍ක ශාෝව්‍ද ිරබුණ්, විධ්‍දක ක හද ැබි්ට් ාණ්ඩකක තී ණකක් ග්්ව්‍ද ් අභිාව්‍්් ඔහු උ්දවි ක්් ඕ්න. ිර්ද නීිර ශපොශ්, ිරශඳ් රුණු විත ක් ශාතැ් දිරිපප්, කද ශ ශ ් ගැකශව්‍්් හා්් පද.",ගු වි ල් වීරවාංශ් හරා (ைொண்புைிகு விைல் வீரவங்ஸ) (The Hon. Wimal Weerawansa) ගරු ාද්දක තුාිර - ගු න,2023-11-17,2023-11-17-2023-11-17,"ගු වි ල් වීරවාංශ් හරා (ைொண்புைிகு விைல் வீரவங்ஸ) (The Hon. Wimal Weerawansa) ගරු ාද්දක තුාිර - ගු නදාර්ය) බ් ෂ්ල ගුතවර්නන හරා (ைொண்புைிகு (கலொநிதி) பந்துல குணவர்தன) (The Hon. (Dr.) Bandula Gunawardana)

නැඟී සිටින ය. எழுந்தொர். rose.

ගරු ාද්දක තුාිර ගරු ඳ්දුක ගුණව්‍කධ්‍් ඇාිරතුාද ශරේෂථධදධි ණශය් තී්දුව්‍ට අාදළ රුණු ව්‍ගකක් තායි ශාතැ්දී ාතු ශළේ. තුාද ිරක් විධිකට නීිර අණප්්, ිරශඳ්ව්‍ද ් ව්‍දශ ා ිරකධ්‍දිප් විිය් ශානු කඳ් උපශා්ථ අනුව්‍ ටයුතු ්ව්‍ද ් ශ ්ාදව්‍ ාහන් ඡ්ාශක් ශ්,ීම ප්, වීශ ිරියා ශ්,රුාක් ්ැහැ. ාා උාදහ ණකක් - ශ ළ ා උාදහ ණකක් - ිරක්් . ක්‍රීඩද ඇාිරව්‍ කද ක්‍රි ට් පදක ාණ්ඩකක අයි් කද අතුරු මිටුව්‍ක් ප්, ළද. යට පජීව්‍ ැබි්ට් ස්්ථ වුණද. ැබි්ට් ස්්ථ ශව්‍කද ග්,තු තී ණක ගැ් ශ්ොක්් ශව්‍්ා අනු මිටුව්‍ක් ප්, ළද. අනු මිටුශව්‍් ප්ථශ්ේ ැබි්ට් ාණ්ඩකක තී්දුව්‍ක් ග්,තද ැබි්ට් අනුාැිරශක් ශතො ව්‍ යළ ට ් ශාො ක් හිප ටයු්,ත ්් ඳැහැ ිරකකද. ප්ශ්, ශහා ්ැහැ. අ්් විධ්‍දක ශය් ඳකක ශාො ක්ා?

ාා තව්‍්, උාදහ ණකක් ිරක්් . හිටපු න්දධිපිරව්‍ කදට රුපිකක ් පූකණශක් අව්‍ප්‍රාදණක ්් ිරකකද ශකෝන්ද ශළේ ද්ිරකදශය ද්් මිලි්ා ශාො ශගොඩ ාහ්,ාකද. ඔහු ිරයව්‍ද ශ ශළෝ, තායි දිරිප ණක මුාක ශා්් පුළුව්‍් ිරකකද ද්ිරකදව්‍ ිරක් ඳව්‍. තශ ොට න්දධිපිරව්‍ කද ශ ගැ් තව්‍දු ට්, විා්ද ඳැලුව්‍ද හිටපු ාහ ඳැාකු අධිපිර ද්ද්‍රික්, කුාද ්ථව්‍දමි ාැිරතුාදශග්. තුාද ිරයව්‍ද තායි ්ල්ක ව්‍ැශඩ් ිරකකද.

යළ ට ශාො ා වුශණ්? අඩු ගණශ් න්දධිපිරව්‍ කදට යුතු ාක් ිරබුණද ශකෝන්දව්‍ ැබි්ට් ාණ්ඩකකට ශ ්් ිරක්්. ශහා ිරයව්‍ද ් අලුිර් ආපු ාහ ඳැාකු අධිපිරව්‍ කද ිරකයි ා ඳැහැ ිරකකද? ශ ප්ත අනුව්‍ ශහා ්් ාට ඕ්න ්ැහැ ිරකකද? විත ක් ශ්ොශව්‍යි. න්දධිපිරට ශාොළක කඳක් හිප ිරබුණද ් ශකෝන්දව්‍ පදකලිශ ්තුව්‍ට්, ශ ්් ිරබුණද. ශහා වුණද ් ාහ ඳැාකුශය ශ ද්් අධිපිරට ඳකකක් ්ැහැ ක ශ්ො ද්්. නීිර ශපෝ,ව්‍ක ශාෝව්‍ද ිරබුණ්, විධ්‍දක ක හද ැබි්ට් ාණ්ඩකක තී ණකක් ග්්ව්‍ද ් අභිාව්‍්් ඔහු උ්දවි ක්් ඕ්න. ිර්ද නීිර ශපොශ්, ිරශඳ් රුණු විත ක් ශාතැ් දිරිපප්, කද ශ ශ ් ගැකශව්‍්් හා්් පද.",hansard,1.0,1
lk_hansard_2020s,2023-11-17-2023-11-17,2023-11-17,2023-11-17,"Hansard of November 17, 2023",https://www.parliament.lk/en/business-of-parliament/hansards,si-ta-en,https://www.parliament.lk/uploads/documents/hansard/1701515168057680.pdf,2023-11-17-2023-11-17-0016,16,si-ta-en,ca3647bb53b2e4f5cccd5fcaf2b2d15d,3403,"යළ ට ශාො ා වුශණ්? අඩු ගණශ් න්දධිපිරව්‍ කදට යුතු ාක් ිරබුණද ශකෝන්දව්‍ ැබි්ට් ාණ්ඩකකට ශ ්් ිරක්්. ශහා ිරයව්‍ද ් අලුිර් ආපු ාහ ඳැාකු අධිපිරව්‍ කද ිරකයි ා ඳැහැ ිරකකද? ශ ප්ත අනුව්‍ ශහා ්් ාට ඕ්න ්ැහැ ිරකකද? විත ක් ශ්ොශව්‍යි. න්දධිපිරට ශාොළක කඳක් හිප ිරබුණද ් ශකෝන්දව්‍ පදකලිශ ්තුව්‍ට්, ශ ්් ිරබුණද. ශහා වුණද ් ාහ ඳැාකුශය ශ ද්් අධිපිරට ඳකකක් ්ැහැ ක ශ්ො ද්්. නීිර ශපෝ,ව්‍ක ශාෝව්‍ද ිරබුණ්, විධ්‍දක ක හද ැබි්ට් ාණ්ඩකක තී ණකක් ග්්ව්‍ද ් අභිාව්‍්් ඔහු උ්දවි ක්් ඕ්න. ිර්ද නීිර ශපොශ්, ිරශඳ් රුණු විත ක් ශාතැ් දිරිපප්, කද ශ ශ ් ගැකශව්‍්් හා්් පද.

ගු එ න.එම්. රිතිකාර් හරා (ைொண்புைிகு எஸ்.எம். ைொிக்கொர்) (The Hon. S.M. Marikkar) ගරු ාද්දක තුාිර - ගු කථානායකුර ා (ைொண்புைிகு சபொநொயகர் அவர்கள்) (The Hon. Speaker) ගරු ්ථ. . ාිපක් දක ා්ත්‍රීතුාද. ගු එ න.එම්. රිතිකාර් හරා (ைொண்புைிகு எஸ்.எம். ைொிக்கொர்) (The Hon. S.M. Marikkar) ගරු ාද්දක තුාිර ගරු විපක්ෂ ්දක තුාද ිරකපු ද ණකා ාා ිරක්ශ් ්ැහැ. තුාද ිරකපු ශ්‍රී කා ද විගණ් ශ්ේව්‍ද ්ාගාශක් ිරකද ඇිර ද ණදව්‍කට හද කහි් COPE ශක් ්දාදික ශකකු විධිකටයි ාා ශ ද ණක ඔඳතුාදට දිරිපප්, ්ශ්.

මීට ශප COPE ශක් හිටපු ්ාදපිරව්‍රු agenda අපට යව්‍ද ට අාදළ ව්‍දකතද ලි්ා යව්‍ද. තශ ොට අපට ව්‍ද study කද ද ්ාදව්‍ට ්් පුළුව්‍් වුණද.

ාැ් ද්් ්ාදපිරව්‍ කද පද schedule ව්‍්ව්‍ද agenda ව්‍්ශ් ්ැහැ Report ව්‍්ශ්්, ්ැහැ. තශ ොට අධ්‍යක්කිර් ශතො ව්‍ තායි අපට ද ්ාදව්‍ට ්් ශව්‍්ශ්. ශහා ආව්‍දා තුාදට ඕ්න විධිකට - අ්,තශ්ෝාිර ශක් - තායි COPE ශාශහකව්‍්ශ්. අපි ප්‍ර ථ් ්ශ ොට අපට ාද ්් ශා්ශ් ්ැහැ.","යළ ට ශාො ා වුශණ්? අඩු ගණශ් න්දධිපිරව්‍ කදට යුතු ාක් ිරබුණද ශකෝන්දව්‍ ැබි්ට් ාණ්ඩකකට ශ ්් ිරක්්. ශහා ිරයව්‍ද ් අලුිර් ආපු ාහ ඳැාකු අධිපිරව්‍ කද ිරකයි ා ඳැහැ ිරකකද? ශ ප්ත අනුව්‍ ශහා ්් ාට ඕ්න ්ැහැ ිරකකද? විත ක් ශ්ොශව්‍යි. න්දධිපිරට ශාොළක කඳක් හිප ිරබුණද ් ශකෝන්දව්‍ පදකලිශ ්තුව්‍ට්, ශ ්් ිරබුණද. ශහා වුණද ් ාහ ඳැාකුශය ශ ද්් අධිපිරට ඳකකක් ්ැහැ ක ශ්ො ද්්. නීිර ශපෝ,ව්‍ක ශාෝව්‍ද ිරබුණ්, විධ්‍දක ක හද ැබි්ට් ාණ්ඩකක තී ණකක් ග්්ව්‍ද ් අභිාව්‍්් ඔහු උ්දවි ක්් ඕ්න. ිර්ද නීිර ශපොශ්, ිරශඳ් රුණු විත ක් ශාතැ් දිරිපප්, කද ශ ශ ් ගැකශව්‍්් හා්් පද.

ගු එ න.එම්. රිතිකාර් හරා (ைொண்புைிகு எஸ்.எம். ைொிக்கொர்) (The Hon. S.M. Marikkar) ගරු ාද්දක තුාිර - ගු කථානායකුර ා (ைொண்புைிகு சபொநொயகர் அவர்கள்) (The Hon. Speaker) ගරු ්ථ. . ාිපක් දක ා්ත්‍රීතුාද. ගු එ න.එම්. රිතිකාර් හරා (ைொண்புைிகு எஸ்.எம். ைொிக்கொர்) (The Hon. S.M. Marikkar) ගරු ාද්දක තුාිර ගරු විපක්ෂ ්දක තුාද ිරකපු ද ණකා ාා ිරක්ශ් ්ැහැ. තුාද ිරකපු ශ්‍රී කා ද විගණ් ශ්ේව්‍ද ්ාගාශක් ිරකද ඇිර ද ණදව්‍කට හද කහි් COPE ශක් ්දාදික ශකකු විධිකටයි ාා ශ ද ණක ඔඳතුාදට දිරිපප්, ්ශ්.

මීට ශප COPE ශක් හිටපු ්ාදපිරව්‍රු agenda අපට යව්‍ද ට අාදළ ව්‍දකතද ලි්ා යව්‍ද. තශ ොට අපට ව්‍ද study කද ද ්ාදව්‍ට ්් පුළුව්‍් වුණද.

ාැ් ද්් ්ාදපිරව්‍ කද පද schedule ව්‍්ව්‍ද agenda ව්‍්ශ් ්ැහැ Report ව්‍්ශ්්, ්ැහැ. තශ ොට අධ්‍යක්කිර් ශතො ව්‍ තායි අපට ද ්ාදව්‍ට ්් ශව්‍්ශ්. ශහා ආව්‍දා තුාදට ඕ්න විධිකට - අ්,තශ්ෝාිර ශක් - තායි COPE ශාශහකව්‍්ශ්. අපි ප්‍ර ථ් ්ශ ොට අපට ාද ්් ශා්ශ් ්ැහැ.",යළ ට ශාො ා වුශණ්? අඩු ගණශ් න්දධිපිරව්‍ කදට යුතු ාක් ිරබුණද ශකෝන්දව්‍ ැබි්ට් ාණ්ඩකකට ශ ්් ිරක්්. ශහා ,2023-11-17,2023-11-17-2023-11-17,"යළ ට ශාො ා වුශණ්? අඩු ගණශ් න්දධිපිරව්‍ කදට යුතු ාක් ිරබුණද ශකෝන්දව්‍ ැබි්ට් ාණ්ඩකකට ශ ්් ිරක්්. ශහා ිරයව්‍ද ් අලුිර් ආපු ාහ ඳැාකු අධිපිරව්‍ කද ිරකයි ා ඳැහැ ිරකකද? ශ ප්ත අනුව්‍ ශහා ්් ාට ඕ්න ්ැහැ ිරකකද? විත ක් ශ්ොශව්‍යි. න්දධිපිරට ශාොළක කඳක් හිප ිරබුණද ් ශකෝන්දව්‍ පදකලිශ ්තුව්‍ට්, ශ ්් ිරබුණද. ශහා වුණද ් ාහ ඳැාකුශය ශ ද්් අධිපිරට ඳකකක් ්ැහැ ක ශ්ො ද්්. නීිර ශපෝ,ව්‍ක ශාෝව්‍ද ිරබුණ්, විධ්‍දක ක හද ැබි්ට් ාණ්ඩකක තී ණකක් ග්්ව්‍ද ් අභිාව්‍්් ඔහු උ්දවි ක්් ඕ්න. ිර්ද නීිර ශපොශ්, ිරශඳ් රුණු විත ක් ශාතැ් දිරිපප්, කද ශ ශ ් ගැකශව්‍්් හා්් පද.

ගු එ න.එම්. රිතිකාර් හරා (ைொண்புைிகு எஸ்.எம். ைொிக்கொர்) (The Hon. S.M. Marikkar) ගරු ාද්දක තුාිර - ගු කථානායකුර ා (ைொண்புைிகு சபொநொயகர் அவர்கள்) (The Hon. Speaker) ගරු ්ථ. . ාිපක් දක ා්ත්‍රීතුාද. ගු එ න.එම්. රිතිකාර් හරා (ைொண்புைிகு எஸ்.எம். ைொிக்கொர்) (The Hon. S.M. Marikkar) ගරු ාද්දක තුාිර ගරු විපක්ෂ ්දක තුාද ිරකපු ද ණකා ාා ිරක්ශ් ්ැහැ. තුාද ිරකපු ශ්‍රී කා ද විගණ් ශ්ේව්‍ද ්ාගාශක් ිරකද ඇිර ද ණදව්‍කට හද කහි් COPE ශක් ්දාදික ශකකු විධිකටයි ාා ශ ද ණක ඔඳතුාදට දිරිපප්, ්ශ්.

මීට ශප COPE ශක් හිටපු ්ාදපිරව්‍රු agenda අපට යව්‍ද ට අාදළ ව්‍දකතද ලි්ා යව්‍ද. තශ ොට අපට ව්‍ද study කද ද ්ාදව්‍ට ්් පුළුව්‍් වුණද.

ාැ් ද්් ්ාදපිරව්‍ කද පද schedule ව්‍්ව්‍ද agenda ව්‍්ශ් ්ැහැ Report ව්‍්ශ්්, ්ැහැ. තශ ොට අධ්‍යක්කිර් ශතො ව්‍ තායි අපට ද ්ාදව්‍ට ්් ශව්‍්ශ්. ශහා ආව්‍දා තුාදට ඕ්න විධිකට - අ්,තශ්ෝාිර ශක් - තායි COPE ශාශහකව්‍්ශ්. අපි ප්‍ර ථ් ්ශ ොට අපට ාද ්් ශා්ශ් ්ැහැ.",hansard,1.0,1
lk_hansard_2020s,2023-11-17-2023-11-17,2023-11-17,2023-11-17,"Hansard of November 17, 2023",https://www.parliament.lk/en/business-of-parliament/hansards,si-ta-en,https://www.parliament.lk/uploads/documents/hansard/1701515168057680.pdf,2023-11-17-2023-11-17-0017,17,si-ta-en,da7662f63201c599227fbbf3de140c9b,4141,"ාැ් ද්් ්ාදපිරව්‍ කද පද schedule ව්‍්ව්‍ද agenda ව්‍්ශ් ්ැහැ Report ව්‍්ශ්්, ්ැහැ. තශ ොට අධ්‍යක්කිර් ශතො ව්‍ තායි අපට ද ්ාදව්‍ට ්් ශව්‍්ශ්. ශහා ආව්‍දා තුාදට ඕ්න විධිකට - අ්,තශ්ෝාිර ශක් - තායි COPE ශාශහකව්‍්ශ්. අපි ප්‍ර ථ් ්ශ ොට අපට ාද ්් ශා්ශ් ්ැහැ.

787 788

පදකලිශ ්තුව්‍

ගු කථානායකුර ා (ைொண்புைிகு சபொநொயகர் அவர்கள்) (The Hon. Speaker) ඔක වි්ථත ක අව්‍ ය ්ැහැ ගරු ා්ත්‍රීතුාද. ගු එ න.එම්. රිතිකාර් හරා (ைொண்புைிகு எஸ்.எம். ைொிக்கொர்) (The Hon. S.M. Marikkar) ්ථාදව්‍ ිරශකෝග 1]2 කටශ්, තුාදව්‍ ්ාදපිර ධු ශක් අයි් ්් ක්‍රාකක් ිරශඳ්ව්‍ද ගරු ාද්දක තුාිර. අනුව්‍ තුාදව්‍ ව්‍හදා අයි් ්්. ශහා ්ැිර වු ශණෝ, පදකලිශ ්තුව්‍ට පැව්‍ීම ිරශඳ් මූකය ඳකක ්හ විිරවිාාදව්‍ක පිිබඳඳව්‍ න්තදව්‍ට ප්‍ර ථ්කක් ඇිර ශව්‍්ව්‍ද; COPE පිිබඳඳව්‍ ිරශඳ් වි ථව්‍ද්ක්, ්ැිර ශව්‍්ව්‍ද.

ගු කථානායකුර ා (ைொண்புைிகு சபொநொயகர் அவர்கள்) (The Hon. Speaker) ගරු ා්ත්‍රීතුාද ාැ් ඕ ්ව්‍්,ව්‍්්. ශඳොශහොා ්ථතුිරයි. [ඳදධ්‍ද ිරීමාක්]

ගරු ඳ්දුක ගුණව්‍කධ්‍් ඇාිරතුාද. ගු නදාර්ය) බ් ෂ්ල ගුතවර්නන හරා (ைொண்புைிகு (கலொநிதி) பந்துல குணவர்தன) (The Hon. (Dr.) Bandula Gunawardana) ගරු ාද්දක තුාිර ගරු අනු ිර්ද්දක ා්ත්‍රීතුාද ාශ ්ා ශා්ැ කක්ා ්ඳහ් කද ිරයව්‍ද ශ ්ඩුව්‍ට නීිරාකද ශක් ාද ශපනී ියස්කද ් ශහොඳයි ිරකකද. ඇ්,ත ව්‍ ශක් ාා්, ශහා හිත්ව්‍ද. නීිර විායදකකට ඇතුළ්, ශව්‍කද පළමුශව්‍ිර අවුරුශා හිස්ක්, ාා පදධාදකදව්‍ ් පූකණ ශළේ ්ැහැ. ාා ගැ් ්ගදටු ශව්‍්ව්‍ද.

ගරු ාද්දක තුාිර ාා ඔඳතුාදට ශ ද ණක ිරක්් ්තුටුයි. ාා අ.ශපො.්. ්දාද්ය ශපළ ප්ිරශය්දී ආකථි විායදව්‍ ්ා්, ශව්‍කද ිරශඳ්ව්‍ද. අ.ශපො.්. උ්්ථ ශපළ ප්ිරශය්දී ආකථි විායදව්‍ ්ා්, ශව්‍කද ිරශඳ්ව්‍ද. ව්‍දශ ා වි ථව්‍විායදක උපදධිශය්දී්, ආකථි විායදව්‍ ්ා්, ශව්‍කද ාද ා්්ද විෂක කක්ෂ ්ාඛයදත පිිප් ට ිරකද දී ිරශඳ්ව්‍ද. ශ ගැඹුරු විෂකදනුඳශධ්‍ රුණක්. හි තදක්ෂණි රුණු ද ණද වි දක ප්‍රාදණකක් ිරශඳ්ව්‍ද.","ාැ් ද්් ්ාදපිරව්‍ කද පද schedule ව්‍්ව්‍ද agenda ව්‍්ශ් ්ැහැ Report ව්‍්ශ්්, ්ැහැ. තශ ොට අධ්‍යක්කිර් ශතො ව්‍ තායි අපට ද ්ාදව්‍ට ්් ශව්‍්ශ්. ශහා ආව්‍දා තුාදට ඕ්න විධිකට - අ්,තශ්ෝාිර ශක් - තායි COPE ශාශහකව්‍්ශ්. අපි ප්‍ර ථ් ්ශ ොට අපට ාද ්් ශා්ශ් ්ැහැ.

787 788

පදකලිශ ්තුව්‍

ගු කථානායකුර ා (ைொண்புைிகு சபொநொயகர் அவர்கள்) (The Hon. Speaker) ඔක වි්ථත ක අව්‍ ය ්ැහැ ගරු ා්ත්‍රීතුාද. ගු එ න.එම්. රිතිකාර් හරා (ைொண்புைிகு எஸ்.எம். ைொிக்கொர்) (The Hon. S.M. Marikkar) ්ථාදව්‍ ිරශකෝග 1]2 කටශ්, තුාදව්‍ ්ාදපිර ධු ශක් අයි් ්් ක්‍රාකක් ිරශඳ්ව්‍ද ගරු ාද්දක තුාිර. අනුව්‍ තුාදව්‍ ව්‍හදා අයි් ්්. ශහා ්ැිර වු ශණෝ, පදකලිශ ්තුව්‍ට පැව්‍ීම ිරශඳ් මූකය ඳකක ්හ විිරවිාාදව්‍ක පිිබඳඳව්‍ න්තදව්‍ට ප්‍ර ථ්කක් ඇිර ශව්‍්ව්‍ද; COPE පිිබඳඳව්‍ ිරශඳ් වි ථව්‍ද්ක්, ්ැිර ශව්‍්ව්‍ද.

ගු කථානායකුර ා (ைொண்புைிகு சபொநொயகர் அவர்கள்) (The Hon. Speaker) ගරු ා්ත්‍රීතුාද ාැ් ඕ ්ව්‍්,ව්‍්්. ශඳොශහොා ්ථතුිරයි. [ඳදධ්‍ද ිරීමාක්]

ගරු ඳ්දුක ගුණව්‍කධ්‍් ඇාිරතුාද. ගු නදාර්ය) බ් ෂ්ල ගුතවර්නන හරා (ைொண்புைிகு (கலொநிதி) பந்துல குணவர்தன) (The Hon. (Dr.) Bandula Gunawardana) ගරු ාද්දක තුාිර ගරු අනු ිර්ද්දක ා්ත්‍රීතුාද ාශ ්ා ශා්ැ කක්ා ්ඳහ් කද ිරයව්‍ද ශ ්ඩුව්‍ට නීිරාකද ශක් ාද ශපනී ියස්කද ් ශහොඳයි ිරකකද. ඇ්,ත ව්‍ ශක් ාා්, ශහා හිත්ව්‍ද. නීිර විායදකකට ඇතුළ්, ශව්‍කද පළමුශව්‍ිර අවුරුශා හිස්ක්, ාා පදධාදකදව්‍ ් පූකණ ශළේ ්ැහැ. ාා ගැ් ්ගදටු ශව්‍්ව්‍ද.

ගරු ාද්දක තුාිර ාා ඔඳතුාදට ශ ද ණක ිරක්් ්තුටුයි. ාා අ.ශපො.්. ්දාද්ය ශපළ ප්ිරශය්දී ආකථි විායදව්‍ ්ා්, ශව්‍කද ිරශඳ්ව්‍ද. අ.ශපො.්. උ්්ථ ශපළ ප්ිරශය්දී ආකථි විායදව්‍ ්ා්, ශව්‍කද ිරශඳ්ව්‍ද. ව්‍දශ ා වි ථව්‍විායදක උපදධිශය්දී්, ආකථි විායදව්‍ ්ා්, ශව්‍කද ාද ා්්ද විෂක කක්ෂ ්ාඛයදත පිිප් ට ිරකද දී ිරශඳ්ව්‍ද. ශ ගැඹුරු විෂකදනුඳශධ්‍ රුණක්. හි තදක්ෂණි රුණු ද ණද වි දක ප්‍රාදණකක් ිරශඳ්ව්‍ද.","ාැ් ද්් ්ාදපිරව්‍ කද පද schedule ව්‍්ව්‍ද agenda ව්‍්ශ් ්ැහැ Report ව්‍්ශ්්, ්ැහැ. තශ ොට අධ්‍යක්කිර්",2023-11-17,2023-11-17-2023-11-17,"ාැ් ද්් ්ාදපිරව්‍ කද පද schedule ව්‍්ව්‍ද agenda ව්‍්ශ් ්ැහැ Report ව්‍්ශ්්, ්ැහැ. තශ ොට අධ්‍යක්කිර් ශතො ව්‍ තායි අපට ද ්ාදව්‍ට ්් ශව්‍්ශ්. ශහා ආව්‍දා තුාදට ඕ්න විධිකට - අ්,තශ්ෝාිර ශක් - තායි COPE ශාශහකව්‍්ශ්. අපි ප්‍ර ථ් ්ශ ොට අපට ාද ්් ශා්ශ් ්ැහැ.

787 788

පදකලිශ ්තුව්‍

ගු කථානායකුර ා (ைொண்புைிகு சபொநொயகர் அவர்கள்) (The Hon. Speaker) ඔක වි්ථත ක අව්‍ ය ්ැහැ ගරු ා්ත්‍රීතුාද. ගු එ න.එම්. රිතිකාර් හරා (ைொண்புைிகு எஸ்.எம். ைொிக்கொர்) (The Hon. S.M. Marikkar) ්ථාදව්‍ ිරශකෝග 1]2 කටශ්, තුාදව්‍ ්ාදපිර ධු ශක් අයි් ්් ක්‍රාකක් ිරශඳ්ව්‍ද ගරු ාද්දක තුාිර. අනුව්‍ තුාදව්‍ ව්‍හදා අයි් ්්. ශහා ්ැිර වු ශණෝ, පදකලිශ ්තුව්‍ට පැව්‍ීම ිරශඳ් මූකය ඳකක ්හ විිරවිාාදව්‍ක පිිබඳඳව්‍ න්තදව්‍ට ප්‍ර ථ්කක් ඇිර ශව්‍්ව්‍ද; COPE පිිබඳඳව්‍ ිරශඳ් වි ථව්‍ද්ක්, ්ැිර ශව්‍්ව්‍ද.

ගු කථානායකුර ා (ைொண்புைிகு சபொநொயகர் அவர்கள்) (The Hon. Speaker) ගරු ා්ත්‍රීතුාද ාැ් ඕ ්ව්‍්,ව්‍්්. ශඳොශහොා ්ථතුිරයි. [ඳදධ්‍ද ිරීමාක්]

ගරු ඳ්දුක ගුණව්‍කධ්‍් ඇාිරතුාද. ගු නදාර්ය) බ් ෂ්ල ගුතවර්නන හරා (ைொண்புைிகு (கலொநிதி) பந்துல குணவர்தன) (The Hon. (Dr.) Bandula Gunawardana) ගරු ාද්දක තුාිර ගරු අනු ිර්ද්දක ා්ත්‍රීතුාද ාශ ්ා ශා්ැ කක්ා ්ඳහ් කද ිරයව්‍ද ශ ්ඩුව්‍ට නීිරාකද ශක් ාද ශපනී ියස්කද ් ශහොඳයි ිරකකද. ඇ්,ත ව්‍ ශක් ාා්, ශහා හිත්ව්‍ද. නීිර විායදකකට ඇතුළ්, ශව්‍කද පළමුශව්‍ිර අවුරුශා හිස්ක්, ාා පදධාදකදව්‍ ් පූකණ ශළේ ්ැහැ. ාා ගැ් ්ගදටු ශව්‍්ව්‍ද.

ගරු ාද්දක තුාිර ාා ඔඳතුාදට ශ ද ණක ිරක්් ්තුටුයි. ාා අ.ශපො.්. ්දාද්ය ශපළ ප්ිරශය්දී ආකථි විායදව්‍ ්ා්, ශව්‍කද ිරශඳ්ව්‍ද. අ.ශපො.්. උ්්ථ ශපළ ප්ිරශය්දී ආකථි විායදව්‍ ්ා්, ශව්‍කද ිරශඳ්ව්‍ද. ව්‍දශ ා වි ථව්‍විායදක උපදධිශය්දී්, ආකථි විායදව්‍ ්ා්, ශව්‍කද ාද ා්්ද විෂක කක්ෂ ්ාඛයදත පිිප් ට ිරකද දී ිරශඳ්ව්‍ද. ශ ගැඹුරු විෂකදනුඳශධ්‍ රුණක්. හි තදක්ෂණි රුණු ද ණද වි දක ප්‍රාදණකක් ිරශඳ්ව්‍ද.",hansard,1.0,1
lk_hansard_2020s,2023-11-17-2023-11-17,2023-11-17,2023-11-17,"Hansard of November 17, 2023",https://www.parliament.lk/en/business-of-parliament/hansards,si-ta-en,https://www.parliament.lk/uploads/documents/hansard/1701515168057680.pdf,2023-11-17-2023-11-17-0018,18,si-ta-en,f6b69b6d6e99095af628a7d2d13f9997,4516,"ගරු ාද්දක තුාිර ාා ඔඳතුාදට ශ ද ණක ිරක්් ්තුටුයි. ාා අ.ශපො.්. ්දාද්ය ශපළ ප්ිරශය්දී ආකථි විායදව්‍ ්ා්, ශව්‍කද ිරශඳ්ව්‍ද. අ.ශපො.්. උ්්ථ ශපළ ප්ිරශය්දී ආකථි විායදව්‍ ්ා්, ශව්‍කද ිරශඳ්ව්‍ද. ව්‍දශ ා වි ථව්‍විායදක උපදධිශය්දී්, ආකථි විායදව්‍ ්ා්, ශව්‍කද ාද ා්්ද විෂක කක්ෂ ්ාඛයදත පිිප් ට ිරකද දී ිරශඳ්ව්‍ද. ශ ගැඹුරු විෂකදනුඳශධ්‍ රුණක්. හි තදක්ෂණි රුණු ද ණද වි දක ප්‍රාදණකක් ිරශඳ්ව්‍ද.

ශා්් පද ිරකකද. කද ක ිරිය ප්‍ර ථ්කක් ඇිර වුශණෝ, ශ ශට් විශශ ව්‍්, ාදණ්ඩදගද බිල්ප්, ඇතුළු අශ්ක් ශශව්‍ල්ව්‍ක ආශකෝන්ක පු ආශකෝන ක් තදයික්තශය් ශ්ෝශ ෝ්ථකද ශගිරච්චද ව්‍දශ මුාල් ශගිරකයි ිරකකද. හැඳැයි අපි දිරිපප්, පු රුණු ියකල්ක ප්‍රිරක්ශෂේප කද විිරාක පදක් ප්ත ් පූකණශක් ිරාහ්ථ ්් අව්‍්ථාදශයදී ශරේෂථධදධි ණක තී්දු ළද. ශ අකබුාක ඇිර ශව්‍්් ශහේතුව්‍ක් යි. විශශ විිරාක ක්ත ශහල්ශක්ශ ොට ාදණ්ඩදගද බිල්ප්, හද අශ්ක් ිරබුණු විශශ විිරාක ඔක්ශ ොා අ ශග් කකද. යට ප්ථශ්ේ අශටි ්ාචිත බි්දුව්‍ට හිඳුණද. තශ ොට ට ව්‍ගිරක්් ඕ්න ශරේෂථධදධි ණක ිරකකද ාට ිරක්් පුළුව්‍්ා? තී්දුව්‍ දු්ශ් වුා? ශරේෂථධදධි ණක ශ්. [ඳදධ්‍ද ිරීම ]

ගු කථානායකුර ා (ைொண்புைிகு சபொநொயகர் அவர்கள்) (The Hon. Speaker) ගරු ඇාිරතුාද ාැ් ා්ත්‍රීතුා්කද - [ඳදධ්‍ද ිරීම ] ඔය ඇාිරතුාද.

ගු නදාර්ය) බ් ෂ්ල ගුතවර්නන හරා (ைொண்புைிகு (கலொநிதி) பந்துல குணவர்தன) (The Hon. (Dr.) Bandula Gunawardana) ගරු ාද්දක තුාිර තායි ාා ිරක්ශ්. [ඳදධ්‍ද ිරීම ] ා ට ිරක්් ශා්්. විශ ේෂ ද ්ාදශව්‍් ාට අව්‍්ථාදව්‍ක් කඳද ශා් ශක් ාද දල්කද ිරශඳ්ව්‍ද. වුා ආකථි ක ඩද ව්‍ැට්ටුශය ිරකකද ාා වි්ථත ද්,ා ව්‍ ිරක්් . ්ඳහද ාට අව්‍්ථාදව්‍ක් කඳද ශා්් ඔඳතුාද ප්, ිරශඳ් වි ශ ේෂ ද ්ාදශව්‍්.

ගු හරි් ප්‍රනා් ෂ් හරා ( ාංදාරක හා නඩම් අ ාර‍ුර ා) (ைொண்புைிகு ஹொின் பர்னொந்து - சுற்றுலொத்துமற ைற்றும் கொணி அமைச்சர்) (The Hon. Harin Fernando - Minister of Tourism and Lands)

නැඟී සිටින ය. எழுந்தொர். rose.

ගු කථානායකුර ා (ைொண்புைிகு சபொநொயகர் அவர்கள்) (The Hon. Speaker) ්ාචද ඇාිරතුාද. [ඳදධ්‍ද ිරීම ]

ඇාිරව්‍ ශකක් ්ැිනට්ටදා තුාදට අව්‍්ථාදව්‍ ශා්් ශව්‍්ව්‍ද ශ්.","ගරු ාද්දක තුාිර ාා ඔඳතුාදට ශ ද ණක ිරක්් ්තුටුයි. ාා අ.ශපො.්. ්දාද්ය ශපළ ප්ිරශය්දී ආකථි විායදව්‍ ්ා්, ශව්‍කද ිරශඳ්ව්‍ද. අ.ශපො.්. උ්්ථ ශපළ ප්ිරශය්දී ආකථි විායදව්‍ ්ා්, ශව්‍කද ිරශඳ්ව්‍ද. ව්‍දශ ා වි ථව්‍විායදක උපදධිශය්දී්, ආකථි විායදව්‍ ්ා්, ශව්‍කද ාද ා්්ද විෂක කක්ෂ ්ාඛයදත පිිප් ට ිරකද දී ිරශඳ්ව්‍ද. ශ ගැඹුරු විෂකදනුඳශධ්‍ රුණක්. හි තදක්ෂණි රුණු ද ණද වි දක ප්‍රාදණකක් ිරශඳ්ව්‍ද.

ශා්් පද ිරකකද. කද ක ිරිය ප්‍ර ථ්කක් ඇිර වුශණෝ, ශ ශට් විශශ ව්‍්, ාදණ්ඩදගද බිල්ප්, ඇතුළු අශ්ක් ශශව්‍ල්ව්‍ක ආශකෝන්ක පු ආශකෝන ක් තදයික්තශය් ශ්ෝශ ෝ්ථකද ශගිරච්චද ව්‍දශ මුාල් ශගිරකයි ිරකකද. හැඳැයි අපි දිරිපප්, පු රුණු ියකල්ක ප්‍රිරක්ශෂේප කද විිරාක පදක් ප්ත ් පූකණශක් ිරාහ්ථ ්් අව්‍්ථාදශයදී ශරේෂථධදධි ණක තී්දු ළද. ශ අකබුාක ඇිර ශව්‍්් ශහේතුව්‍ක් යි. විශශ විිරාක ක්ත ශහල්ශක්ශ ොට ාදණ්ඩදගද බිල්ප්, හද අශ්ක් ිරබුණු විශශ විිරාක ඔක්ශ ොා අ ශග් කකද. යට ප්ථශ්ේ අශටි ්ාචිත බි්දුව්‍ට හිඳුණද. තශ ොට ට ව්‍ගිරක්් ඕ්න ශරේෂථධදධි ණක ිරකකද ාට ිරක්් පුළුව්‍්ා? තී්දුව්‍ දු්ශ් වුා? ශරේෂථධදධි ණක ශ්. [ඳදධ්‍ද ිරීම ]

ගු කථානායකුර ා (ைொண்புைிகு சபொநொயகர் அவர்கள்) (The Hon. Speaker) ගරු ඇාිරතුාද ාැ් ා්ත්‍රීතුා්කද - [ඳදධ්‍ද ිරීම ] ඔය ඇාිරතුාද.

ගු නදාර්ය) බ් ෂ්ල ගුතවර්නන හරා (ைொண்புைிகு (கலொநிதி) பந்துல குணவர்தன) (The Hon. (Dr.) Bandula Gunawardana) ගරු ාද්දක තුාිර තායි ාා ිරක්ශ්. [ඳදධ්‍ද ිරීම ] ා ට ිරක්් ශා්්. විශ ේෂ ද ්ාදශව්‍් ාට අව්‍්ථාදව්‍ක් කඳද ශා් ශක් ාද දල්කද ිරශඳ්ව්‍ද. වුා ආකථි ක ඩද ව්‍ැට්ටුශය ිරකකද ාා වි්ථත ද්,ා ව්‍ ිරක්් . ්ඳහද ාට අව්‍්ථාදව්‍ක් කඳද ශා්් ඔඳතුාද ප්, ිරශඳ් වි ශ ේෂ ද ්ාදශව්‍්.

ගු හරි් ප්‍රනා් ෂ් හරා ( ාංදාරක හා නඩම් අ ාර‍ුර ා) (ைொண்புைிகு ஹொின் பர்னொந்து - சுற்றுலொத்துமற ைற்றும் கொணி அமைச்சர்) (The Hon. Harin Fernando - Minister of Tourism and Lands)

නැඟී සිටින ය. எழுந்தொர். rose.

ගු කථානායකුර ා (ைொண்புைிகு சபொநொயகர் அவர்கள்) (The Hon. Speaker) ්ාචද ඇාිරතුාද. [ඳදධ්‍ද ිරීම ]

ඇාිරව්‍ ශකක් ්ැිනට්ටදා තුාදට අව්‍්ථාදව්‍ ශා්් ශව්‍්ව්‍ද ශ්.","ගරු ාද්දක තුාිර ාා ඔඳතුාදට ශ ද ණක ිරක්් ්තුටුයි. ාා අ.ශපො.්. ්දාද්ය ශපළ ප්ිරශය්දී ආකථි විායදව්‍ ්ා්,",2023-11-17,2023-11-17-2023-11-17,"ගරු ාද්දක තුාිර ාා ඔඳතුාදට ශ ද ණක ිරක්් ්තුටුයි. ාා අ.ශපො.්. ්දාද්ය ශපළ ප්ිරශය්දී ආකථි විායදව්‍ ්ා්, ශව්‍කද ිරශඳ්ව්‍ද. අ.ශපො.්. උ්්ථ ශපළ ප්ිරශය්දී ආකථි විායදව්‍ ්ා්, ශව්‍කද ිරශඳ්ව්‍ද. ව්‍දශ ා වි ථව්‍විායදක උපදධිශය්දී්, ආකථි විායදව්‍ ්ා්, ශව්‍කද ාද ා්්ද විෂක කක්ෂ ්ාඛයදත පිිප් ට ිරකද දී ිරශඳ්ව්‍ද. ශ ගැඹුරු විෂකදනුඳශධ්‍ රුණක්. හි තදක්ෂණි රුණු ද ණද වි දක ප්‍රාදණකක් ිරශඳ්ව්‍ද.

ශා්් පද ිරකකද. කද ක ිරිය ප්‍ර ථ්කක් ඇිර වුශණෝ, ශ ශට් විශශ ව්‍්, ාදණ්ඩදගද බිල්ප්, ඇතුළු අශ්ක් ශශව්‍ල්ව්‍ක ආශකෝන්ක පු ආශකෝන ක් තදයික්තශය් ශ්ෝශ ෝ්ථකද ශගිරච්චද ව්‍දශ මුාල් ශගිරකයි ිරකකද. හැඳැයි අපි දිරිපප්, පු රුණු ියකල්ක ප්‍රිරක්ශෂේප කද විිරාක පදක් ප්ත ් පූකණශක් ිරාහ්ථ ්් අව්‍්ථාදශයදී ශරේෂථධදධි ණක තී්දු ළද. ශ අකබුාක ඇිර ශව්‍්් ශහේතුව්‍ක් යි. විශශ විිරාක ක්ත ශහල්ශක්ශ ොට ාදණ්ඩදගද බිල්ප්, හද අශ්ක් ිරබුණු විශශ විිරාක ඔක්ශ ොා අ ශග් කකද. යට ප්ථශ්ේ අශටි ්ාචිත බි්දුව්‍ට හිඳුණද. තශ ොට ට ව්‍ගිරක්් ඕ්න ශරේෂථධදධි ණක ිරකකද ාට ිරක්් පුළුව්‍්ා? තී්දුව්‍ දු්ශ් වුා? ශරේෂථධදධි ණක ශ්. [ඳදධ්‍ද ිරීම ]

ගු කථානායකුර ා (ைொண்புைிகு சபொநொயகர் அவர்கள்) (The Hon. Speaker) ගරු ඇාිරතුාද ාැ් ා්ත්‍රීතුා්කද - [ඳදධ්‍ද ිරීම ] ඔය ඇාිරතුාද.

ගු නදාර්ය) බ් ෂ්ල ගුතවර්නන හරා (ைொண்புைிகு (கலொநிதி) பந்துல குணவர்தன) (The Hon. (Dr.) Bandula Gunawardana) ගරු ාද්දක තුාිර තායි ාා ිරක්ශ්. [ඳදධ්‍ද ිරීම ] ා ට ිරක්් ශා්්. විශ ේෂ ද ්ාදශව්‍් ාට අව්‍්ථාදව්‍ක් කඳද ශා් ශක් ාද දල්කද ිරශඳ්ව්‍ද. වුා ආකථි ක ඩද ව්‍ැට්ටුශය ිරකකද ාා වි්ථත ද්,ා ව්‍ ිරක්් . ්ඳහද ාට අව්‍්ථාදව්‍ක් කඳද ශා්් ඔඳතුාද ප්, ිරශඳ් වි ශ ේෂ ද ්ාදශව්‍්.

ගු හරි් ප්‍රනා් ෂ් හරා ( ාංදාරක හා නඩම් අ ාර‍ුර ා) (ைொண்புைிகு ஹொின் பர்னொந்து - சுற்றுலொத்துமற ைற்றும் கொணி அமைச்சர்) (The Hon. Harin Fernando - Minister of Tourism and Lands)

නැඟී සිටින ය. எழுந்தொர். rose.

ගු කථානායකුර ා (ைொண்புைிகு சபொநொயகர் அவர்கள்) (The Hon. Speaker) ්ාචද ඇාිරතුාද. [ඳදධ්‍ද ිරීම ]

ඇාිරව්‍ ශකක් ්ැිනට්ටදා තුාදට අව්‍්ථාදව්‍ ශා්් ශව්‍්ව්‍ද ශ්.",hansard,1.0,1
lk_hansard_2020s,2023-11-17-2023-11-17,2023-11-17,2023-11-17,"Hansard of November 17, 2023",https://www.parliament.lk/en/business-of-parliament/hansards,si-ta-en,https://www.parliament.lk/uploads/documents/hansard/1701515168057680.pdf,2023-11-17-2023-11-17-0019,19,si-ta-en,688a04c3f83b8521ca76bac092b0a8c9,2888,"ගු හරි් ප්‍රනා් ෂ් හරා ( ාංදාරක හා නඩම් අ ාර‍ුර ා) (ைொண்புைிகு ஹொின் பர்னொந்து - சுற்றுலொத்துமற ைற்றும் கொணி அமைச்சர்) (The Hon. Harin Fernando - Minister of Tourism and Lands)

නැඟී සිටින ය. எழுந்தொர். rose.

ගු කථානායකුර ා (ைொண்புைிகு சபொநொயகர் அவர்கள்) (The Hon. Speaker) ්ාචද ඇාිරතුාද. [ඳදධ්‍ද ිරීම ]

ඇාිරව්‍ ශකක් ්ැිනට්ටදා තුාදට අව්‍්ථාදව්‍ ශා්් ශව්‍්ව්‍ද ශ්.

789 790

202] ශ්ොව්‍ැ ඳක 17

ශ අව්‍්ථාදශය ශ ද ණකට පුාචි අව්‍ධ්‍ද්කක් ශකොමු ්් ාා ැාැිරයි. අා ශ්‍රී කා ද ක්‍රි ට් ආකත්ක ශ පදකලිශ ්තුශය ද්් ්ාහ අක තමු්ශ ශශ පදක්කට පදවිච්චි මි් ිරශඳ්ව්‍ද. හැඳැයි, ද ණකක් ාත තඳදග්්, ගරු ාද්දක තුාිර. ICC ශ ් පැ්වූ තහ්ා ිර්ද අා ශව්‍්ශ ොට ground ව්‍ැඩ ් තණශ ොළ ප් groundsman ශ ශ්කුටව්‍්, පඩිකක් ග්් විධිකක් ්ැහැ, ව්‍තු ස් ක් ාා් මිිරශහකුටව්‍්, පඩිකක් ග්් විධිකක් ්ැහැ. ාා ක්‍රීඩද ඇාිර ව්‍ ශක් ටයුතු ළ ශව්‍කදශය්, Interim Committee ක් ප්, ්් තායි අශටි උ්,්දහක ිරබුශණ්. ්මු්,, ශහා Interim Committee ක් ප්, ළද ් අප ban ශව්‍්ව්‍ද ිරක් ශහේතුව්‍ ාත, ICC ට අටව්‍ ක් විත කහි් අපි ්ද ච්ඡද ළද. අිර් විකා ශග් ්ද පූකව්‍කට තිරව්‍ා කහි් ICC ශක් ්ාදපිර මුණ ගැසී ාද කද, අශගෝ්ථතු ාද්ශය් තුාද ශග්ව්‍කද ශ්ොව්‍ැ ඳක ශව්‍්ශ ොට - ්ික්, ශප්‍රේාාද් ාහ්,ාකද න්දධිපිරව්‍ ණකට දල්ක්් ාව්‍්ථ තු් ට ශප - විශ ේෂ පදකලිශ ්තුව්‍ක් ැඳව්‍කද තායි ප්්, ශ ටු පත ් ාත ශළේ.","ගු හරි් ප්‍රනා් ෂ් හරා ( ාංදාරක හා නඩම් අ ාර‍ුර ා) (ைொண்புைிகு ஹொின் பர்னொந்து - சுற்றுலொத்துமற ைற்றும் கொணி அமைச்சர்) (The Hon. Harin Fernando - Minister of Tourism and Lands)

නැඟී සිටින ය. எழுந்தொர். rose.

ගු කථානායකුර ා (ைொண்புைிகு சபொநொயகர் அவர்கள்) (The Hon. Speaker) ්ාචද ඇාිරතුාද. [ඳදධ්‍ද ිරීම ]

ඇාිරව්‍ ශකක් ්ැිනට්ටදා තුාදට අව්‍්ථාදව්‍ ශා්් ශව්‍්ව්‍ද ශ්.

789 790

202] ශ්ොව්‍ැ ඳක 17

ශ අව්‍්ථාදශය ශ ද ණකට පුාචි අව්‍ධ්‍ද්කක් ශකොමු ්් ාා ැාැිරයි. අා ශ්‍රී කා ද ක්‍රි ට් ආකත්ක ශ පදකලිශ ්තුශය ද්් ්ාහ අක තමු්ශ ශශ පදක්කට පදවිච්චි මි් ිරශඳ්ව්‍ද. හැඳැයි, ද ණකක් ාත තඳදග්්, ගරු ාද්දක තුාිර. ICC ශ ් පැ්වූ තහ්ා ිර්ද අා ශව්‍්ශ ොට ground ව්‍ැඩ ් තණශ ොළ ප් groundsman ශ ශ්කුටව්‍්, පඩිකක් ග්් විධිකක් ්ැහැ, ව්‍තු ස් ක් ාා් මිිරශහකුටව්‍්, පඩිකක් ග්් විධිකක් ්ැහැ. ාා ක්‍රීඩද ඇාිර ව්‍ ශක් ටයුතු ළ ශව්‍කදශය්, Interim Committee ක් ප්, ්් තායි අශටි උ්,්දහක ිරබුශණ්. ්මු්,, ශහා Interim Committee ක් ප්, ළද ් අප ban ශව්‍්ව්‍ද ිරක් ශහේතුව්‍ ාත, ICC ට අටව්‍ ක් විත කහි් අපි ්ද ච්ඡද ළද. අිර් විකා ශග් ්ද පූකව්‍කට තිරව්‍ා කහි් ICC ශක් ්ාදපිර මුණ ගැසී ාද කද, අශගෝ්ථතු ාද්ශය් තුාද ශග්ව්‍කද ශ්ොව්‍ැ ඳක ශව්‍්ශ ොට - ්ික්, ශප්‍රේාාද් ාහ්,ාකද න්දධිපිරව්‍ ණකට දල්ක්් ාව්‍්ථ තු් ට ශප - විශ ේෂ පදකලිශ ්තුව්‍ක් ැඳව්‍කද තායි ප්්, ශ ටු පත ් ාත ශළේ.",ගු හරි් ප්‍රනා් ෂ් හරා ( ාංදාරක හා නඩම් අ ාර‍ුර ා) (ைொண்புைிகு ஹொின் பர்னொந்து - சுற்றுலொத்துமற ,2023-11-17,2023-11-17-2023-11-17,"ගු හරි් ප්‍රනා් ෂ් හරා ( ාංදාරක හා නඩම් අ ාර‍ුර ා) (ைொண்புைிகு ஹொின் பர்னொந்து - சுற்றுலொத்துமற ைற்றும் கொணி அமைச்சர்) (The Hon. Harin Fernando - Minister of Tourism and Lands)

නැඟී සිටින ය. எழுந்தொர். rose.

ගු කථානායකුර ා (ைொண்புைிகு சபொநொயகர் அவர்கள்) (The Hon. Speaker) ්ාචද ඇාිරතුාද. [ඳදධ්‍ද ිරීම ]

ඇාිරව්‍ ශකක් ්ැිනට්ටදා තුාදට අව්‍්ථාදව්‍ ශා්් ශව්‍්ව්‍ද ශ්.

789 790

202] ශ්ොව්‍ැ ඳක 17

ශ අව්‍්ථාදශය ශ ද ණකට පුාචි අව්‍ධ්‍ද්කක් ශකොමු ්් ාා ැාැිරයි. අා ශ්‍රී කා ද ක්‍රි ට් ආකත්ක ශ පදකලිශ ්තුශය ද්් ්ාහ අක තමු්ශ ශශ පදක්කට පදවිච්චි මි් ිරශඳ්ව්‍ද. හැඳැයි, ද ණකක් ාත තඳදග්්, ගරු ාද්දක තුාිර. ICC ශ ් පැ්වූ තහ්ා ිර්ද අා ශව්‍්ශ ොට ground ව්‍ැඩ ් තණශ ොළ ප් groundsman ශ ශ්කුටව්‍්, පඩිකක් ග්් විධිකක් ්ැහැ, ව්‍තු ස් ක් ාා් මිිරශහකුටව්‍්, පඩිකක් ග්් විධිකක් ්ැහැ. ාා ක්‍රීඩද ඇාිර ව්‍ ශක් ටයුතු ළ ශව්‍කදශය්, Interim Committee ක් ප්, ්් තායි අශටි උ්,්දහක ිරබුශණ්. ්මු්,, ශහා Interim Committee ක් ප්, ළද ් අප ban ශව්‍්ව්‍ද ිරක් ශහේතුව්‍ ාත, ICC ට අටව්‍ ක් විත කහි් අපි ්ද ච්ඡද ළද. අිර් විකා ශග් ්ද පූකව්‍කට තිරව්‍ා කහි් ICC ශක් ්ාදපිර මුණ ගැසී ාද කද, අශගෝ්ථතු ාද්ශය් තුාද ශග්ව්‍කද ශ්ොව්‍ැ ඳක ශව්‍්ශ ොට - ්ික්, ශප්‍රේාාද් ාහ්,ාකද න්දධිපිරව්‍ ණකට දල්ක්් ාව්‍්ථ තු් ට ශප - විශ ේෂ පදකලිශ ්තුව්‍ක් ැඳව්‍කද තායි ප්්, ශ ටු පත ් ාත ශළේ.",hansard,1.0,1
lk_hansard_2020s,2023-11-17-2023-11-17,2023-11-17,2023-11-17,"Hansard of November 17, 2023",https://www.parliament.lk/en/business-of-parliament/hansards,si-ta-en,https://www.parliament.lk/uploads/documents/hansard/1701515168057680.pdf,2023-11-17-2023-11-17-0020,20,si-ta-en,6f2054d6831e305f7783b08742e4727a,4672,"ශ අව්‍්ථාදශය ශ ද ණකට පුාචි අව්‍ධ්‍ද්කක් ශකොමු ්් ාා ැාැිරයි. අා ශ්‍රී කා ද ක්‍රි ට් ආකත්ක ශ පදකලිශ ්තුශය ද්් ්ාහ අක තමු්ශ ශශ පදක්කට පදවිච්චි මි් ිරශඳ්ව්‍ද. හැඳැයි, ද ණකක් ාත තඳදග්්, ගරු ාද්දක තුාිර. ICC ශ ් පැ්වූ තහ්ා ිර්ද අා ශව්‍්ශ ොට ground ව්‍ැඩ ් තණශ ොළ ප් groundsman ශ ශ්කුටව්‍්, පඩිකක් ග්් විධිකක් ්ැහැ, ව්‍තු ස් ක් ාා් මිිරශහකුටව්‍්, පඩිකක් ග්් විධිකක් ්ැහැ. ාා ක්‍රීඩද ඇාිර ව්‍ ශක් ටයුතු ළ ශව්‍කදශය්, Interim Committee ක් ප්, ්් තායි අශටි උ්,්දහක ිරබුශණ්. ්මු්,, ශහා Interim Committee ක් ප්, ළද ් අප ban ශව්‍්ව්‍ද ිරක් ශහේතුව්‍ ාත, ICC ට අටව්‍ ක් විත කහි් අපි ්ද ච්ඡද ළද. අිර් විකා ශග් ්ද පූකව්‍කට තිරව්‍ා කහි් ICC ශක් ්ාදපිර මුණ ගැසී ාද කද, අශගෝ්ථතු ාද්ශය් තුාද ශග්ව්‍කද ශ්ොව්‍ැ ඳක ශව්‍්ශ ොට - ්ික්, ශප්‍රේාාද් ාහ්,ාකද න්දධිපිරව්‍ ණකට දල්ක්් ාව්‍්ථ තු් ට ශප - විශ ේෂ පදකලිශ ්තුව්‍ක් ැඳව්‍කද තායි ප්්, ශ ටු පත ් ාත ශළේ.

යළ ට විාල් වී ව්‍ා ාැිරතුාද ආකථි ඝදත ක් ගැ් ාද ළද. ාට ශව්‍කදශය හි්ද ශව්‍්් ඕ්න ශ ොශහ්ා

ිරකකද ශ්,රුශණ් ්ැහැ. ශහේතුව්‍ ශාො ක්ා ා්්ව්‍දා? ාා ශහේතුව්‍ ිරක්් . තුාද ශයිර දව්‍ක කිපක පුටිපදශග් ශ ශගොල්ක් ිර්ව්‍්් න ගහපු හැස් ශ කා දශය මිිරජී්ට ාත යි. අාත ්ැහැ. තුාද ාැ් තුාදශ ව්‍දියකට ශප ළදශග් ාද ් ගැ් කේනදව්‍ක් ිරශඳ්ව්‍ද. [ඳදධ්‍ද ිරීමාක්] කේනදව්‍ක් ිරශඳ්ව්‍ද. අ්් ාත ිරකද ග්්. [ඳදධ්‍ද ිරීම ]

ගු කථානායකුර ා (ைொண்புைிகு சபொநொயகர் அவர்கள்) (The Hon. Speaker) ගරු ඇාිරතුාිර දකක පිිබඳඳව්‍ - [ඳදධ්‍ද ිරීම ] ගු වි ල් වීරවාංශ් හරා (ைொண்புைிகு விைல் வீரவங்ஸ) (The Hon. Wimal Weerawansa) Sir, I rise to a point of Order. ගරු ාද්දක තුාිර ාශ ්ා ිරයව්‍ද. [ඳදධ්‍ද ිරීමාක්]

ගු කථානායකුර ා (ைொண்புைிகு சபொநொயகர் அவர்கள்) (The Hon. Speaker) ගරු ාච් විශේශ්ේ ඇාිරතුාද. ගු කාංදන විනේන ේකර හරා විෂ්ලිබල හ බලශ්තිිය අ ාර‍ුර ා) (ைொண்புைிகு கஞ்சன விமஜமசகர - ைின்சக்தி ைற்றும் வலுசக்தி அமைச்சர்) (The Hon. Kanchana Wijesekera - Minister of Power and Energy) ගරු ාද්දක තුාිර ්ිර ශා ට ශප ක්‍රි ට් අතුරු මිටුව්‍ක් ප්, ිරීමශා් පජීව්‍ ගරු න්දධිපිරතුාද ැබි්ට් ාණ්ඩකශය් ්දාදික ක් හත ශාශ්කු ප්, කද ැබි්ට් අනු මිටුව්‍ක් ව්‍ ශක් අපට ව්‍ගකීාක් කඳද දීකද ිරශඳ්ව්‍ද.","ශ අව්‍්ථාදශය ශ ද ණකට පුාචි අව්‍ධ්‍ද්කක් ශකොමු ්් ාා ැාැිරයි. අා ශ්‍රී කා ද ක්‍රි ට් ආකත්ක ශ පදකලිශ ්තුශය ද්් ්ාහ අක තමු්ශ ශශ පදක්කට පදවිච්චි මි් ිරශඳ්ව්‍ද. හැඳැයි, ද ණකක් ාත තඳදග්්, ගරු ාද්දක තුාිර. ICC ශ ් පැ්වූ තහ්ා ිර්ද අා ශව්‍්ශ ොට ground ව්‍ැඩ ් තණශ ොළ ප් groundsman ශ ශ්කුටව්‍්, පඩිකක් ග්් විධිකක් ්ැහැ, ව්‍තු ස් ක් ාා් මිිරශහකුටව්‍්, පඩිකක් ග්් විධිකක් ්ැහැ. ාා ක්‍රීඩද ඇාිර ව්‍ ශක් ටයුතු ළ ශව්‍කදශය්, Interim Committee ක් ප්, ්් තායි අශටි උ්,්දහක ිරබුශණ්. ්මු්,, ශහා Interim Committee ක් ප්, ළද ් අප ban ශව්‍්ව්‍ද ිරක් ශහේතුව්‍ ාත, ICC ට අටව්‍ ක් විත කහි් අපි ්ද ච්ඡද ළද. අිර් විකා ශග් ්ද පූකව්‍කට තිරව්‍ා කහි් ICC ශක් ්ාදපිර මුණ ගැසී ාද කද, අශගෝ්ථතු ාද්ශය් තුාද ශග්ව්‍කද ශ්ොව්‍ැ ඳක ශව්‍්ශ ොට - ්ික්, ශප්‍රේාාද් ාහ්,ාකද න්දධිපිරව්‍ ණකට දල්ක්් ාව්‍්ථ තු් ට ශප - විශ ේෂ පදකලිශ ්තුව්‍ක් ැඳව්‍කද තායි ප්්, ශ ටු පත ් ාත ශළේ.

යළ ට විාල් වී ව්‍ා ාැිරතුාද ආකථි ඝදත ක් ගැ් ාද ළද. ාට ශව්‍කදශය හි්ද ශව්‍්් ඕ්න ශ ොශහ්ා

ිරකකද ශ්,රුශණ් ්ැහැ. ශහේතුව්‍ ශාො ක්ා ා්්ව්‍දා? ාා ශහේතුව්‍ ිරක්් . තුාද ශයිර දව්‍ක කිපක පුටිපදශග් ශ ශගොල්ක් ිර්ව්‍්් න ගහපු හැස් ශ කා දශය මිිරජී්ට ාත යි. අාත ්ැහැ. තුාද ාැ් තුාදශ ව්‍දියකට ශප ළදශග් ාද ් ගැ් කේනදව්‍ක් ිරශඳ්ව්‍ද. [ඳදධ්‍ද ිරීමාක්] කේනදව්‍ක් ිරශඳ්ව්‍ද. අ්් ාත ිරකද ග්්. [ඳදධ්‍ද ිරීම ]

ගු කථානායකුර ා (ைொண்புைிகு சபொநொயகர் அவர்கள்) (The Hon. Speaker) ගරු ඇාිරතුාිර දකක පිිබඳඳව්‍ - [ඳදධ්‍ද ිරීම ] ගු වි ල් වීරවාංශ් හරා (ைொண்புைிகு விைல் வீரவங்ஸ) (The Hon. Wimal Weerawansa) Sir, I rise to a point of Order. ගරු ාද්දක තුාිර ාශ ්ා ිරයව්‍ද. [ඳදධ්‍ද ිරීමාක්]

ගු කථානායකුර ා (ைொண்புைிகு சபொநொயகர் அவர்கள்) (The Hon. Speaker) ගරු ාච් විශේශ්ේ ඇාිරතුාද. ගු කාංදන විනේන ේකර හරා විෂ්ලිබල හ බලශ්තිිය අ ාර‍ුර ා) (ைொண்புைிகு கஞ்சன விமஜமசகர - ைின்சக்தி ைற்றும் வலுசக்தி அமைச்சர்) (The Hon. Kanchana Wijesekera - Minister of Power and Energy) ගරු ාද්දක තුාිර ්ිර ශා ට ශප ක්‍රි ට් අතුරු මිටුව්‍ක් ප්, ිරීමශා් පජීව්‍ ගරු න්දධිපිරතුාද ැබි්ට් ාණ්ඩකශය් ්දාදික ක් හත ශාශ්කු ප්, කද ැබි්ට් අනු මිටුව්‍ක් ව්‍ ශක් අපට ව්‍ගකීාක් කඳද දීකද ිරශඳ්ව්‍ද.",ශ අව්‍්ථාදශය ශ ද ණකට පුාචි අව්‍ධ්‍ද්කක් ශකොමු ්් ාා ැාැිරයි. අා ශ්‍රී කා ද ක්‍රි ට් ආකත්ක ශ පදකලිශ ්,2023-11-17,2023-11-17-2023-11-17,"ශ අව්‍්ථාදශය ශ ද ණකට පුාචි අව්‍ධ්‍ද්කක් ශකොමු ්් ාා ැාැිරයි. අා ශ්‍රී කා ද ක්‍රි ට් ආකත්ක ශ පදකලිශ ්තුශය ද්් ්ාහ අක තමු්ශ ශශ පදක්කට පදවිච්චි මි් ිරශඳ්ව්‍ද. හැඳැයි, ද ණකක් ාත තඳදග්්, ගරු ාද්දක තුාිර. ICC ශ ් පැ්වූ තහ්ා ිර්ද අා ශව්‍්ශ ොට ground ව්‍ැඩ ් තණශ ොළ ප් groundsman ශ ශ්කුටව්‍්, පඩිකක් ග්් විධිකක් ්ැහැ, ව්‍තු ස් ක් ාා් මිිරශහකුටව්‍්, පඩිකක් ග්් විධිකක් ්ැහැ. ාා ක්‍රීඩද ඇාිර ව්‍ ශක් ටයුතු ළ ශව්‍කදශය්, Interim Committee ක් ප්, ්් තායි අශටි උ්,්දහක ිරබුශණ්. ්මු්,, ශහා Interim Committee ක් ප්, ළද ් අප ban ශව්‍්ව්‍ද ිරක් ශහේතුව්‍ ාත, ICC ට අටව්‍ ක් විත කහි් අපි ්ද ච්ඡද ළද. අිර් විකා ශග් ්ද පූකව්‍කට තිරව්‍ා කහි් ICC ශක් ්ාදපිර මුණ ගැසී ාද කද, අශගෝ්ථතු ාද්ශය් තුාද ශග්ව්‍කද ශ්ොව්‍ැ ඳක ශව්‍්ශ ොට - ්ික්, ශප්‍රේාාද් ාහ්,ාකද න්දධිපිරව්‍ ණකට දල්ක්් ාව්‍්ථ තු් ට ශප - විශ ේෂ පදකලිශ ්තුව්‍ක් ැඳව්‍කද තායි ප්්, ශ ටු පත ් ාත ශළේ.

යළ ට විාල් වී ව්‍ා ාැිරතුාද ආකථි ඝදත ක් ගැ් ාද ළද. ාට ශව්‍කදශය හි්ද ශව්‍්් ඕ්න ශ ොශහ්ා

ිරකකද ශ්,රුශණ් ්ැහැ. ශහේතුව්‍ ශාො ක්ා ා්්ව්‍දා? ාා ශහේතුව්‍ ිරක්් . තුාද ශයිර දව්‍ක කිපක පුටිපදශග් ශ ශගොල්ක් ිර්ව්‍්් න ගහපු හැස් ශ කා දශය මිිරජී්ට ාත යි. අාත ්ැහැ. තුාද ාැ් තුාදශ ව්‍දියකට ශප ළදශග් ාද ් ගැ් කේනදව්‍ක් ිරශඳ්ව්‍ද. [ඳදධ්‍ද ිරීමාක්] කේනදව්‍ක් ිරශඳ්ව්‍ද. අ්් ාත ිරකද ග්්. [ඳදධ්‍ද ිරීම ]

ගු කථානායකුර ා (ைொண்புைிகு சபொநொயகர் அவர்கள்) (The Hon. Speaker) ගරු ඇාිරතුාිර දකක පිිබඳඳව්‍ - [ඳදධ්‍ද ිරීම ] ගු වි ල් වීරවාංශ් හරා (ைொண்புைிகு விைல் வீரவங்ஸ) (The Hon. Wimal Weerawansa) Sir, I rise to a point of Order. ගරු ාද්දක තුාිර ාශ ්ා ිරයව්‍ද. [ඳදධ්‍ද ිරීමාක්]

ගු කථානායකුර ා (ைொண்புைிகு சபொநொயகர் அவர்கள்) (The Hon. Speaker) ගරු ාච් විශේශ්ේ ඇාිරතුාද. ගු කාංදන විනේන ේකර හරා විෂ්ලිබල හ බලශ්තිිය අ ාර‍ුර ා) (ைொண்புைிகு கஞ்சன விமஜமசகர - ைின்சக்தி ைற்றும் வலுசக்தி அமைச்சர்) (The Hon. Kanchana Wijesekera - Minister of Power and Energy) ගරු ාද්දක තුාිර ්ිර ශා ට ශප ක්‍රි ට් අතුරු මිටුව්‍ක් ප්, ිරීමශා් පජීව්‍ ගරු න්දධිපිරතුාද ැබි්ට් ාණ්ඩකශය් ්දාදික ක් හත ශාශ්කු ප්, කද ැබි්ට් අනු මිටුව්‍ක් ව්‍ ශක් අපට ව්‍ගකීාක් කඳද දීකද ිරශඳ්ව්‍ද.",hansard,1.0,1
lk_hansard_2020s,2023-11-17-2023-11-17,2023-11-17,2023-11-17,"Hansard of November 17, 2023",https://www.parliament.lk/en/business-of-parliament/hansards,si-ta-en,https://www.parliament.lk/uploads/documents/hansard/1701515168057680.pdf,2023-11-17-2023-11-17-0021,21,si-ta-en,9932fe4a282f9d6ad382f43318025cb6,3633,"ගු කථානායකුර ා (ைொண்புைிகு சபொநொயகர் அவர்கள்) (The Hon. Speaker) ගරු ාච් විශේශ්ේ ඇාිරතුාද. ගු කාංදන විනේන ේකර හරා විෂ්ලිබල හ බලශ්තිිය අ ාර‍ුර ා) (ைொண்புைிகு கஞ்சன விமஜமசகர - ைின்சக்தி ைற்றும் வலுசக்தி அமைச்சர்) (The Hon. Kanchana Wijesekera - Minister of Power and Energy) ගරු ාද්දක තුාිර ්ිර ශා ට ශප ක්‍රි ට් අතුරු මිටුව්‍ක් ප්, ිරීමශා් පජීව්‍ ගරු න්දධිපිරතුාද ැබි්ට් ාණ්ඩකශය් ්දාදික ක් හත ශාශ්කු ප්, කද ැබි්ට් අනු මිටුව්‍ක් ව්‍ ශක් අපට ව්‍ගකීාක් කඳද දීකද ිරශඳ්ව්‍ද.

ගරු ාද්දක තුාිර නදතය්ත ප්‍ර ථ්කක් ඇිර ග්් අපි ශ පදකලිශ ්තුව්‍ ශශ පදක්ාක ව්‍ ශක්ව්‍්, පදවිච්චි ගත යුතු ්ැහැ. අශටි ටට නදතය්ත ප්‍ර ථ් ඇිර ත

791 792

පදකලිශ ්තුව්‍

ිරශඳ්ව්‍ද. ගරු ාද්දක තුාිර අශටි ිරශඳ් පිපපදක් ශය් දුකව්‍ක පිිබඳඳව්‍ ද්ිරකදශය ක්‍රි ට් පදක ාණ්ඩකශය් ශල් ව්‍ කදට ශහා ්ැ්,් ආියකදනු ක්‍රි ට් වු්්කශය් ශල් ව්‍ කදට ඇිනල්ක ිරගු කද හිපක්ශ් ්ැහැ. අපි ට ක්‍රාකක් හාද ග්් ඕ්න. අපි නකක් ව්‍ ශක් ගැ් ්ගදටු ශව්‍්ව්‍ද. අපි නකක් ව්‍ ශක් අශ්ක් ටව්‍කට ිරව්‍ යුතු ්ැහැ ටව්‍ල් තායි අපට අත ශපවී ්ශ් ිරකකද. ව්‍ැ ිර ාතකක් ගරු ාද්දක තුාිර.

න්දධිපිරතුාද අශටි මිටුව්‍ට ිරකකද ිරශඳ්ව්‍ද ICC ්, ක් ්ද ච්ඡද ්් ිරකකද. අනුව්‍ අපි ICC ්, ක් ්ද ච්ඡදව්‍ක් පැව්‍ැ්,වීා ්ඳහද දල්ලීාක් කද ිරශඳ්ව්‍ද.

විපක්ෂශය් ්හ ආණ්ඩු පක්ෂශය් ියකලුශා්දශග්ා ාා දල්ලීාක් ්ව්‍ද. අපි ියකලුශා්දා තු ශව්‍කද පළමුශව්‍්ා Under-19 Cricket World Cup ත ගදව්‍ලික ශ ටට කඳද ගැනීා ්ථාදව්‍ ගැනීාට ්හ ක්‍රි ට් තහ්ා දව්‍්, ගැනීාට ටයුතු ්් ඕ්න. ිර්ද ශ ප්‍ර ථ්ක ශශ පදක් ව්‍ ශක් පදවිච්චි ්් පද ිරකකද ්ැව්‍ත ව්‍තදව්‍ක් ිරක්ව්‍ද. නකක් හැස්කට අපි ්ගදටු ශව්‍්ව්‍ද -","ගු කථානායකුර ා (ைொண்புைிகு சபொநொயகர் அவர்கள்) (The Hon. Speaker) ගරු ාච් විශේශ්ේ ඇාිරතුාද. ගු කාංදන විනේන ේකර හරා විෂ්ලිබල හ බලශ්තිිය අ ාර‍ුර ා) (ைொண்புைிகு கஞ்சன விமஜமசகர - ைின்சக்தி ைற்றும் வலுசக்தி அமைச்சர்) (The Hon. Kanchana Wijesekera - Minister of Power and Energy) ගරු ාද්දක තුාිර ්ිර ශා ට ශප ක්‍රි ට් අතුරු මිටුව්‍ක් ප්, ිරීමශා් පජීව්‍ ගරු න්දධිපිරතුාද ැබි්ට් ාණ්ඩකශය් ්දාදික ක් හත ශාශ්කු ප්, කද ැබි්ට් අනු මිටුව්‍ක් ව්‍ ශක් අපට ව්‍ගකීාක් කඳද දීකද ිරශඳ්ව්‍ද.

ගරු ාද්දක තුාිර නදතය්ත ප්‍ර ථ්කක් ඇිර ග්් අපි ශ පදකලිශ ්තුව්‍ ශශ පදක්ාක ව්‍ ශක්ව්‍්, පදවිච්චි ගත යුතු ්ැහැ. අශටි ටට නදතය්ත ප්‍ර ථ් ඇිර ත

791 792

පදකලිශ ්තුව්‍

ිරශඳ්ව්‍ද. ගරු ාද්දක තුාිර අශටි ිරශඳ් පිපපදක් ශය් දුකව්‍ක පිිබඳඳව්‍ ද්ිරකදශය ක්‍රි ට් පදක ාණ්ඩකශය් ශල් ව්‍ කදට ශහා ්ැ්,් ආියකදනු ක්‍රි ට් වු්්කශය් ශල් ව්‍ කදට ඇිනල්ක ිරගු කද හිපක්ශ් ්ැහැ. අපි ට ක්‍රාකක් හාද ග්් ඕ්න. අපි නකක් ව්‍ ශක් ගැ් ්ගදටු ශව්‍්ව්‍ද. අපි නකක් ව්‍ ශක් අශ්ක් ටව්‍කට ිරව්‍ යුතු ්ැහැ ටව්‍ල් තායි අපට අත ශපවී ්ශ් ිරකකද. ව්‍ැ ිර ාතකක් ගරු ාද්දක තුාිර.

න්දධිපිරතුාද අශටි මිටුව්‍ට ිරකකද ිරශඳ්ව්‍ද ICC ්, ක් ්ද ච්ඡද ්් ිරකකද. අනුව්‍ අපි ICC ්, ක් ්ද ච්ඡදව්‍ක් පැව්‍ැ්,වීා ්ඳහද දල්ලීාක් කද ිරශඳ්ව්‍ද.

විපක්ෂශය් ්හ ආණ්ඩු පක්ෂශය් ියකලුශා්දශග්ා ාා දල්ලීාක් ්ව්‍ද. අපි ියකලුශා්දා තු ශව්‍කද පළමුශව්‍්ා Under-19 Cricket World Cup ත ගදව්‍ලික ශ ටට කඳද ගැනීා ්ථාදව්‍ ගැනීාට ්හ ක්‍රි ට් තහ්ා දව්‍්, ගැනීාට ටයුතු ්් ඕ්න. ිර්ද ශ ප්‍ර ථ්ක ශශ පදක් ව්‍ ශක් පදවිච්චි ්් පද ිරකකද ්ැව්‍ත ව්‍තදව්‍ක් ිරක්ව්‍ද. නකක් හැස්කට අපි ්ගදටු ශව්‍්ව්‍ද -",ගු කථානායකුර ා (ைொண்புைிகு சபொநொயகர் அவர்கள்) (The Hon. Speaker) ගරු ාච් විශේශ්ේ ඇාිරතුාද. ගු කාං,2023-11-17,2023-11-17-2023-11-17,"ගු කථානායකුර ා (ைொண்புைிகு சபொநொயகர் அவர்கள்) (The Hon. Speaker) ගරු ාච් විශේශ්ේ ඇාිරතුාද. ගු කාංදන විනේන ේකර හරා විෂ්ලිබල හ බලශ්තිිය අ ාර‍ුර ා) (ைொண்புைிகு கஞ்சன விமஜமசகர - ைின்சக்தி ைற்றும் வலுசக்தி அமைச்சர்) (The Hon. Kanchana Wijesekera - Minister of Power and Energy) ගරු ාද්දක තුාිර ්ිර ශා ට ශප ක්‍රි ට් අතුරු මිටුව්‍ක් ප්, ිරීමශා් පජීව්‍ ගරු න්දධිපිරතුාද ැබි්ට් ාණ්ඩකශය් ්දාදික ක් හත ශාශ්කු ප්, කද ැබි්ට් අනු මිටුව්‍ක් ව්‍ ශක් අපට ව්‍ගකීාක් කඳද දීකද ිරශඳ්ව්‍ද.

ගරු ාද්දක තුාිර නදතය්ත ප්‍ර ථ්කක් ඇිර ග්් අපි ශ පදකලිශ ්තුව්‍ ශශ පදක්ාක ව්‍ ශක්ව්‍්, පදවිච්චි ගත යුතු ්ැහැ. අශටි ටට නදතය්ත ප්‍ර ථ් ඇිර ත

791 792

පදකලිශ ්තුව්‍

ිරශඳ්ව්‍ද. ගරු ාද්දක තුාිර අශටි ිරශඳ් පිපපදක් ශය් දුකව්‍ක පිිබඳඳව්‍ ද්ිරකදශය ක්‍රි ට් පදක ාණ්ඩකශය් ශල් ව්‍ කදට ශහා ්ැ්,් ආියකදනු ක්‍රි ට් වු්්කශය් ශල් ව්‍ කදට ඇිනල්ක ිරගු කද හිපක්ශ් ්ැහැ. අපි ට ක්‍රාකක් හාද ග්් ඕ්න. අපි නකක් ව්‍ ශක් ගැ් ්ගදටු ශව්‍්ව්‍ද. අපි නකක් ව්‍ ශක් අශ්ක් ටව්‍කට ිරව්‍ යුතු ්ැහැ ටව්‍ල් තායි අපට අත ශපවී ්ශ් ිරකකද. ව්‍ැ ිර ාතකක් ගරු ාද්දක තුාිර.

න්දධිපිරතුාද අශටි මිටුව්‍ට ිරකකද ිරශඳ්ව්‍ද ICC ්, ක් ්ද ච්ඡද ්් ිරකකද. අනුව්‍ අපි ICC ්, ක් ්ද ච්ඡදව්‍ක් පැව්‍ැ්,වීා ්ඳහද දල්ලීාක් කද ිරශඳ්ව්‍ද.

විපක්ෂශය් ්හ ආණ්ඩු පක්ෂශය් ියකලුශා්දශග්ා ාා දල්ලීාක් ්ව්‍ද. අපි ියකලුශා්දා තු ශව්‍කද පළමුශව්‍්ා Under-19 Cricket World Cup ත ගදව්‍ලික ශ ටට කඳද ගැනීා ්ථාදව්‍ ගැනීාට ්හ ක්‍රි ට් තහ්ා දව්‍්, ගැනීාට ටයුතු ්් ඕ්න. ිර්ද ශ ප්‍ර ථ්ක ශශ පදක් ව්‍ ශක් පදවිච්චි ්් පද ිරකකද ්ැව්‍ත ව්‍තදව්‍ක් ිරක්ව්‍ද. නකක් හැස්කට අපි ්ගදටු ශව්‍්ව්‍ද -",hansard,1.0,1
lk_hansard_2020s,2023-11-17-2023-11-17,2023-11-17,2023-11-17,"Hansard of November 17, 2023",https://www.parliament.lk/en/business-of-parliament/hansards,si-ta-en,https://www.parliament.lk/uploads/documents/hansard/1701515168057680.pdf,2023-11-17-2023-11-17-0022,22,si-ta-en,eeb62da2df0fa9ecbd34fc4175d4eff6,4171,"විපක්ෂශය් ්හ ආණ්ඩු පක්ෂශය් ියකලුශා්දශග්ා ාා දල්ලීාක් ්ව්‍ද. අපි ියකලුශා්දා තු ශව්‍කද පළමුශව්‍්ා Under-19 Cricket World Cup ත ගදව්‍ලික ශ ටට කඳද ගැනීා ්ථාදව්‍ ගැනීාට ්හ ක්‍රි ට් තහ්ා දව්‍්, ගැනීාට ටයුතු ්් ඕ්න. ිර්ද ශ ප්‍ර ථ්ක ශශ පදක් ව්‍ ශක් පදවිච්චි ්් පද ිරකකද ්ැව්‍ත ව්‍තදව්‍ක් ිරක්ව්‍ද. නකක් හැස්කට අපි ්ගදටු ශව්‍්ව්‍ද -

ගරු ාද්දක තුාිර ඳ්දුක ගුණව්‍කධ්‍් ඇාිරතුාද ාා අහපු ව්‍දට උ්,ත දු්ශ් ්ැහැ. ට ඳාශ ොශකෝ, ිරකපු ශකෝන්දව්‍ රුපිකක අව්‍ප්‍රාදණක ්ව්‍ද ිරකපු ශකෝන්දව්‍ පදකලිශ ්තුව්‍ට ශග්දශය ්ැ්,ශ්, ඇයි ව්‍ද ගැ් ශාතු් ශාශ්කුශග් පාණක් අහකද තිර තී ණ ග්,ශ්, ඇයි ව්‍දට නීිරාක ව්‍ ශක් ඳදධ්‍ද ිරශඳ්ව්‍දා ිරකකද අහපු ප්‍ර ථ්ව්‍කට තුාද උ්,ත දු්ශ් ්ැහැ.

ගරු ඇාිරතුාිර ව්‍දශ ා ඔඳතුාද පිිබග්,තද කහ පදක් ආණ්ඩුශය අවුරුදු හත හාද තුළ ග්,ත අධි ්ථෛව්‍ීම ඳැඳු ණක ප්‍රාදණක ශ ණක ශපොලී ව්‍දිප ක බිලික් ගණ්ිර් ව්‍ැඩි ශව්‍්් ශහේතු වුණු ඳව්‍. ගරු ඇාිරතුාිර ඔඳතුාද ප්‍රිරක්ශෂේප ශළේ්, ්ැහැ. ව්‍දශ ා ඔඳතුාද ශප්වූව්‍ද ප්‍රද ධ්‍් කණුා ිරාහ්ථ ්් ටයුතු ිරීමා්, ව්‍ැ ිරයි ශ අකබුාශය් ශ ොට්ක් ිරකකද. ඔක ඔක්ශ ෝා පු ිරල් වික්‍රාියාහ න්දධිපිරතුාදශ පදක්ක කටශ්, ඔඳතුාද ජීශව්‍් ්ැතශප්ව්‍ද ශ් ගරු ඇාිරතුාිර.

ගු කථානායකුර ා (ைொண்புைிகு சபொநொயகர் அவர்கள்) (The Hon. Speaker) ශඳොශහොා ්ථතුිරයි ගරු ා්ත්‍රීතුාිර. ඇිර.

ගු වි ල් වීරවාංශ් හරා (ைொண்புைிகு விைல் வீரவங்ஸ) (The Hon. Wimal Weerawansa) ශපොඩ්ඩක් ද්්. ාා ාද කද දව්‍ ්ැහැ. [ඳදධ්‍ද ිරීමාක්] ාා ාද කද දව්‍ ්ැහැ. ාා හිප් ප්‍ර්ද්දු ාැිරතුාදට්, උ්,ත ශා්් ඕ්න.

ගු නීියඥ ලතිකන ් ිරරිඇල්ල හරා (ைொண்புைிகு சட்டத்தரணி லக்ஷ்ைன் கிொிஎல்ல) (The Hon. Lakshman Kiriella, Attorney-at-Law)

නැඟී සිටින ය. எழுந்தொர். rose.

ගු කථානායකුර ා (ைொண்புைிகு சபொநொயகர் அவர்கள்) (The Hon. Speaker) ගරු කක්ෂථා් ිරිපඇල්ක ා්ත්‍රීතුාද. [ඳදධ්‍ද ිරීම ] ගරු ා්ත්‍රීතුාිර ඔඳතුාද ාද ්්. [ඳදධ්‍ද ිරීම ]","විපක්ෂශය් ්හ ආණ්ඩු පක්ෂශය් ියකලුශා්දශග්ා ාා දල්ලීාක් ්ව්‍ද. අපි ියකලුශා්දා තු ශව්‍කද පළමුශව්‍්ා Under-19 Cricket World Cup ත ගදව්‍ලික ශ ටට කඳද ගැනීා ්ථාදව්‍ ගැනීාට ්හ ක්‍රි ට් තහ්ා දව්‍්, ගැනීාට ටයුතු ්් ඕ්න. ිර්ද ශ ප්‍ර ථ්ක ශශ පදක් ව්‍ ශක් පදවිච්චි ්් පද ිරකකද ්ැව්‍ත ව්‍තදව්‍ක් ිරක්ව්‍ද. නකක් හැස්කට අපි ්ගදටු ශව්‍්ව්‍ද -

ගරු ාද්දක තුාිර ඳ්දුක ගුණව්‍කධ්‍් ඇාිරතුාද ාා අහපු ව්‍දට උ්,ත දු්ශ් ්ැහැ. ට ඳාශ ොශකෝ, ිරකපු ශකෝන්දව්‍ රුපිකක අව්‍ප්‍රාදණක ්ව්‍ද ිරකපු ශකෝන්දව්‍ පදකලිශ ්තුව්‍ට ශග්දශය ්ැ්,ශ්, ඇයි ව්‍ද ගැ් ශාතු් ශාශ්කුශග් පාණක් අහකද තිර තී ණ ග්,ශ්, ඇයි ව්‍දට නීිරාක ව්‍ ශක් ඳදධ්‍ද ිරශඳ්ව්‍දා ිරකකද අහපු ප්‍ර ථ්ව්‍කට තුාද උ්,ත දු්ශ් ්ැහැ.

ගරු ඇාිරතුාිර ව්‍දශ ා ඔඳතුාද පිිබග්,තද කහ පදක් ආණ්ඩුශය අවුරුදු හත හාද තුළ ග්,ත අධි ්ථෛව්‍ීම ඳැඳු ණක ප්‍රාදණක ශ ණක ශපොලී ව්‍දිප ක බිලික් ගණ්ිර් ව්‍ැඩි ශව්‍්් ශහේතු වුණු ඳව්‍. ගරු ඇාිරතුාිර ඔඳතුාද ප්‍රිරක්ශෂේප ශළේ්, ්ැහැ. ව්‍දශ ා ඔඳතුාද ශප්වූව්‍ද ප්‍රද ධ්‍් කණුා ිරාහ්ථ ්් ටයුතු ිරීමා්, ව්‍ැ ිරයි ශ අකබුාශය් ශ ොට්ක් ිරකකද. ඔක ඔක්ශ ෝා පු ිරල් වික්‍රාියාහ න්දධිපිරතුාදශ පදක්ක කටශ්, ඔඳතුාද ජීශව්‍් ්ැතශප්ව්‍ද ශ් ගරු ඇාිරතුාිර.

ගු කථානායකුර ා (ைொண்புைிகு சபொநொயகர் அவர்கள்) (The Hon. Speaker) ශඳොශහොා ්ථතුිරයි ගරු ා්ත්‍රීතුාිර. ඇිර.

ගු වි ල් වීරවාංශ් හරා (ைொண்புைிகு விைல் வீரவங்ஸ) (The Hon. Wimal Weerawansa) ශපොඩ්ඩක් ද්්. ාා ාද කද දව්‍ ්ැහැ. [ඳදධ්‍ද ිරීමාක්] ාා ාද කද දව්‍ ්ැහැ. ාා හිප් ප්‍ර්ද්දු ාැිරතුාදට්, උ්,ත ශා්් ඕ්න.

ගු නීියඥ ලතිකන ් ිරරිඇල්ල හරා (ைொண்புைிகு சட்டத்தரணி லக்ஷ்ைன் கிொிஎல்ல) (The Hon. Lakshman Kiriella, Attorney-at-Law)

නැඟී සිටින ය. எழுந்தொர். rose.

ගු කථානායකුර ා (ைொண்புைிகு சபொநொயகர் அவர்கள்) (The Hon. Speaker) ගරු කක්ෂථා් ිරිපඇල්ක ා්ත්‍රීතුාද. [ඳදධ්‍ද ිරීම ] ගරු ා්ත්‍රීතුාිර ඔඳතුාද ාද ්්. [ඳදධ්‍ද ිරීම ]",විපක්ෂශය් ්හ ආණ්ඩු පක්ෂශය් ියකලුශා්දශග්ා ාා දල්ලීාක් ්ව්‍ද. අපි ියකලුශා්දා තු ශව්‍කද පළමුශව්‍්ා Unde,2023-11-17,2023-11-17-2023-11-17,"විපක්ෂශය් ්හ ආණ්ඩු පක්ෂශය් ියකලුශා්දශග්ා ාා දල්ලීාක් ්ව්‍ද. අපි ියකලුශා්දා තු ශව්‍කද පළමුශව්‍්ා Under-19 Cricket World Cup ත ගදව්‍ලික ශ ටට කඳද ගැනීා ්ථාදව්‍ ගැනීාට ්හ ක්‍රි ට් තහ්ා දව්‍්, ගැනීාට ටයුතු ්් ඕ්න. ිර්ද ශ ප්‍ර ථ්ක ශශ පදක් ව්‍ ශක් පදවිච්චි ්් පද ිරකකද ්ැව්‍ත ව්‍තදව්‍ක් ිරක්ව්‍ද. නකක් හැස්කට අපි ්ගදටු ශව්‍්ව්‍ද -

ගරු ාද්දක තුාිර ඳ්දුක ගුණව්‍කධ්‍් ඇාිරතුාද ාා අහපු ව්‍දට උ්,ත දු්ශ් ්ැහැ. ට ඳාශ ොශකෝ, ිරකපු ශකෝන්දව්‍ රුපිකක අව්‍ප්‍රාදණක ්ව්‍ද ිරකපු ශකෝන්දව්‍ පදකලිශ ්තුව්‍ට ශග්දශය ්ැ්,ශ්, ඇයි ව්‍ද ගැ් ශාතු් ශාශ්කුශග් පාණක් අහකද තිර තී ණ ග්,ශ්, ඇයි ව්‍දට නීිරාක ව්‍ ශක් ඳදධ්‍ද ිරශඳ්ව්‍දා ිරකකද අහපු ප්‍ර ථ්ව්‍කට තුාද උ්,ත දු්ශ් ්ැහැ.

ගරු ඇාිරතුාිර ව්‍දශ ා ඔඳතුාද පිිබග්,තද කහ පදක් ආණ්ඩුශය අවුරුදු හත හාද තුළ ග්,ත අධි ්ථෛව්‍ීම ඳැඳු ණක ප්‍රාදණක ශ ණක ශපොලී ව්‍දිප ක බිලික් ගණ්ිර් ව්‍ැඩි ශව්‍්් ශහේතු වුණු ඳව්‍. ගරු ඇාිරතුාිර ඔඳතුාද ප්‍රිරක්ශෂේප ශළේ්, ්ැහැ. ව්‍දශ ා ඔඳතුාද ශප්වූව්‍ද ප්‍රද ධ්‍් කණුා ිරාහ්ථ ්් ටයුතු ිරීමා්, ව්‍ැ ිරයි ශ අකබුාශය් ශ ොට්ක් ිරකකද. ඔක ඔක්ශ ෝා පු ිරල් වික්‍රාියාහ න්දධිපිරතුාදශ පදක්ක කටශ්, ඔඳතුාද ජීශව්‍් ්ැතශප්ව්‍ද ශ් ගරු ඇාිරතුාිර.

ගු කථානායකුර ා (ைொண்புைிகு சபொநொயகர் அவர்கள்) (The Hon. Speaker) ශඳොශහොා ්ථතුිරයි ගරු ා්ත්‍රීතුාිර. ඇිර.

ගු වි ල් වීරවාංශ් හරා (ைொண்புைிகு விைல் வீரவங்ஸ) (The Hon. Wimal Weerawansa) ශපොඩ්ඩක් ද්්. ාා ාද කද දව්‍ ්ැහැ. [ඳදධ්‍ද ිරීමාක්] ාා ාද කද දව්‍ ්ැහැ. ාා හිප් ප්‍ර්ද්දු ාැිරතුාදට්, උ්,ත ශා්් ඕ්න.

ගු නීියඥ ලතිකන ් ිරරිඇල්ල හරා (ைொண்புைிகு சட்டத்தரணி லக்ஷ்ைன் கிொிஎல்ல) (The Hon. Lakshman Kiriella, Attorney-at-Law)

නැඟී සිටින ය. எழுந்தொர். rose.

ගු කථානායකුර ා (ைொண்புைிகு சபொநொயகர் அவர்கள்) (The Hon. Speaker) ගරු කක්ෂථා් ිරිපඇල්ක ා්ත්‍රීතුාද. [ඳදධ්‍ද ිරීම ] ගරු ා්ත්‍රීතුාිර ඔඳතුාද ාද ්්. [ඳදධ්‍ද ිරීම ]",hansard,1.0,1
lk_hansard_2020s,2023-11-17-2023-11-17,2023-11-17,2023-11-17,"Hansard of November 17, 2023",https://www.parliament.lk/en/business-of-parliament/hansards,si-ta-en,https://www.parliament.lk/uploads/documents/hansard/1701515168057680.pdf,2023-11-17-2023-11-17-0023,23,si-ta-en,c831d813d841e37cfa906eb770c942f9,4207,"ගු නීියඥ ලතිකන ් ිරරිඇල්ල හරා (ைொண்புைிகு சட்டத்தரணி லக்ஷ்ைன் கிொிஎல்ல) (The Hon. Lakshman Kiriella, Attorney-at-Law)

නැඟී සිටින ය. எழுந்தொர். rose.

ගු කථානායකුර ා (ைொண்புைிகு சபொநொயகர் அவர்கள்) (The Hon. Speaker) ගරු කක්ෂථා් ිරිපඇල්ක ා්ත්‍රීතුාද. [ඳදධ්‍ද ිරීම ] ගරු ා්ත්‍රීතුාිර ඔඳතුාද ාද ්්. [ඳදධ්‍ද ිරීම ]

ගු කථානායකුර ා (ைொண்புைிகு சபொநொயகர் அவர்கள்) (The Hon. Speaker) අශටි විව්‍දාක ් පූකණශක් අවුල් ශව්‍්ව්‍ද. [ඳදධ්‍ද ිරීම ] ගු නීියඥ ලතිකන ් ිරරිඇල්ල හරා (ைொண்புைிகு சட்டத்தரணி லக்ஷ்ைன் கிொிஎல்ல) (The Hon. Lakshman Kiriella, Attorney-at-Law) ගරු ාද්දක තුාිර Interim Committee ක් පදිර්ථතද්ශය්්, ිරශඳ්ව්‍ද South Africaව්‍ක්, ිරශඳ්ව්‍ද. ශහා ් අශටි ශට් ක්‍රි ට් තහ් ශව්‍්ශ් ශ ොශහොාා? [ඳදධ්‍ද ිරීම ]

ගු කථානායකුර ා (ைொண்புைிகு சபொநொயகர் அவர்கள்) (The Hon. Speaker) ගරු විාල් වී ව්‍ා ා්ත්‍රීතුාිර ඔඳතුාද ගැ් විව්‍දාකක් අ ශග් ාද ්්. ගරු ා්ත්‍රීතුාිර දකක ්ද්ථිර ්් පද. [ඳදධ්‍ද ිරීම ] ඔඳතුා්කද ක්‍රි ට් ගැ් ාද ්් ශව්‍්ා විව්‍දාකක් දල්කදග්්. [ඳදධ්‍ද ිරීම ]

ගු වි ල් වීරවාංශ් හරා (ைொண்புைிகு விைல் வீரவங்ஸ) (The Hon. Wimal Weerawansa) ගරු ාද්දක තුාිර ාශ ්ා ිරයව්‍ද.

793 794

[ගරු ාච් විශේශ්ේ ාහතද ]

202] ශ්ොව්‍ැ ඳක 17

ගු කථානායකුර ා (ைொண்புைிகு சபொநொயகர் அவர்கள்) (The Hon. Speaker) ගරු ා්ත්‍රීතුාද ඔඳතුාදට අව්‍්ථාද ශා ක් දු්්ද. [ඳදධ්‍ද ිරීම ]

ගු අනුර දි ානායක හරා (ைொண்புைிகு அநுர திஸொநொயக்க) (The Hon. Anura Dissanayaka) නැඟී සිටින ය. எழுந்தொர். rose.

ගු කථානායකුර ා (ைொண்புைிகு சபொநொயகர் அவர்கள்) (The Hon. Speaker) ගරු අනු ිර්ද්දක ා්ත්‍රීතුාද ිරක්්.

ගු වි ල් වීරවාංශ් හරා (ைொண்புைிகு விைல் வீரவங்ஸ) (The Hon. Wimal Weerawansa) හිප් ප්‍ර්ද්දු ඇාිරව්‍ කද තායි ාශ ්ා ිරයශය.

ගු කථානායකුර ා (ைொண்புைிகு சபொநொயகர் அவர்கள்) (The Hon. Speaker) ගරු ා්ත්‍රීතුාිර ඔඳතුාදශ ්ා ිරයව්‍දට ශ් ්ැිනට්ශට්. ගු වි ල් වීරවාංශ් හරා (ைொண்புைிகு விைல் வீரவங்ஸ) (The Hon. Wimal Weerawansa) raise ් ්, ඔඳතුාද ්ැව්‍ැ්,වූව්‍ද ශ් ගරු ාද්දක තුාිර.","ගු නීියඥ ලතිකන ් ිරරිඇල්ල හරා (ைொண்புைிகு சட்டத்தரணி லக்ஷ்ைன் கிொிஎல்ல) (The Hon. Lakshman Kiriella, Attorney-at-Law)

නැඟී සිටින ය. எழுந்தொர். rose.

ගු කථානායකුර ා (ைொண்புைிகு சபொநொயகர் அவர்கள்) (The Hon. Speaker) ගරු කක්ෂථා් ිරිපඇල්ක ා්ත්‍රීතුාද. [ඳදධ්‍ද ිරීම ] ගරු ා්ත්‍රීතුාිර ඔඳතුාද ාද ්්. [ඳදධ්‍ද ිරීම ]

ගු කථානායකුර ා (ைொண்புைிகு சபொநொயகர் அவர்கள்) (The Hon. Speaker) අශටි විව්‍දාක ් පූකණශක් අවුල් ශව්‍්ව්‍ද. [ඳදධ්‍ද ිරීම ] ගු නීියඥ ලතිකන ් ිරරිඇල්ල හරා (ைொண்புைிகு சட்டத்தரணி லக்ஷ்ைன் கிொிஎல்ல) (The Hon. Lakshman Kiriella, Attorney-at-Law) ගරු ාද්දක තුාිර Interim Committee ක් පදිර්ථතද්ශය්්, ිරශඳ්ව්‍ද South Africaව්‍ක්, ිරශඳ්ව්‍ද. ශහා ් අශටි ශට් ක්‍රි ට් තහ් ශව්‍්ශ් ශ ොශහොාා? [ඳදධ්‍ද ිරීම ]

ගු කථානායකුර ා (ைொண்புைிகு சபொநொயகர் அவர்கள்) (The Hon. Speaker) ගරු විාල් වී ව්‍ා ා්ත්‍රීතුාිර ඔඳතුාද ගැ් විව්‍දාකක් අ ශග් ාද ්්. ගරු ා්ත්‍රීතුාිර දකක ්ද්ථිර ්් පද. [ඳදධ්‍ද ිරීම ] ඔඳතුා්කද ක්‍රි ට් ගැ් ාද ්් ශව්‍්ා විව්‍දාකක් දල්කදග්්. [ඳදධ්‍ද ිරීම ]

ගු වි ල් වීරවාංශ් හරා (ைொண்புைிகு விைல் வீரவங்ஸ) (The Hon. Wimal Weerawansa) ගරු ාද්දක තුාිර ාශ ්ා ිරයව්‍ද.

793 794

[ගරු ාච් විශේශ්ේ ාහතද ]

202] ශ්ොව්‍ැ ඳක 17

ගු කථානායකුර ා (ைொண்புைிகு சபொநொயகர் அவர்கள்) (The Hon. Speaker) ගරු ා්ත්‍රීතුාද ඔඳතුාදට අව්‍්ථාද ශා ක් දු්්ද. [ඳදධ්‍ද ිරීම ]

ගු අනුර දි ානායක හරා (ைொண்புைிகு அநுர திஸொநொயக்க) (The Hon. Anura Dissanayaka) නැඟී සිටින ය. எழுந்தொர். rose.

ගු කථානායකුර ා (ைொண்புைிகு சபொநொயகர் அவர்கள்) (The Hon. Speaker) ගරු අනු ිර්ද්දක ා්ත්‍රීතුාද ිරක්්.

ගු වි ල් වීරවාංශ් හරා (ைொண்புைிகு விைல் வீரவங்ஸ) (The Hon. Wimal Weerawansa) හිප් ප්‍ර්ද්දු ඇාිරව්‍ කද තායි ාශ ්ා ිරයශය.

ගු කථානායකුර ා (ைொண்புைிகு சபொநொயகர் அவர்கள்) (The Hon. Speaker) ගරු ා්ත්‍රීතුාිර ඔඳතුාදශ ්ා ිරයව්‍දට ශ් ්ැිනට්ශට්. ගු වි ල් වීරවාංශ් හරා (ைொண்புைிகு விைல் வீரவங்ஸ) (The Hon. Wimal Weerawansa) raise ් ්, ඔඳතුාද ්ැව්‍ැ්,වූව්‍ද ශ් ගරු ාද්දක තුාිර.",ගු නීියඥ ලතිකන ් ිරරිඇල්ල හරා (ைொண்புைிகு சட்டத்தரணி லக்ஷ்ைன் கிொிஎல்ல) (The Hon. Lakshman Kiriell,2023-11-17,2023-11-17-2023-11-17,"ගු නීියඥ ලතිකන ් ිරරිඇල්ල හරා (ைொண்புைிகு சட்டத்தரணி லக்ஷ்ைன் கிொிஎல்ல) (The Hon. Lakshman Kiriella, Attorney-at-Law)

නැඟී සිටින ය. எழுந்தொர். rose.

ගු කථානායකුර ා (ைொண்புைிகு சபொநொயகர் அவர்கள்) (The Hon. Speaker) ගරු කක්ෂථා් ිරිපඇල්ක ා්ත්‍රීතුාද. [ඳදධ්‍ද ිරීම ] ගරු ා්ත්‍රීතුාිර ඔඳතුාද ාද ්්. [ඳදධ්‍ද ිරීම ]

ගු කථානායකුර ා (ைொண்புைிகு சபொநொயகர் அவர்கள்) (The Hon. Speaker) අශටි විව්‍දාක ් පූකණශක් අවුල් ශව්‍්ව්‍ද. [ඳදධ්‍ද ිරීම ] ගු නීියඥ ලතිකන ් ිරරිඇල්ල හරා (ைொண்புைிகு சட்டத்தரணி லக்ஷ்ைன் கிொிஎல்ல) (The Hon. Lakshman Kiriella, Attorney-at-Law) ගරු ාද්දක තුාිර Interim Committee ක් පදිර්ථතද්ශය්්, ිරශඳ්ව්‍ද South Africaව්‍ක්, ිරශඳ්ව්‍ද. ශහා ් අශටි ශට් ක්‍රි ට් තහ් ශව්‍්ශ් ශ ොශහොාා? [ඳදධ්‍ද ිරීම ]

ගු කථානායකුර ා (ைொண்புைிகு சபொநொயகர் அவர்கள்) (The Hon. Speaker) ගරු විාල් වී ව්‍ා ා්ත්‍රීතුාිර ඔඳතුාද ගැ් විව්‍දාකක් අ ශග් ාද ්්. ගරු ා්ත්‍රීතුාිර දකක ්ද්ථිර ්් පද. [ඳදධ්‍ද ිරීම ] ඔඳතුා්කද ක්‍රි ට් ගැ් ාද ්් ශව්‍්ා විව්‍දාකක් දල්කදග්්. [ඳදධ්‍ද ිරීම ]

ගු වි ල් වීරවාංශ් හරා (ைொண்புைிகு விைல் வீரவங்ஸ) (The Hon. Wimal Weerawansa) ගරු ාද්දක තුාිර ාශ ්ා ිරයව්‍ද.

793 794

[ගරු ාච් විශේශ්ේ ාහතද ]

202] ශ්ොව්‍ැ ඳක 17

ගු කථානායකුර ා (ைொண்புைிகு சபொநொயகர் அவர்கள்) (The Hon. Speaker) ගරු ා්ත්‍රීතුාද ඔඳතුාදට අව්‍්ථාද ශා ක් දු්්ද. [ඳදධ්‍ද ිරීම ]

ගු අනුර දි ානායක හරා (ைொண்புைிகு அநுர திஸொநொயக்க) (The Hon. Anura Dissanayaka) නැඟී සිටින ය. எழுந்தொர். rose.

ගු කථානායකුර ා (ைொண்புைிகு சபொநொயகர் அவர்கள்) (The Hon. Speaker) ගරු අනු ිර්ද්දක ා්ත්‍රීතුාද ිරක්්.

ගු වි ල් වීරවාංශ් හරා (ைொண்புைிகு விைல் வீரவங்ஸ) (The Hon. Wimal Weerawansa) හිප් ප්‍ර්ද්දු ඇාිරව්‍ කද තායි ාශ ්ා ිරයශය.

ගු කථානායකුර ා (ைொண்புைிகு சபொநொயகர் அவர்கள்) (The Hon. Speaker) ගරු ා්ත්‍රීතුාිර ඔඳතුාදශ ්ා ිරයව්‍දට ශ් ්ැිනට්ශට්. ගු වි ල් වීරවාංශ් හරා (ைொண்புைிகு விைல் வீரவங்ஸ) (The Hon. Wimal Weerawansa) raise ් ්, ඔඳතුාද ්ැව්‍ැ්,වූව්‍ද ශ් ගරු ාද්දක තුාිර.",hansard,1.0,1
lk_hansard_2020s,2023-11-17-2023-11-17,2023-11-17,2023-11-17,"Hansard of November 17, 2023",https://www.parliament.lk/en/business-of-parliament/hansards,si-ta-en,https://www.parliament.lk/uploads/documents/hansard/1701515168057680.pdf,2023-11-17-2023-11-17-0024,24,si-ta-en,699cea2f751d75c384f1471259beb40d,4521,"ගු කථානායකුර ා (ைொண்புைிகு சபொநொயகர் அவர்கள்) (The Hon. Speaker) ගරු ා්ත්‍රීතුාිර ඔඳතුාදශ ්ා ිරයව්‍දට ශ් ්ැිනට්ශට්. ගු වි ල් වීරවාංශ් හරා (ைொண்புைிகு விைல் வீரவங்ஸ) (The Hon. Wimal Weerawansa) raise ් ්, ඔඳතුාද ්ැව්‍ැ්,වූව්‍ද ශ් ගරු ාද්දක තුාිර.

ගු කථානායකුර ා (ைொண்புைிகு சபொநொயகர் அவர்கள்) (The Hon. Speaker) දක්ා් ්් ගරු ා්ත්‍රීතුාිර. ාැ් ශව්‍කදව්‍ කීකා ඳක්්.

ගු අනුර දි ානායක හරා (ைொண்புைிகு அநுர திஸொநொயக்க) (The Hon. Anura Dissanayaka) ගරු ාද්දක තුාිර ාා දක්ාිර් ිරකකද අව්‍්් ්ව්‍ද.

හැඳැයි ාැ් පැ් ්ැඟී ිරශඳ් ප්‍ර ථ්ක තායි COPE ශක් ්ාදපිරව්‍ කද පිිබඳඳ ප්‍ර ථ්ක. ආ ාශය්දීා තුාද ප්‍ර ද ළ යුතුව්‍ ිරබුණද තුාදට ශ්‍රී කා ද ක්‍රි ට් ආකත්ක ්ා ලි් ක ගනුශානුව්‍ක් ිරබුණු ඳව්‍. තුාද ප්‍ර ද ශළේ ්ැහැ. ශාව්‍ැිර ද ණක තුාදශ හැියීමා. ගරු ාද්දක තුාිර ිර්ද ශ ්ාදපිරව්‍ කද ශ ත්තුශක ිරකදශග් ් පීමක්ෂණකක් පිිබඳඳව්‍ පදකලිශ ්තුශය ශහෝ පිටත ද්් වුරුව්‍්, වි ථව්‍ද් ්ශ් ්ැහැ.

ිර්ද ඔඳතුාද ශ ් ඳ්ධ්‍ශක් ිරශකෝගකක් ශා්් ගරු ාද්දක තුාිර. ශ ්ාදපිරව්‍ කද දව්‍්,ශ ොට අඩුා ත ශ ශ පීමක්ෂණක ්ඳහදව්‍්, ශව්‍් ්ාදපිරව්‍ ශකකු ප්,ශ ොට ශ ටයුතු ිරීමා ්ඳහද අව්‍්ථාදව්‍ක් කඳද ශා්් ිරක් දල්ලීා තායි ඔඳතුාදශග් ාට ්් ිරශඳ්ශ්. [ඳදධ්‍ද ිරීම ]

ගු කථානායකුර ා (ைொண்புைிகு சபொநொயகர் அவர்கள்) (The Hon. Speaker) රුණද කද අපි ාැ් ්ාදශය අිරක් ව්‍ැඩ ටයුතුව්‍කට ශකොමු ශව්‍මු. අා පව්‍්,ව්‍්් ිරකමිත විව්‍දාකට ශකොමු ශව්‍මු. [ඳදධ්‍ද ිරීම ]

ගු හර්කත රාජකුතා හරා (ைொண்புைிகு ஹர்ஷன ரொஜகருணொ) (The Hon. Harshana Rajakaruna) ගරු ාද්දක තුාිර - [ඳදධ්‍ද ිරීම ] ගු වි ල් වීරවාංශ් හරා (ைொண்புைிகு விைல் வீரவங்ஸ) (The Hon. Wimal Weerawansa) ගරු ාද්දක තුාිර හිප් ප්‍ර්ද්දු ඇාිරව්‍ කද ාශ ්ා ිරයව්‍ද.

ගු කථානායකුර ා (ைொண்புைிகு சபொநொயகர் அவர்கள்) (The Hon. Speaker) ඔඳතුාදට අව්‍්ථාදව්‍ දු්්දා ශ ් ප්‍රශකෝන්ක ග්,ශ්, ්ැහැ ශ්. [ඳදධ්‍ද ිරීම ]

ගු නලි් බණ්ඩාර ජය හ හරා (ைொண்புைிகு நலின் பண்டொர ஜயைஹ) (The Hon. Nalin Bandara Jayamaha) ගරු ාද්දක තුාිර - ගු කථානායකුර ා (ைொண்புைிகு சபொநொயகர் அவர்கள்) (The Hon. Speaker) ඔය ්ලි් ඳණ්ඩද ා්ත්‍රීතුාද.","ගු කථානායකුර ා (ைொண்புைிகு சபொநொயகர் அவர்கள்) (The Hon. Speaker) ගරු ා්ත්‍රීතුාිර ඔඳතුාදශ ්ා ිරයව්‍දට ශ් ්ැිනට්ශට්. ගු වි ල් වීරවාංශ් හරා (ைொண்புைிகு விைல் வீரவங்ஸ) (The Hon. Wimal Weerawansa) raise ් ්, ඔඳතුාද ්ැව්‍ැ්,වූව්‍ද ශ් ගරු ාද්දක තුාිර.

ගු කථානායකුර ා (ைொண்புைிகு சபொநொயகர் அவர்கள்) (The Hon. Speaker) දක්ා් ්් ගරු ා්ත්‍රීතුාිර. ාැ් ශව්‍කදව්‍ කීකා ඳක්්.

ගු අනුර දි ානායක හරා (ைொண்புைிகு அநுர திஸொநொயக்க) (The Hon. Anura Dissanayaka) ගරු ාද්දක තුාිර ාා දක්ාිර් ිරකකද අව්‍්් ්ව්‍ද.

හැඳැයි ාැ් පැ් ්ැඟී ිරශඳ් ප්‍ර ථ්ක තායි COPE ශක් ්ාදපිරව්‍ කද පිිබඳඳ ප්‍ර ථ්ක. ආ ාශය්දීා තුාද ප්‍ර ද ළ යුතුව්‍ ිරබුණද තුාදට ශ්‍රී කා ද ක්‍රි ට් ආකත්ක ්ා ලි් ක ගනුශානුව්‍ක් ිරබුණු ඳව්‍. තුාද ප්‍ර ද ශළේ ්ැහැ. ශාව්‍ැිර ද ණක තුාදශ හැියීමා. ගරු ාද්දක තුාිර ිර්ද ශ ්ාදපිරව්‍ කද ශ ත්තුශක ිරකදශග් ් පීමක්ෂණකක් පිිබඳඳව්‍ පදකලිශ ්තුශය ශහෝ පිටත ද්් වුරුව්‍්, වි ථව්‍ද් ්ශ් ්ැහැ.

ිර්ද ඔඳතුාද ශ ් ඳ්ධ්‍ශක් ිරශකෝගකක් ශා්් ගරු ාද්දක තුාිර. ශ ්ාදපිරව්‍ කද දව්‍්,ශ ොට අඩුා ත ශ ශ පීමක්ෂණක ්ඳහදව්‍්, ශව්‍් ්ාදපිරව්‍ ශකකු ප්,ශ ොට ශ ටයුතු ිරීමා ්ඳහද අව්‍්ථාදව්‍ක් කඳද ශා්් ිරක් දල්ලීා තායි ඔඳතුාදශග් ාට ්් ිරශඳ්ශ්. [ඳදධ්‍ද ිරීම ]

ගු කථානායකුර ා (ைொண்புைிகு சபொநொயகர் அவர்கள்) (The Hon. Speaker) රුණද කද අපි ාැ් ්ාදශය අිරක් ව්‍ැඩ ටයුතුව්‍කට ශකොමු ශව්‍මු. අා පව්‍්,ව්‍්් ිරකමිත විව්‍දාකට ශකොමු ශව්‍මු. [ඳදධ්‍ද ිරීම ]

ගු හර්කත රාජකුතා හරා (ைொண்புைிகு ஹர்ஷன ரொஜகருணொ) (The Hon. Harshana Rajakaruna) ගරු ාද්දක තුාිර - [ඳදධ්‍ද ිරීම ] ගු වි ල් වීරවාංශ් හරා (ைொண்புைிகு விைல் வீரவங்ஸ) (The Hon. Wimal Weerawansa) ගරු ාද්දක තුාිර හිප් ප්‍ර්ද්දු ඇාිරව්‍ කද ාශ ්ා ිරයව්‍ද.

ගු කථානායකුර ා (ைொண்புைிகு சபொநொயகர் அவர்கள்) (The Hon. Speaker) ඔඳතුාදට අව්‍්ථාදව්‍ දු්්දා ශ ් ප්‍රශකෝන්ක ග්,ශ්, ්ැහැ ශ්. [ඳදධ්‍ද ිරීම ]

ගු නලි් බණ්ඩාර ජය හ හරා (ைொண்புைிகு நலின் பண்டொர ஜயைஹ) (The Hon. Nalin Bandara Jayamaha) ගරු ාද්දක තුාිර - ගු කථානායකුර ා (ைொண்புைிகு சபொநொயகர் அவர்கள்) (The Hon. Speaker) ඔය ්ලි් ඳණ්ඩද ා්ත්‍රීතුාද.",ගු කථානායකුර ා (ைொண்புைிகு சபொநொயகர் அவர்கள்) (The Hon. Speaker) ගරු ා්ත්‍රීතුාිර ඔඳතුාදශ ්ා ිරයව,2023-11-17,2023-11-17-2023-11-17,"ගු කථානායකුර ා (ைொண்புைிகு சபொநொயகர் அவர்கள்) (The Hon. Speaker) ගරු ා්ත්‍රීතුාිර ඔඳතුාදශ ්ා ිරයව්‍දට ශ් ්ැිනට්ශට්. ගු වි ල් වීරවාංශ් හරා (ைொண்புைிகு விைல் வீரவங்ஸ) (The Hon. Wimal Weerawansa) raise ් ්, ඔඳතුාද ්ැව්‍ැ්,වූව්‍ද ශ් ගරු ාද්දක තුාිර.

ගු කථානායකුර ා (ைொண்புைிகு சபொநொயகர் அவர்கள்) (The Hon. Speaker) දක්ා් ්් ගරු ා්ත්‍රීතුාිර. ාැ් ශව්‍කදව්‍ කීකා ඳක්්.

ගු අනුර දි ානායක හරා (ைொண்புைிகு அநுர திஸொநொயக்க) (The Hon. Anura Dissanayaka) ගරු ාද්දක තුාිර ාා දක්ාිර් ිරකකද අව්‍්් ්ව්‍ද.

හැඳැයි ාැ් පැ් ්ැඟී ිරශඳ් ප්‍ර ථ්ක තායි COPE ශක් ්ාදපිරව්‍ කද පිිබඳඳ ප්‍ර ථ්ක. ආ ාශය්දීා තුාද ප්‍ර ද ළ යුතුව්‍ ිරබුණද තුාදට ශ්‍රී කා ද ක්‍රි ට් ආකත්ක ්ා ලි් ක ගනුශානුව්‍ක් ිරබුණු ඳව්‍. තුාද ප්‍ර ද ශළේ ්ැහැ. ශාව්‍ැිර ද ණක තුාදශ හැියීමා. ගරු ාද්දක තුාිර ිර්ද ශ ්ාදපිරව්‍ කද ශ ත්තුශක ිරකදශග් ් පීමක්ෂණකක් පිිබඳඳව්‍ පදකලිශ ්තුශය ශහෝ පිටත ද්් වුරුව්‍්, වි ථව්‍ද් ්ශ් ්ැහැ.

ිර්ද ඔඳතුාද ශ ් ඳ්ධ්‍ශක් ිරශකෝගකක් ශා්් ගරු ාද්දක තුාිර. ශ ්ාදපිරව්‍ කද දව්‍්,ශ ොට අඩුා ත ශ ශ පීමක්ෂණක ්ඳහදව්‍්, ශව්‍් ්ාදපිරව්‍ ශකකු ප්,ශ ොට ශ ටයුතු ිරීමා ්ඳහද අව්‍්ථාදව්‍ක් කඳද ශා්් ිරක් දල්ලීා තායි ඔඳතුාදශග් ාට ්් ිරශඳ්ශ්. [ඳදධ්‍ද ිරීම ]

ගු කථානායකුර ා (ைொண்புைிகு சபொநொயகர் அவர்கள்) (The Hon. Speaker) රුණද කද අපි ාැ් ්ාදශය අිරක් ව්‍ැඩ ටයුතුව්‍කට ශකොමු ශව්‍මු. අා පව්‍්,ව්‍්් ිරකමිත විව්‍දාකට ශකොමු ශව්‍මු. [ඳදධ්‍ද ිරීම ]

ගු හර්කත රාජකුතා හරා (ைொண்புைிகு ஹர்ஷன ரொஜகருணொ) (The Hon. Harshana Rajakaruna) ගරු ාද්දක තුාිර - [ඳදධ්‍ද ිරීම ] ගු වි ල් වීරවාංශ් හරා (ைொண்புைிகு விைல் வீரவங்ஸ) (The Hon. Wimal Weerawansa) ගරු ාද්දක තුාිර හිප් ප්‍ර්ද්දු ඇාිරව්‍ කද ාශ ්ා ිරයව්‍ද.

ගු කථානායකුර ා (ைொண்புைிகு சபொநொயகர் அவர்கள்) (The Hon. Speaker) ඔඳතුාදට අව්‍්ථාදව්‍ දු්්දා ශ ් ප්‍රශකෝන්ක ග්,ශ්, ්ැහැ ශ්. [ඳදධ්‍ද ිරීම ]

ගු නලි් බණ්ඩාර ජය හ හරා (ைொண்புைிகு நலின் பண்டொர ஜயைஹ) (The Hon. Nalin Bandara Jayamaha) ගරු ාද්දක තුාිර - ගු කථානායකුර ා (ைொண்புைிகு சபொநொயகர் அவர்கள்) (The Hon. Speaker) ඔය ්ලි් ඳණ්ඩද ා්ත්‍රීතුාද.",hansard,1.0,1
lk_hansard_2020s,2023-11-17-2023-11-17,2023-11-17,2023-11-17,"Hansard of November 17, 2023",https://www.parliament.lk/en/business-of-parliament/hansards,si-ta-en,https://www.parliament.lk/uploads/documents/hansard/1701515168057680.pdf,2023-11-17-2023-11-17-0025,25,si-ta-en,a942b5de92d6e92ba0462ec6cecde932,3981,"ගු නලි් බණ්ඩාර ජය හ හරා (ைொண்புைிகு நலின் பண்டொர ஜயைஹ) (The Hon. Nalin Bandara Jayamaha) ගරු ාද්දක තුාිර - ගු කථානායකුර ා (ைொண்புைிகு சபொநொயகர் அவர்கள்) (The Hon. Speaker) ඔය ්ලි් ඳණ්ඩද ා්ත්‍රීතුාද.

ගු කථානායකුර ා (ைொண்புைிகு சபொநொயகர் அவர்கள்) (The Hon. Speaker) ශහොඳයි ස් ඇිර.

795 796

පදකලිශ ්තුව්‍

ගු නලි් බණ්ඩාර ජය හ හරා (ைொண்புைிகு நலின் பண்டொர ஜயைஹ) (The Hon. Nalin Bandara Jayamaha) ගරු ාද්දක තුාිර ාා තව්‍ා ද ණක ිරයශය ්ැහැ. ශාතැ් ිරශඳ් ප්‍ර ථ්ක ශ යි. ශ ආකථි ඝදත්ක ් ඳ්ධ්‍ශක් අපි ශ පදකලිශ ්තුශය ාද කද ව්‍ැඩක් ්ැහැ. ශාො ා ශරේෂථධදධි ණශක් උපිපා තී්දුව්‍ දීකද ිරශඳ්ව්‍ද. අපි ශට් න්තදව්‍ට ිරක්ව්‍ද ් ඳ්ධ්‍ව්‍ ගත යුතු නීතයනුකූක ක්‍රිකදාදකග ග්් ිරකකද. ාා ඔඳතුාදට ිරක්් කශය් ගැ් ශ්ොශව්‍යි ගරු ාද්දක තුාිර.

විශ ේෂශක්ා COPE ශක් ්ාදපිරව්‍ කද යශය් ව්‍ැ ිර ප්‍ර ද කක් ළද. තුාද ද ්ාදශය දඳශග් හිටපු angle ශක් දඳකද ඳැලුව්‍දා තුාද ාක්ෂිණදව්‍කතව්‍ හ්ථත ්ාාදව්‍ දු් අා 80්, 115්, අත ශ ෝණශය් හිස්ශය් Sri Lanka Cricket . ාධු විතද්ශ ා්ත්‍රීතුාද හිස්ශය් අා 60්, 170්, අත ශ ෝණශය්. angle ශක් ශව්‍් වුරුව්‍්, හිස්ශය් ්ැහැ. ිර්ද ආ ද කට අිර් ්ාාද ශළේ අා ]0්, ]5්, 40්, අත ශ ෝණශය් ියස් Sri Lanka Cricket ශක් පිිප්ට. ිර්ද පැහැිරලිව්‍ා ඔටිපු ශව්‍්ව්‍ද signal දු්ශ් Sri Lanka Cricket ට ඳව්‍. ිර්ද ් ඳ්ධ්‍ව්‍ ඔඳතුාද ව්‍හදා - [ඳදධ්‍ද ිරීම ]

ගු කථානායකුර ා (ைொண்புைிகு சபொநொயகர் அவர்கள்) (The Hon. Speaker) ඇිර. [ඳදධ්‍ද ිරීම ] ඔය විාල් වී ව්‍ා ාැිරතුාද. [ඳදධ්‍ද ිරීම ]

ගු වි ල් වීරවාංශ් හරා (ைொண்புைிகு விைல் வீரவங்ஸ) (The Hon. Wimal Weerawansa) ගරු ාද්දක තුාිර අව්‍්ථාදව්‍ කඳද දීා පිිබඳඳව්‍ ඔඳතුාදට ්ථතුිරව්‍් ත ශව්‍්ව්‍ද.

ගු කථානායකුර ා (ைொண்புைிகு சபொநொயகர் அவர்கள்) (The Hon. Speaker) දක්ා්ට ප්‍රශකෝන්ක ග්් දීපු අව්‍්ථාදශව්‍්. ගු වි ල් වීරවාංශ් හරා (ைொண்புைிகு விைல் வீரவங்ஸ) (The Hon. Wimal Weerawansa) ශහොඳයි ගරු ාද්දක තුාිර.","ගු නලි් බණ්ඩාර ජය හ හරා (ைொண்புைிகு நலின் பண்டொர ஜயைஹ) (The Hon. Nalin Bandara Jayamaha) ගරු ාද්දක තුාිර - ගු කථානායකුර ා (ைொண்புைிகு சபொநொயகர் அவர்கள்) (The Hon. Speaker) ඔය ්ලි් ඳණ්ඩද ා්ත්‍රීතුාද.

ගු කථානායකුර ා (ைொண்புைிகு சபொநொயகர் அவர்கள்) (The Hon. Speaker) ශහොඳයි ස් ඇිර.

795 796

පදකලිශ ්තුව්‍

ගු නලි් බණ්ඩාර ජය හ හරා (ைொண்புைிகு நலின் பண்டொர ஜயைஹ) (The Hon. Nalin Bandara Jayamaha) ගරු ාද්දක තුාිර ාා තව්‍ා ද ණක ිරයශය ්ැහැ. ශාතැ් ිරශඳ් ප්‍ර ථ්ක ශ යි. ශ ආකථි ඝදත්ක ් ඳ්ධ්‍ශක් අපි ශ පදකලිශ ්තුශය ාද කද ව්‍ැඩක් ්ැහැ. ශාො ා ශරේෂථධදධි ණශක් උපිපා තී්දුව්‍ දීකද ිරශඳ්ව්‍ද. අපි ශට් න්තදව්‍ට ිරක්ව්‍ද ් ඳ්ධ්‍ව්‍ ගත යුතු නීතයනුකූක ක්‍රිකදාදකග ග්් ිරකකද. ාා ඔඳතුාදට ිරක්් කශය් ගැ් ශ්ොශව්‍යි ගරු ාද්දක තුාිර.

විශ ේෂශක්ා COPE ශක් ්ාදපිරව්‍ කද යශය් ව්‍ැ ිර ප්‍ර ද කක් ළද. තුාද ද ්ාදශය දඳශග් හිටපු angle ශක් දඳකද ඳැලුව්‍දා තුාද ාක්ෂිණදව්‍කතව්‍ හ්ථත ්ාාදව්‍ දු් අා 80්, 115්, අත ශ ෝණශය් හිස්ශය් Sri Lanka Cricket . ාධු විතද්ශ ා්ත්‍රීතුාද හිස්ශය් අා 60්, 170්, අත ශ ෝණශය්. angle ශක් ශව්‍් වුරුව්‍්, හිස්ශය් ්ැහැ. ිර්ද ආ ද කට අිර් ්ාාද ශළේ අා ]0්, ]5්, 40්, අත ශ ෝණශය් ියස් Sri Lanka Cricket ශක් පිිප්ට. ිර්ද පැහැිරලිව්‍ා ඔටිපු ශව්‍්ව්‍ද signal දු්ශ් Sri Lanka Cricket ට ඳව්‍. ිර්ද ් ඳ්ධ්‍ව්‍ ඔඳතුාද ව්‍හදා - [ඳදධ්‍ද ිරීම ]

ගු කථානායකුර ා (ைொண்புைிகு சபொநொயகர் அவர்கள்) (The Hon. Speaker) ඇිර. [ඳදධ්‍ද ිරීම ] ඔය විාල් වී ව්‍ා ාැිරතුාද. [ඳදධ්‍ද ිරීම ]

ගු වි ල් වීරවාංශ් හරා (ைொண்புைிகு விைல் வீரவங்ஸ) (The Hon. Wimal Weerawansa) ගරු ාද්දක තුාිර අව්‍්ථාදව්‍ කඳද දීා පිිබඳඳව්‍ ඔඳතුාදට ්ථතුිරව්‍් ත ශව්‍්ව්‍ද.

ගු කථානායකුර ා (ைொண்புைிகு சபொநொயகர் அவர்கள்) (The Hon. Speaker) දක්ා්ට ප්‍රශකෝන්ක ග්් දීපු අව්‍්ථාදශව්‍්. ගු වි ල් වීරවාංශ් හරා (ைொண்புைிகு விைல் வீரவங்ஸ) (The Hon. Wimal Weerawansa) ශහොඳයි ගරු ාද්දක තුාිර.",ගු නලි් බණ්ඩාර ජය හ හරා (ைொண்புைிகு நலின் பண்டொர ஜயைஹ) (The Hon. Nalin Bandara Jayamaha) ගරු ාද්දක,2023-11-17,2023-11-17-2023-11-17,"ගු නලි් බණ්ඩාර ජය හ හරා (ைொண்புைிகு நலின் பண்டொர ஜயைஹ) (The Hon. Nalin Bandara Jayamaha) ගරු ාද්දක තුාිර - ගු කථානායකුර ා (ைொண்புைிகு சபொநொயகர் அவர்கள்) (The Hon. Speaker) ඔය ්ලි් ඳණ්ඩද ා්ත්‍රීතුාද.

ගු කථානායකුර ා (ைொண்புைிகு சபொநொயகர் அவர்கள்) (The Hon. Speaker) ශහොඳයි ස් ඇිර.

795 796

පදකලිශ ්තුව්‍

ගු නලි් බණ්ඩාර ජය හ හරා (ைொண்புைிகு நலின் பண்டொர ஜயைஹ) (The Hon. Nalin Bandara Jayamaha) ගරු ාද්දක තුාිර ාා තව්‍ා ද ණක ිරයශය ්ැහැ. ශාතැ් ිරශඳ් ප්‍ර ථ්ක ශ යි. ශ ආකථි ඝදත්ක ් ඳ්ධ්‍ශක් අපි ශ පදකලිශ ්තුශය ාද කද ව්‍ැඩක් ්ැහැ. ශාො ා ශරේෂථධදධි ණශක් උපිපා තී්දුව්‍ දීකද ිරශඳ්ව්‍ද. අපි ශට් න්තදව්‍ට ිරක්ව්‍ද ් ඳ්ධ්‍ව්‍ ගත යුතු නීතයනුකූක ක්‍රිකදාදකග ග්් ිරකකද. ාා ඔඳතුාදට ිරක්් කශය් ගැ් ශ්ොශව්‍යි ගරු ාද්දක තුාිර.

විශ ේෂශක්ා COPE ශක් ්ාදපිරව්‍ කද යශය් ව්‍ැ ිර ප්‍ර ද කක් ළද. තුාද ද ්ාදශය දඳශග් හිටපු angle ශක් දඳකද ඳැලුව්‍දා තුාද ාක්ෂිණදව්‍කතව්‍ හ්ථත ්ාාදව්‍ දු් අා 80්, 115්, අත ශ ෝණශය් හිස්ශය් Sri Lanka Cricket . ාධු විතද්ශ ා්ත්‍රීතුාද හිස්ශය් අා 60්, 170්, අත ශ ෝණශය්. angle ශක් ශව්‍් වුරුව්‍්, හිස්ශය් ්ැහැ. ිර්ද ආ ද කට අිර් ්ාාද ශළේ අා ]0්, ]5්, 40්, අත ශ ෝණශය් ියස් Sri Lanka Cricket ශක් පිිප්ට. ිර්ද පැහැිරලිව්‍ා ඔටිපු ශව්‍්ව්‍ද signal දු්ශ් Sri Lanka Cricket ට ඳව්‍. ිර්ද ් ඳ්ධ්‍ව්‍ ඔඳතුාද ව්‍හදා - [ඳදධ්‍ද ිරීම ]

ගු කථානායකුර ා (ைொண்புைிகு சபொநொயகர் அவர்கள்) (The Hon. Speaker) ඇිර. [ඳදධ්‍ද ිරීම ] ඔය විාල් වී ව්‍ා ාැිරතුාද. [ඳදධ්‍ද ිරීම ]

ගු වි ල් වීරවාංශ් හරා (ைொண்புைிகு விைல் வீரவங்ஸ) (The Hon. Wimal Weerawansa) ගරු ාද්දක තුාිර අව්‍්ථාදව්‍ කඳද දීා පිිබඳඳව්‍ ඔඳතුාදට ්ථතුිරව්‍් ත ශව්‍්ව්‍ද.

ගු කථානායකුර ා (ைொண்புைிகு சபொநொயகர் அவர்கள்) (The Hon. Speaker) දක්ා්ට ප්‍රශකෝන්ක ග්් දීපු අව්‍්ථාදශව්‍්. ගු වි ල් වීරවාංශ් හරා (ைொண்புைிகு விைல் வீரவங்ஸ) (The Hon. Wimal Weerawansa) ශහොඳයි ගරු ාද්දක තුාිර.",hansard,1.0,1
lk_hansard_2020s,2023-11-17-2023-11-17,2023-11-17,2023-11-17,"Hansard of November 17, 2023",https://www.parliament.lk/en/business-of-parliament/hansards,si-ta-en,https://www.parliament.lk/uploads/documents/hansard/1701515168057680.pdf,2023-11-17-2023-11-17-0026,26,si-ta-en,c8f171e6891c03084146f661f0c9c8a0,3954,"ගු කථානායකුර ා (ைொண்புைிகு சபொநொயகர் அவர்கள்) (The Hon. Speaker) දක්ා්ට ප්‍රශකෝන්ක ග්් දීපු අව්‍්ථාදශව්‍්. ගු වි ල් වීරවාංශ් හරා (ைொண்புைிகு விைல் வீரவங்ஸ) (The Hon. Wimal Weerawansa) ශහොඳයි ගරු ාද්දක තුාිර.

ශපොශහොට්ටු පදක්කටයි විරුශධ්‍ පක්ෂශය් ියස්කදී ්ැිරශව්‍්් ගහපු හිප් ප්‍ර්ද්දුකද ශා්් ශඳොශල් ිරල් වික්‍රාියාහ ාහ්,ාකද අතට ඳකක කක ගා්

[මූලා නන අත පරිදි නවත් කරන ලදී.] [அக்கிரொசனக் கட்டமளப்படி அகற்றப்பட்டுள்ளது] [Expunged on the order of the Chair.] ව්‍දශ ආණ්ඩුව්‍ පැ්,තට කහිල්කද ව්‍දඩි ශව්‍කද - [ඳදධ්‍ද ිරීම ]

ගු නීියඥ නප්‍රේම්නාත් . . නදොලවත්ර හරා (ைொண்புைிகு சட்டத்தரணி பிமரம்நொத் சி. ததொலவத்த) (The Hon. Premnath C. Dolawatte, Attorney-at-Law) ගරු ාද්දක තුාිර - ගු කථානායකුර ා (ைொண்புைிகு சபொநொயகர் அவர்கள்) (The Hon. Speaker) ිරක්් ශාොකව්‍්,ත ා්ත්‍රීතුාද. අා විව්‍දාක ්් හ ඳ ශව්‍්ශ් ්ැහැ. විව්‍දාක ග්් ශව්‍්ශ් ශහට.

ගු නීියඥ නප්‍රේම්නාත් . . නදොලවත්ර හරා (ைொண்புைிகு சட்டத்தரணி பிமரம்நொத் சி. ததொலவத்த) (The Hon. Premnath C. Dolawatte, Attorney-at-Law) ාට ශ අව්‍්ථාදව්‍ කඳද දීා ් ඳ්ධ්‍ශක් ඔඳතුාදට ්ථතුිරව්‍්ත ශව්‍්ව්‍ද ගරු ාද්දක තුාිර. COPE ශක් ්ාදපිරතුාදට ශ පීමක්ෂණක ්ඳහද ්හාදක ශව්‍්් පද ිරක් ද ණක ආණ්ඩුව්‍ පැ්,ශ්, දිමමි් ිරකපු ශ ශ්ක් ාා. ්මු්, අව්‍ද්්දව්‍ ට ශ පීමක්ෂණක ිරගටා ශග් කශදී Sri Lanka Cricket ් ඳ්ධ්‍ශක් ක්‍රීඩද අාදතයතුාද්, ක් ිරක් ිරගටා විශයච්ක පු ශ ශ්ක් ාා. ගරු ාද්දක තුාිර ්මු්, යශය් පැව්‍ැ්, වූ ්නඳ ශය් press conference දී පළද්, ්ාද ා්ත්‍රීව්‍ ශකකු ිරයව්‍ද COPE ශක් ව්‍දඩිශව්‍්් ාට්, අයිිරව්‍දිය ාක් ්ැහැ ිරකකද. ශ Sri Lanka Cricket ශක්ා අව්‍ යතදව්‍ක් ා ිරකකද ාා ා්ශ් ්ැහැ. ාා පැහැිරලිව්‍ ිරක්් ැාැිරයි COPE ශක් ව්‍දඩිශව්‍්් ාට ිරියා අව්‍ යතදව්‍ක් ්ැහැ ිරක් . හි ්දාදික ශකෝ ිරක්ව්‍ද ් ාට මිටුශය ව්‍දඩිශව්‍්් පද ිරකකද ාා ව්‍දඩිශව්‍්ශ් ්ැහැ.","ගු කථානායකුර ා (ைொண்புைிகு சபொநொயகர் அவர்கள்) (The Hon. Speaker) දක්ා්ට ප්‍රශකෝන්ක ග්් දීපු අව්‍්ථාදශව්‍්. ගු වි ල් වීරවාංශ් හරා (ைொண்புைிகு விைல் வீரவங்ஸ) (The Hon. Wimal Weerawansa) ශහොඳයි ගරු ාද්දක තුාිර.

ශපොශහොට්ටු පදක්කටයි විරුශධ්‍ පක්ෂශය් ියස්කදී ්ැිරශව්‍්් ගහපු හිප් ප්‍ර්ද්දුකද ශා්් ශඳොශල් ිරල් වික්‍රාියාහ ාහ්,ාකද අතට ඳකක කක ගා්

[මූලා නන අත පරිදි නවත් කරන ලදී.] [அக்கிரொசனக் கட்டமளப்படி அகற்றப்பட்டுள்ளது] [Expunged on the order of the Chair.] ව්‍දශ ආණ්ඩුව්‍ පැ්,තට කහිල්කද ව්‍දඩි ශව්‍කද - [ඳදධ්‍ද ිරීම ]

ගු නීියඥ නප්‍රේම්නාත් . . නදොලවත්ර හරා (ைொண்புைிகு சட்டத்தரணி பிமரம்நொத் சி. ததொலவத்த) (The Hon. Premnath C. Dolawatte, Attorney-at-Law) ගරු ාද්දක තුාිර - ගු කථානායකුර ා (ைொண்புைிகு சபொநொயகர் அவர்கள்) (The Hon. Speaker) ිරක්් ශාොකව්‍්,ත ා්ත්‍රීතුාද. අා විව්‍දාක ්් හ ඳ ශව්‍්ශ් ්ැහැ. විව්‍දාක ග්් ශව්‍්ශ් ශහට.

ගු නීියඥ නප්‍රේම්නාත් . . නදොලවත්ර හරා (ைொண்புைிகு சட்டத்தரணி பிமரம்நொத் சி. ததொலவத்த) (The Hon. Premnath C. Dolawatte, Attorney-at-Law) ාට ශ අව්‍්ථාදව්‍ කඳද දීා ් ඳ්ධ්‍ශක් ඔඳතුාදට ්ථතුිරව්‍්ත ශව්‍්ව්‍ද ගරු ාද්දක තුාිර. COPE ශක් ්ාදපිරතුාදට ශ පීමක්ෂණක ්ඳහද ්හාදක ශව්‍්් පද ිරක් ද ණක ආණ්ඩුව්‍ පැ්,ශ්, දිමමි් ිරකපු ශ ශ්ක් ාා. ්මු්, අව්‍ද්්දව්‍ ට ශ පීමක්ෂණක ිරගටා ශග් කශදී Sri Lanka Cricket ් ඳ්ධ්‍ශක් ක්‍රීඩද අාදතයතුාද්, ක් ිරක් ිරගටා විශයච්ක පු ශ ශ්ක් ාා. ගරු ාද්දක තුාිර ්මු්, යශය් පැව්‍ැ්, වූ ්නඳ ශය් press conference දී පළද්, ්ාද ා්ත්‍රීව්‍ ශකකු ිරයව්‍ද COPE ශක් ව්‍දඩිශව්‍්් ාට්, අයිිරව්‍දිය ාක් ්ැහැ ිරකකද. ශ Sri Lanka Cricket ශක්ා අව්‍ යතදව්‍ක් ා ිරකකද ාා ා්ශ් ්ැහැ. ාා පැහැිරලිව්‍ ිරක්් ැාැිරයි COPE ශක් ව්‍දඩිශව්‍්් ාට ිරියා අව්‍ යතදව්‍ක් ්ැහැ ිරක් . හි ්දාදික ශකෝ ිරක්ව්‍ද ් ාට මිටුශය ව්‍දඩිශව්‍්් පද ිරකකද ාා ව්‍දඩිශව්‍්ශ් ්ැහැ.",ගු කථානායකුර ා (ைொண்புைிகு சபொநொயகர் அவர்கள்) (The Hon. Speaker) දක්ා්ට ප්‍රශකෝන්ක ග්් දීපු අව්‍්,2023-11-17,2023-11-17-2023-11-17,"ගු කථානායකුර ා (ைொண்புைிகு சபொநொயகர் அவர்கள்) (The Hon. Speaker) දක්ා්ට ප්‍රශකෝන්ක ග්් දීපු අව්‍්ථාදශව්‍්. ගු වි ල් වීරවාංශ් හරා (ைொண்புைிகு விைல் வீரவங்ஸ) (The Hon. Wimal Weerawansa) ශහොඳයි ගරු ාද්දක තුාිර.

ශපොශහොට්ටු පදක්කටයි විරුශධ්‍ පක්ෂශය් ියස්කදී ්ැිරශව්‍්් ගහපු හිප් ප්‍ර්ද්දුකද ශා්් ශඳොශල් ිරල් වික්‍රාියාහ ාහ්,ාකද අතට ඳකක කක ගා්

[මූලා නන අත පරිදි නවත් කරන ලදී.] [அக்கிரொசனக் கட்டமளப்படி அகற்றப்பட்டுள்ளது] [Expunged on the order of the Chair.] ව්‍දශ ආණ්ඩුව්‍ පැ්,තට කහිල්කද ව්‍දඩි ශව්‍කද - [ඳදධ්‍ද ිරීම ]

ගු නීියඥ නප්‍රේම්නාත් . . නදොලවත්ර හරා (ைொண்புைிகு சட்டத்தரணி பிமரம்நொத் சி. ததொலவத்த) (The Hon. Premnath C. Dolawatte, Attorney-at-Law) ගරු ාද්දක තුාිර - ගු කථානායකුර ා (ைொண்புைிகு சபொநொயகர் அவர்கள்) (The Hon. Speaker) ිරක්් ශාොකව්‍්,ත ා්ත්‍රීතුාද. අා විව්‍දාක ්් හ ඳ ශව්‍්ශ් ්ැහැ. විව්‍දාක ග්් ශව්‍්ශ් ශහට.

ගු නීියඥ නප්‍රේම්නාත් . . නදොලවත්ර හරා (ைொண்புைிகு சட்டத்தரணி பிமரம்நொத் சி. ததொலவத்த) (The Hon. Premnath C. Dolawatte, Attorney-at-Law) ාට ශ අව්‍්ථාදව්‍ කඳද දීා ් ඳ්ධ්‍ශක් ඔඳතුාදට ්ථතුිරව්‍්ත ශව්‍්ව්‍ද ගරු ාද්දක තුාිර. COPE ශක් ්ාදපිරතුාදට ශ පීමක්ෂණක ්ඳහද ්හාදක ශව්‍්් පද ිරක් ද ණක ආණ්ඩුව්‍ පැ්,ශ්, දිමමි් ිරකපු ශ ශ්ක් ාා. ්මු්, අව්‍ද්්දව්‍ ට ශ පීමක්ෂණක ිරගටා ශග් කශදී Sri Lanka Cricket ් ඳ්ධ්‍ශක් ක්‍රීඩද අාදතයතුාද්, ක් ිරක් ිරගටා විශයච්ක පු ශ ශ්ක් ාා. ගරු ාද්දක තුාිර ්මු්, යශය් පැව්‍ැ්, වූ ්නඳ ශය් press conference දී පළද්, ්ාද ා්ත්‍රීව්‍ ශකකු ිරයව්‍ද COPE ශක් ව්‍දඩිශව්‍්් ාට්, අයිිරව්‍දිය ාක් ්ැහැ ිරකකද. ශ Sri Lanka Cricket ශක්ා අව්‍ යතදව්‍ක් ා ිරකකද ාා ා්ශ් ්ැහැ. ාා පැහැිරලිව්‍ ිරක්් ැාැිරයි COPE ශක් ව්‍දඩිශව්‍්් ාට ිරියා අව්‍ යතදව්‍ක් ්ැහැ ිරක් . හි ්දාදික ශකෝ ිරක්ව්‍ද ් ාට මිටුශය ව්‍දඩිශව්‍්් පද ිරකකද ාා ව්‍දඩිශව්‍්ශ් ්ැහැ.",hansard,1.0,1
lk_hansard_2020s,2023-11-17-2023-11-17,2023-11-17,2023-11-17,"Hansard of November 17, 2023",https://www.parliament.lk/en/business-of-parliament/hansards,si-ta-en,https://www.parliament.lk/uploads/documents/hansard/1701515168057680.pdf,2023-11-17-2023-11-17-0027,27,si-ta-en,8d8682071492d349ed7c3811ab8df851,4595,"ගු නීියඥ නප්‍රේම්නාත් . . නදොලවත්ර හරා (ைொண்புைிகு சட்டத்தரணி பிமரம்நொத் சி. ததொலவத்த) (The Hon. Premnath C. Dolawatte, Attorney-at-Law) ාට ශ අව්‍්ථාදව්‍ කඳද දීා ් ඳ්ධ්‍ශක් ඔඳතුාදට ්ථතුිරව්‍්ත ශව්‍්ව්‍ද ගරු ාද්දක තුාිර. COPE ශක් ්ාදපිරතුාදට ශ පීමක්ෂණක ්ඳහද ්හාදක ශව්‍්් පද ිරක් ද ණක ආණ්ඩුව්‍ පැ්,ශ්, දිමමි් ිරකපු ශ ශ්ක් ාා. ්මු්, අව්‍ද්්දව්‍ ට ශ පීමක්ෂණක ිරගටා ශග් කශදී Sri Lanka Cricket ් ඳ්ධ්‍ශක් ක්‍රීඩද අාදතයතුාද්, ක් ිරක් ිරගටා විශයච්ක පු ශ ශ්ක් ාා. ගරු ාද්දක තුාිර ්මු්, යශය් පැව්‍ැ්, වූ ්නඳ ශය් press conference දී පළද්, ්ාද ා්ත්‍රීව්‍ ශකකු ිරයව්‍ද COPE ශක් ව්‍දඩිශව්‍්් ාට්, අයිිරව්‍දිය ාක් ්ැහැ ිරකකද. ශ Sri Lanka Cricket ශක්ා අව්‍ යතදව්‍ක් ා ිරකකද ාා ා්ශ් ්ැහැ. ාා පැහැිරලිව්‍ ිරක්් ැාැිරයි COPE ශක් ව්‍දඩිශව්‍්් ාට ිරියා අව්‍ යතදව්‍ක් ්ැහැ ිරක් . හි ්දාදික ශකෝ ිරක්ව්‍ද ් ාට මිටුශය ව්‍දඩිශව්‍්් පද ිරකකද ාා ව්‍දඩිශව්‍්ශ් ්ැහැ.

ගු කථානායකුර ා (ைொண்புைிகு சபொநொயகர் அவர்கள்) (The Hon. Speaker) ගරු ආණ්ඩු පදක ථව්‍ශය් ප්‍රධ්‍ද් ්ාවිධ්‍දක තුාද. [ඳදධ්‍ද ිරීම ]

797 798

202] ශ්ොව්‍ැ ඳක 17

ගු ප්‍ර ් න රතුරාංග හරා (ைொண்புைிகு பிரசன்ன ரணதுங்க) (The Hon. Prasanna Ranatunga) ගරු ාද්දක තුාිර අා ශ ්ද ච්ඡදශව්‍් ව්‍ැ ිර ාතකක් ටට ක්ව්‍ද. අපි ා්්ව්‍ද ්ඩු තී්දු ශා ක් පිිබඳඳව්‍ විපක්ෂක ශාවිධික ට ාද ් ඳව්‍. Sri Lanka Cricket ් ඳ්ධ්‍ව්‍ දීපු ්ඩු තී්දුව්‍ පිිබඳඳව්‍ ශාතැ්දී තුා්කද ාද ශළේ විධික ට. ව්‍දශ ා ආකථි ක පිිබඳඳ ප්‍ර ථ්ශය්දී තුා්කද තව්‍ විධික ට හැියශ ්ව්‍ද. ශව්‍කදව්‍ දී අධි ණක විශයච්ක ්ව්‍ද. තුා්කදට ව්‍දියාදක අව්‍්ථාදව්‍ දී උලුටිපද අ ශග් තුිබ් ව්‍දියකක් ග්් හා්ව්‍ද. ශ ්ඩුව්‍ පිිබඳඳව්‍ ිරකශදී ඳ්දුක ගුණව්‍කධ්‍් ඇාිරතුාද පැහැිරලිව්‍ ිරයව්‍ද ිරබුණු ද ණද ාත ලිඛිත ්දක්ෂි ාත තායි ශ තී්දුව්‍ දු්ශ් ිරකකද. ාා ාැක් ද ාහි්ා දනපක්ෂ ාහ්,තකද්, ිරක්ව්‍ද අපි අධි ණකට ගරු ළ යුතුයි ිරකකද. අධි ණ තී්දුව්‍ක් විශයච්ක ්් අපි දටව්‍්, ිරියා අයිිරකක් ්ැහැ. [ඳදධ්‍ද ිරීමාක්]

ගු දමිත් ද වි නේසිරි හරා (ைொண்புைிகு சைிந்த விமஜசிறி) (The Hon. Chaminda Wijesiri) අධි ණ තී්දුව්‍ ගැ් ාද ශළේ ඳ්දුක ගුණව්‍කධ්‍් ඇාිරතුාද.","ගු නීියඥ නප්‍රේම්නාත් . . නදොලවත්ර හරා (ைொண்புைிகு சட்டத்தரணி பிமரம்நொத் சி. ததொலவத்த) (The Hon. Premnath C. Dolawatte, Attorney-at-Law) ාට ශ අව්‍්ථාදව්‍ කඳද දීා ් ඳ්ධ්‍ශක් ඔඳතුාදට ්ථතුිරව්‍්ත ශව්‍්ව්‍ද ගරු ාද්දක තුාිර. COPE ශක් ්ාදපිරතුාදට ශ පීමක්ෂණක ්ඳහද ්හාදක ශව්‍්් පද ිරක් ද ණක ආණ්ඩුව්‍ පැ්,ශ්, දිමමි් ිරකපු ශ ශ්ක් ාා. ්මු්, අව්‍ද්්දව්‍ ට ශ පීමක්ෂණක ිරගටා ශග් කශදී Sri Lanka Cricket ් ඳ්ධ්‍ශක් ක්‍රීඩද අාදතයතුාද්, ක් ිරක් ිරගටා විශයච්ක පු ශ ශ්ක් ාා. ගරු ාද්දක තුාිර ්මු්, යශය් පැව්‍ැ්, වූ ්නඳ ශය් press conference දී පළද්, ්ාද ා්ත්‍රීව්‍ ශකකු ිරයව්‍ද COPE ශක් ව්‍දඩිශව්‍්් ාට්, අයිිරව්‍දිය ාක් ්ැහැ ිරකකද. ශ Sri Lanka Cricket ශක්ා අව්‍ යතදව්‍ක් ා ිරකකද ාා ා්ශ් ්ැහැ. ාා පැහැිරලිව්‍ ිරක්් ැාැිරයි COPE ශක් ව්‍දඩිශව්‍්් ාට ිරියා අව්‍ යතදව්‍ක් ්ැහැ ිරක් . හි ්දාදික ශකෝ ිරක්ව්‍ද ් ාට මිටුශය ව්‍දඩිශව්‍්් පද ිරකකද ාා ව්‍දඩිශව්‍්ශ් ්ැහැ.

ගු කථානායකුර ා (ைொண்புைிகு சபொநொயகர் அவர்கள்) (The Hon. Speaker) ගරු ආණ්ඩු පදක ථව්‍ශය් ප්‍රධ්‍ද් ්ාවිධ්‍දක තුාද. [ඳදධ්‍ද ිරීම ]

797 798

202] ශ්ොව්‍ැ ඳක 17

ගු ප්‍ර ් න රතුරාංග හරා (ைொண்புைிகு பிரசன்ன ரணதுங்க) (The Hon. Prasanna Ranatunga) ගරු ාද්දක තුාිර අා ශ ්ද ච්ඡදශව්‍් ව්‍ැ ිර ාතකක් ටට ක්ව්‍ද. අපි ා්්ව්‍ද ්ඩු තී්දු ශා ක් පිිබඳඳව්‍ විපක්ෂක ශාවිධික ට ාද ් ඳව්‍. Sri Lanka Cricket ් ඳ්ධ්‍ව්‍ දීපු ්ඩු තී්දුව්‍ පිිබඳඳව්‍ ශාතැ්දී තුා්කද ාද ශළේ විධික ට. ව්‍දශ ා ආකථි ක පිිබඳඳ ප්‍ර ථ්ශය්දී තුා්කද තව්‍ විධික ට හැියශ ්ව්‍ද. ශව්‍කදව්‍ දී අධි ණක විශයච්ක ්ව්‍ද. තුා්කදට ව්‍දියාදක අව්‍්ථාදව්‍ දී උලුටිපද අ ශග් තුිබ් ව්‍දියකක් ග්් හා්ව්‍ද. ශ ්ඩුව්‍ පිිබඳඳව්‍ ිරකශදී ඳ්දුක ගුණව්‍කධ්‍් ඇාිරතුාද පැහැිරලිව්‍ ිරයව්‍ද ිරබුණු ද ණද ාත ලිඛිත ්දක්ෂි ාත තායි ශ තී්දුව්‍ දු්ශ් ිරකකද. ාා ාැක් ද ාහි්ා දනපක්ෂ ාහ්,තකද්, ිරක්ව්‍ද අපි අධි ණකට ගරු ළ යුතුයි ිරකකද. අධි ණ තී්දුව්‍ක් විශයච්ක ්් අපි දටව්‍්, ිරියා අයිිරකක් ්ැහැ. [ඳදධ්‍ද ිරීමාක්]

ගු දමිත් ද වි නේසිරි හරා (ைொண்புைிகு சைிந்த விமஜசிறி) (The Hon. Chaminda Wijesiri) අධි ණ තී්දුව්‍ ගැ් ාද ශළේ ඳ්දුක ගුණව්‍කධ්‍් ඇාිරතුාද.",ගු නීියඥ නප්‍රේම්නාත් . . නදොලවත්ර හරා (ைொண்புைிகு சட்டத்தரணி பிமரம்நொத் சி. ததொலவத்த) (The Hon. ,2023-11-17,2023-11-17-2023-11-17,"ගු නීියඥ නප්‍රේම්නාත් . . නදොලවත්ර හරා (ைொண்புைிகு சட்டத்தரணி பிமரம்நொத் சி. ததொலவத்த) (The Hon. Premnath C. Dolawatte, Attorney-at-Law) ාට ශ අව්‍්ථාදව්‍ කඳද දීා ් ඳ්ධ්‍ශක් ඔඳතුාදට ්ථතුිරව්‍්ත ශව්‍්ව්‍ද ගරු ාද්දක තුාිර. COPE ශක් ්ාදපිරතුාදට ශ පීමක්ෂණක ්ඳහද ්හාදක ශව්‍්් පද ිරක් ද ණක ආණ්ඩුව්‍ පැ්,ශ්, දිමමි් ිරකපු ශ ශ්ක් ාා. ්මු්, අව්‍ද්්දව්‍ ට ශ පීමක්ෂණක ිරගටා ශග් කශදී Sri Lanka Cricket ් ඳ්ධ්‍ශක් ක්‍රීඩද අාදතයතුාද්, ක් ිරක් ිරගටා විශයච්ක පු ශ ශ්ක් ාා. ගරු ාද්දක තුාිර ්මු්, යශය් පැව්‍ැ්, වූ ්නඳ ශය් press conference දී පළද්, ්ාද ා්ත්‍රීව්‍ ශකකු ිරයව්‍ද COPE ශක් ව්‍දඩිශව්‍්් ාට්, අයිිරව්‍දිය ාක් ්ැහැ ිරකකද. ශ Sri Lanka Cricket ශක්ා අව්‍ යතදව්‍ක් ා ිරකකද ාා ා්ශ් ්ැහැ. ාා පැහැිරලිව්‍ ිරක්් ැාැිරයි COPE ශක් ව්‍දඩිශව්‍්් ාට ිරියා අව්‍ යතදව්‍ක් ්ැහැ ිරක් . හි ්දාදික ශකෝ ිරක්ව්‍ද ් ාට මිටුශය ව්‍දඩිශව්‍්් පද ිරකකද ාා ව්‍දඩිශව්‍්ශ් ්ැහැ.

ගු කථානායකුර ා (ைொண்புைிகு சபொநொயகர் அவர்கள்) (The Hon. Speaker) ගරු ආණ්ඩු පදක ථව්‍ශය් ප්‍රධ්‍ද් ්ාවිධ්‍දක තුාද. [ඳදධ්‍ද ිරීම ]

797 798

202] ශ්ොව්‍ැ ඳක 17

ගු ප්‍ර ් න රතුරාංග හරා (ைொண்புைிகு பிரசன்ன ரணதுங்க) (The Hon. Prasanna Ranatunga) ගරු ාද්දක තුාිර අා ශ ්ද ච්ඡදශව්‍් ව්‍ැ ිර ාතකක් ටට ක්ව්‍ද. අපි ා්්ව්‍ද ්ඩු තී්දු ශා ක් පිිබඳඳව්‍ විපක්ෂක ශාවිධික ට ාද ් ඳව්‍. Sri Lanka Cricket ් ඳ්ධ්‍ව්‍ දීපු ්ඩු තී්දුව්‍ පිිබඳඳව්‍ ශාතැ්දී තුා්කද ාද ශළේ විධික ට. ව්‍දශ ා ආකථි ක පිිබඳඳ ප්‍ර ථ්ශය්දී තුා්කද තව්‍ විධික ට හැියශ ්ව්‍ද. ශව්‍කදව්‍ දී අධි ණක විශයච්ක ්ව්‍ද. තුා්කදට ව්‍දියාදක අව්‍්ථාදව්‍ දී උලුටිපද අ ශග් තුිබ් ව්‍දියකක් ග්් හා්ව්‍ද. ශ ්ඩුව්‍ පිිබඳඳව්‍ ිරකශදී ඳ්දුක ගුණව්‍කධ්‍් ඇාිරතුාද පැහැිරලිව්‍ ිරයව්‍ද ිරබුණු ද ණද ාත ලිඛිත ්දක්ෂි ාත තායි ශ තී්දුව්‍ දු්ශ් ිරකකද. ාා ාැක් ද ාහි්ා දනපක්ෂ ාහ්,තකද්, ිරක්ව්‍ද අපි අධි ණකට ගරු ළ යුතුයි ිරකකද. අධි ණ තී්දුව්‍ක් විශයච්ක ්් අපි දටව්‍්, ිරියා අයිිරකක් ්ැහැ. [ඳදධ්‍ද ිරීමාක්]

ගු දමිත් ද වි නේසිරි හරා (ைொண்புைிகு சைிந்த விமஜசிறி) (The Hon. Chaminda Wijesiri) අධි ණ තී්දුව්‍ ගැ් ාද ශළේ ඳ්දුක ගුණව්‍කධ්‍් ඇාිරතුාද.",hansard,1.0,1
lk_hansard_2020s,2023-11-17-2023-11-17,2023-11-17,2023-11-17,"Hansard of November 17, 2023",https://www.parliament.lk/en/business-of-parliament/hansards,si-ta-en,https://www.parliament.lk/uploads/documents/hansard/1701515168057680.pdf,2023-11-17-2023-11-17-0028,28,si-ta-en,5d04a4f6e9bb6feefe753e861c52a876,4048,"ගු ප්‍ර ් න රතුරාංග හරා (ைொண்புைிகு பிரசன்ன ரணதுங்க) (The Hon. Prasanna Ranatunga) ගරු ාද්දක තුාිර අා ශ ්ද ච්ඡදශව්‍් ව්‍ැ ිර ාතකක් ටට ක්ව්‍ද. අපි ා්්ව්‍ද ්ඩු තී්දු ශා ක් පිිබඳඳව්‍ විපක්ෂක ශාවිධික ට ාද ් ඳව්‍. Sri Lanka Cricket ් ඳ්ධ්‍ව්‍ දීපු ්ඩු තී්දුව්‍ පිිබඳඳව්‍ ශාතැ්දී තුා්කද ාද ශළේ විධික ට. ව්‍දශ ා ආකථි ක පිිබඳඳ ප්‍ර ථ්ශය්දී තුා්කද තව්‍ විධික ට හැියශ ්ව්‍ද. ශව්‍කදව්‍ දී අධි ණක විශයච්ක ්ව්‍ද. තුා්කදට ව්‍දියාදක අව්‍්ථාදව්‍ දී උලුටිපද අ ශග් තුිබ් ව්‍දියකක් ග්් හා්ව්‍ද. ශ ්ඩුව්‍ පිිබඳඳව්‍ ිරකශදී ඳ්දුක ගුණව්‍කධ්‍් ඇාිරතුාද පැහැිරලිව්‍ ිරයව්‍ද ිරබුණු ද ණද ාත ලිඛිත ්දක්ෂි ාත තායි ශ තී්දුව්‍ දු්ශ් ිරකකද. ාා ාැක් ද ාහි්ා දනපක්ෂ ාහ්,තකද්, ිරක්ව්‍ද අපි අධි ණකට ගරු ළ යුතුයි ිරකකද. අධි ණ තී්දුව්‍ක් විශයච්ක ්් අපි දටව්‍්, ිරියා අයිිරකක් ්ැහැ. [ඳදධ්‍ද ිරීමාක්]

ගු දමිත් ද වි නේසිරි හරා (ைொண்புைிகு சைிந்த விமஜசிறி) (The Hon. Chaminda Wijesiri) අධි ණ තී්දුව්‍ ගැ් ාද ශළේ ඳ්දුක ගුණව්‍කධ්‍් ඇාිරතුාද.

ගු කථානායකුර ා (ைொண்புைிகு சபொநொயகர் அவர்கள்) (The Hon. Speaker) ාැ් ්ැව්‍ත්, විව්‍දාක ට ක්්යි හා්ශ්. [ඳදධ්‍ද ිරීම ] ගු ප්‍ර ් න රතුරාංග හරා (ைொண்புைிகு பிரசன்ன ரணதுங்க) (The Hon. Prasanna Ranatunga) ගරු ාද්දක තුාිර විපක්ෂශය් ා්ත්‍රීව්‍ ශකක් ාද ශදී ිරයව්‍ද ශහා ් Central Bank ශක් ියශධිශය්දී

[මූලා නන අත පරිදි නවත් කරන ලදී.] [அக்கிரொசனக் கட்டமளப்படி அகற்றப்பட்டுள்ளது] [Expunged on the order of the Chair.] තු වුණු මුාල් අපහ ණකක් පිිබඳඳව්‍ ඳ්දුක ඇාිරතුාදට ිරක්් ිරබුණද ශ් ිරකකද. තුිබ් ද ණකක් පැහැිරලි ශව්‍්ව්‍ද. ව්‍දශ රුණු්, තැ්ට කකද ් මීට ව්‍ඩද ශව්‍්්ථ තී්දුව්‍ක් ්් ිරබුණද. ශහා ් විපක්ෂශය් ා්ත්‍රීතුාද ිරකපු ද ණද අනුව්‍ ාහ ඳැාකු ශහො ා පිිබඳඳව්‍්, ශ ට ග්් ිරබුණද ිරක්ව්‍ද ් ශ තී්දුව්‍ මීට්, ව්‍ඩද ශව්‍්්ථ තී්දුව්‍ක් ශව්‍්ව්‍ද ිරකද තුා්කද පිිබග්්ව්‍ද.","ගු ප්‍ර ් න රතුරාංග හරා (ைொண்புைிகு பிரசன்ன ரணதுங்க) (The Hon. Prasanna Ranatunga) ගරු ාද්දක තුාිර අා ශ ්ද ච්ඡදශව්‍් ව්‍ැ ිර ාතකක් ටට ක්ව්‍ද. අපි ා්්ව්‍ද ්ඩු තී්දු ශා ක් පිිබඳඳව්‍ විපක්ෂක ශාවිධික ට ාද ් ඳව්‍. Sri Lanka Cricket ් ඳ්ධ්‍ව්‍ දීපු ්ඩු තී්දුව්‍ පිිබඳඳව්‍ ශාතැ්දී තුා්කද ාද ශළේ විධික ට. ව්‍දශ ා ආකථි ක පිිබඳඳ ප්‍ර ථ්ශය්දී තුා්කද තව්‍ විධික ට හැියශ ්ව්‍ද. ශව්‍කදව්‍ දී අධි ණක විශයච්ක ්ව්‍ද. තුා්කදට ව්‍දියාදක අව්‍්ථාදව්‍ දී උලුටිපද අ ශග් තුිබ් ව්‍දියකක් ග්් හා්ව්‍ද. ශ ්ඩුව්‍ පිිබඳඳව්‍ ිරකශදී ඳ්දුක ගුණව්‍කධ්‍් ඇාිරතුාද පැහැිරලිව්‍ ිරයව්‍ද ිරබුණු ද ණද ාත ලිඛිත ්දක්ෂි ාත තායි ශ තී්දුව්‍ දු්ශ් ිරකකද. ාා ාැක් ද ාහි්ා දනපක්ෂ ාහ්,තකද්, ිරක්ව්‍ද අපි අධි ණකට ගරු ළ යුතුයි ිරකකද. අධි ණ තී්දුව්‍ක් විශයච්ක ්් අපි දටව්‍්, ිරියා අයිිරකක් ්ැහැ. [ඳදධ්‍ද ිරීමාක්]

ගු දමිත් ද වි නේසිරි හරා (ைொண்புைிகு சைிந்த விமஜசிறி) (The Hon. Chaminda Wijesiri) අධි ණ තී්දුව්‍ ගැ් ාද ශළේ ඳ්දුක ගුණව්‍කධ්‍් ඇාිරතුාද.

ගු කථානායකුර ා (ைொண்புைிகு சபொநொயகர் அவர்கள்) (The Hon. Speaker) ාැ් ්ැව්‍ත්, විව්‍දාක ට ක්්යි හා්ශ්. [ඳදධ්‍ද ිරීම ] ගු ප්‍ර ් න රතුරාංග හරා (ைொண்புைிகு பிரசன்ன ரணதுங்க) (The Hon. Prasanna Ranatunga) ගරු ාද්දක තුාිර විපක්ෂශය් ා්ත්‍රීව්‍ ශකක් ාද ශදී ිරයව්‍ද ශහා ් Central Bank ශක් ියශධිශය්දී

[මූලා නන අත පරිදි නවත් කරන ලදී.] [அக்கிரொசனக் கட்டமளப்படி அகற்றப்பட்டுள்ளது] [Expunged on the order of the Chair.] තු වුණු මුාල් අපහ ණකක් පිිබඳඳව්‍ ඳ්දුක ඇාිරතුාදට ිරක්් ිරබුණද ශ් ිරකකද. තුිබ් ද ණකක් පැහැිරලි ශව්‍්ව්‍ද. ව්‍දශ රුණු්, තැ්ට කකද ් මීට ව්‍ඩද ශව්‍්්ථ තී්දුව්‍ක් ්් ිරබුණද. ශහා ් විපක්ෂශය් ා්ත්‍රීතුාද ිරකපු ද ණද අනුව්‍ ාහ ඳැාකු ශහො ා පිිබඳඳව්‍්, ශ ට ග්් ිරබුණද ිරක්ව්‍ද ් ශ තී්දුව්‍ මීට්, ව්‍ඩද ශව්‍්්ථ තී්දුව්‍ක් ශව්‍්ව්‍ද ිරකද තුා්කද පිිබග්්ව්‍ද.",ගු ප්‍ර ් න රතුරාංග හරා (ைொண்புைிகு பிரசன்ன ரணதுங்க) (The Hon. Prasanna Ranatunga) ගරු ාද්දක තුාිර ,2023-11-17,2023-11-17-2023-11-17,"ගු ප්‍ර ් න රතුරාංග හරා (ைொண்புைிகு பிரசன்ன ரணதுங்க) (The Hon. Prasanna Ranatunga) ගරු ාද්දක තුාිර අා ශ ්ද ච්ඡදශව්‍් ව්‍ැ ිර ාතකක් ටට ක්ව්‍ද. අපි ා්්ව්‍ද ්ඩු තී්දු ශා ක් පිිබඳඳව්‍ විපක්ෂක ශාවිධික ට ාද ් ඳව්‍. Sri Lanka Cricket ් ඳ්ධ්‍ව්‍ දීපු ්ඩු තී්දුව්‍ පිිබඳඳව්‍ ශාතැ්දී තුා්කද ාද ශළේ විධික ට. ව්‍දශ ා ආකථි ක පිිබඳඳ ප්‍ර ථ්ශය්දී තුා්කද තව්‍ විධික ට හැියශ ්ව්‍ද. ශව්‍කදව්‍ දී අධි ණක විශයච්ක ්ව්‍ද. තුා්කදට ව්‍දියාදක අව්‍්ථාදව්‍ දී උලුටිපද අ ශග් තුිබ් ව්‍දියකක් ග්් හා්ව්‍ද. ශ ්ඩුව්‍ පිිබඳඳව්‍ ිරකශදී ඳ්දුක ගුණව්‍කධ්‍් ඇාිරතුාද පැහැිරලිව්‍ ිරයව්‍ද ිරබුණු ද ණද ාත ලිඛිත ්දක්ෂි ාත තායි ශ තී්දුව්‍ දු්ශ් ිරකකද. ාා ාැක් ද ාහි්ා දනපක්ෂ ාහ්,තකද්, ිරක්ව්‍ද අපි අධි ණකට ගරු ළ යුතුයි ිරකකද. අධි ණ තී්දුව්‍ක් විශයච්ක ්් අපි දටව්‍්, ිරියා අයිිරකක් ්ැහැ. [ඳදධ්‍ද ිරීමාක්]

ගු දමිත් ද වි නේසිරි හරා (ைொண்புைிகு சைிந்த விமஜசிறி) (The Hon. Chaminda Wijesiri) අධි ණ තී්දුව්‍ ගැ් ාද ශළේ ඳ්දුක ගුණව්‍කධ්‍් ඇාිරතුාද.

ගු කථානායකුර ා (ைொண்புைிகு சபொநொயகர் அவர்கள்) (The Hon. Speaker) ාැ් ්ැව්‍ත්, විව්‍දාක ට ක්්යි හා්ශ්. [ඳදධ්‍ද ිරීම ] ගු ප්‍ර ් න රතුරාංග හරා (ைொண்புைிகு பிரசன்ன ரணதுங்க) (The Hon. Prasanna Ranatunga) ගරු ාද්දක තුාිර විපක්ෂශය් ා්ත්‍රීව්‍ ශකක් ාද ශදී ිරයව්‍ද ශහා ් Central Bank ශක් ියශධිශය්දී

[මූලා නන අත පරිදි නවත් කරන ලදී.] [அக்கிரொசனக் கட்டமளப்படி அகற்றப்பட்டுள்ளது] [Expunged on the order of the Chair.] තු වුණු මුාල් අපහ ණකක් පිිබඳඳව්‍ ඳ්දුක ඇාිරතුාදට ිරක්් ිරබුණද ශ් ිරකකද. තුිබ් ද ණකක් පැහැිරලි ශව්‍්ව්‍ද. ව්‍දශ රුණු්, තැ්ට කකද ් මීට ව්‍ඩද ශව්‍්්ථ තී්දුව්‍ක් ්් ිරබුණද. ශහා ් විපක්ෂශය් ා්ත්‍රීතුාද ිරකපු ද ණද අනුව්‍ ාහ ඳැාකු ශහො ා පිිබඳඳව්‍්, ශ ට ග්් ිරබුණද ිරක්ව්‍ද ් ශ තී්දුව්‍ මීට්, ව්‍ඩද ශව්‍්්ථ තී්දුව්‍ක් ශව්‍්ව්‍ද ිරකද තුා්කද පිිබග්්ව්‍ද.",hansard,1.0,1
lk_hansard_2020s,2023-11-17-2023-11-17,2023-11-17,2023-11-17,"Hansard of November 17, 2023",https://www.parliament.lk/en/business-of-parliament/hansards,si-ta-en,https://www.parliament.lk/uploads/documents/hansard/1701515168057680.pdf,2023-11-17-2023-11-17-0029,29,si-ta-en,4de06fd29c0d01d0e7fa763fd8dc633d,4582,"[මූලා නන අත පරිදි නවත් කරන ලදී.] [அக்கிரொசனக் கட்டமளப்படி அகற்றப்பட்டுள்ளது] [Expunged on the order of the Chair.] තු වුණු මුාල් අපහ ණකක් පිිබඳඳව්‍ ඳ්දුක ඇාිරතුාදට ිරක්් ිරබුණද ශ් ිරකකද. තුිබ් ද ණකක් පැහැිරලි ශව්‍්ව්‍ද. ව්‍දශ රුණු්, තැ්ට කකද ් මීට ව්‍ඩද ශව්‍්්ථ තී්දුව්‍ක් ්් ිරබුණද. ශහා ් විපක්ෂශය් ා්ත්‍රීතුාද ිරකපු ද ණද අනුව්‍ ාහ ඳැාකු ශහො ා පිිබඳඳව්‍්, ශ ට ග්් ිරබුණද ිරක්ව්‍ද ් ශ තී්දුව්‍ මීට්, ව්‍ඩද ශව්‍්්ථ තී්දුව්‍ක් ශව්‍්ව්‍ද ිරකද තුා්කද පිිබග්්ව්‍ද.

ාැ්ග්් 1988-1989 දකශය් ශශපළව්‍කට කිර ිරකපුව්‍ද ශ ෝච්චි ඳ්ථව්‍කට කිර ිරකපුව්‍ද මිනී ා පු ව්‍ද ටිප ගිරපු ව්‍ද්, ශ ්ඩුව්‍ ට ග්,තද ් - [ඳදධ්‍ද ිරීම ] ්ාදශව්‍්් ාා ශ ගැ් ිරක්් ඕ්න. පු ශශව්‍ලු්, ශ ්ඩුව්‍ට අයිිර ශව්‍්ව්‍ද. ිර්ද ශ ් ඳ්ධ්‍ශක් ව්‍ැස්ිර ාදව්‍ ට ක්් දඩ ශා්් පද. [ඳදධ්‍ද ිරීම ] දකක පිිබඳඳව්‍ ගැටලුව්‍ක් ිරශඳ්ව්‍ද. ඔඳතුාද ්ාදශය ටයුතු පව්‍්,ව්‍ද ශග් ක්් ගරු ාද්දක තුාිර. [ඳදධ්‍ද ිරීම ]

ගු කථානායකුර ා (ைொண்புைிகு சபொநொயகர் அவர்கள்) (The Hon. Speaker) දකක පිිබඳඳව්‍ ගැටලුව්‍ක් ිරශඳ්ව්‍ද. ිර්ද රුණද පදකලිශ ්තුශය ටයුතුව්‍කට දඩ ශා්්. අා විව්‍දාක පව්‍්,ව්‍ද ශග් ක්් ්හශකෝගක ශා්්. [ඳදධ්‍ද ිරීම ] ගරු ා්ත්‍රීතුා්කද රුණද දඳග්්. [ඳදධ්‍ද ිරීම ]

ප්‍රශ්නනවල වාිකක ිළිතුරු வினொக்களுக்கு வொய்மூல விமடகள்

ORAL ANSWERS TO QUESTIONS

ගු කථානායකුර ා (ைொண்புைிகு சபொநொயகர் அவர்கள்) (The Hon. Speaker) ප්‍ර ථ් අා 1 -]515/202]- (2) ගරු අ්ා ්ව්‍ ්,් ාහතද.

ගු අ ාංක නවරත්න හරා (ைொண்புைிகு அசங்க நவரத்ன) (The Hon. Asanka Navarathna) ගරු ාද්දක තුාිර ාද ා ප්‍ර ථ්ක අහ්ව්‍ද. [ඳදධ්‍ද ිරීම ] ගු ප්‍ර ් න රතුරාංග හරා (ைொண்புைிகு பிரசன்ன ரணதுங்க) (The Hon. Prasanna Ranatunga) ගරු ාද්දක තුාිර ශ්ෞඛය අාදතයතුාද ශව්‍නුශව්‍් ාද ා ප්‍ර ථ්කට පිිබතු කඳද දීා ්ඳහද ්ිර ශා දකකක් දල්කද ියස්්ව්‍ද.

ප්‍රශ්නනය ුර දිනකදී නදිරිපත් ිරීම නිනය ග කරන ලදී. வினொமவ ைற்தறொரு தினத்திற் சைர்ப்பிக்கக் கட்டமளயிடப்பட்டது. Question ordered to stand down.

ගු කථානායකුර ා (ைொண்புைிகு சபொநொயகர் அவர்கள்) (The Hon. Speaker) ප්‍ර ථ් අා 2 -]646/202]- (1) ගරු ව්‍ඩිශයල් ජීශකෂථ ාහතද - [්ාද ගකාක තුළ ්ැත.]","[මූලා නන අත පරිදි නවත් කරන ලදී.] [அக்கிரொசனக் கட்டமளப்படி அகற்றப்பட்டுள்ளது] [Expunged on the order of the Chair.] තු වුණු මුාල් අපහ ණකක් පිිබඳඳව්‍ ඳ්දුක ඇාිරතුාදට ිරක්් ිරබුණද ශ් ිරකකද. තුිබ් ද ණකක් පැහැිරලි ශව්‍්ව්‍ද. ව්‍දශ රුණු්, තැ්ට කකද ් මීට ව්‍ඩද ශව්‍්්ථ තී්දුව්‍ක් ්් ිරබුණද. ශහා ් විපක්ෂශය් ා්ත්‍රීතුාද ිරකපු ද ණද අනුව්‍ ාහ ඳැාකු ශහො ා පිිබඳඳව්‍්, ශ ට ග්් ිරබුණද ිරක්ව්‍ද ් ශ තී්දුව්‍ මීට්, ව්‍ඩද ශව්‍්්ථ තී්දුව්‍ක් ශව්‍්ව්‍ද ිරකද තුා්කද පිිබග්්ව්‍ද.

ාැ්ග්් 1988-1989 දකශය් ශශපළව්‍කට කිර ිරකපුව්‍ද ශ ෝච්චි ඳ්ථව්‍කට කිර ිරකපුව්‍ද මිනී ා පු ව්‍ද ටිප ගිරපු ව්‍ද්, ශ ්ඩුව්‍ ට ග්,තද ් - [ඳදධ්‍ද ිරීම ] ්ාදශව්‍්් ාා ශ ගැ් ිරක්් ඕ්න. පු ශශව්‍ලු්, ශ ්ඩුව්‍ට අයිිර ශව්‍්ව්‍ද. ිර්ද ශ ් ඳ්ධ්‍ශක් ව්‍ැස්ිර ාදව්‍ ට ක්් දඩ ශා්් පද. [ඳදධ්‍ද ිරීම ] දකක පිිබඳඳව්‍ ගැටලුව්‍ක් ිරශඳ්ව්‍ද. ඔඳතුාද ්ාදශය ටයුතු පව්‍්,ව්‍ද ශග් ක්් ගරු ාද්දක තුාිර. [ඳදධ්‍ද ිරීම ]

ගු කථානායකුර ා (ைொண்புைிகு சபொநொயகர் அவர்கள்) (The Hon. Speaker) දකක පිිබඳඳව්‍ ගැටලුව්‍ක් ිරශඳ්ව්‍ද. ිර්ද රුණද පදකලිශ ්තුශය ටයුතුව්‍කට දඩ ශා්්. අා විව්‍දාක පව්‍්,ව්‍ද ශග් ක්් ්හශකෝගක ශා්්. [ඳදධ්‍ද ිරීම ] ගරු ා්ත්‍රීතුා්කද රුණද දඳග්්. [ඳදධ්‍ද ිරීම ]

ප්‍රශ්නනවල වාිකක ිළිතුරු வினொக்களுக்கு வொய்மூல விமடகள்

ORAL ANSWERS TO QUESTIONS

ගු කථානායකුර ා (ைொண்புைிகு சபொநொயகர் அவர்கள்) (The Hon. Speaker) ප්‍ර ථ් අා 1 -]515/202]- (2) ගරු අ්ා ්ව්‍ ්,් ාහතද.

ගු අ ාංක නවරත්න හරා (ைொண்புைிகு அசங்க நவரத்ன) (The Hon. Asanka Navarathna) ගරු ාද්දක තුාිර ාද ා ප්‍ර ථ්ක අහ්ව්‍ද. [ඳදධ්‍ද ිරීම ] ගු ප්‍ර ් න රතුරාංග හරා (ைொண்புைிகு பிரசன்ன ரணதுங்க) (The Hon. Prasanna Ranatunga) ගරු ාද්දක තුාිර ශ්ෞඛය අාදතයතුාද ශව්‍නුශව්‍් ාද ා ප්‍ර ථ්කට පිිබතු කඳද දීා ්ඳහද ්ිර ශා දකකක් දල්කද ියස්්ව්‍ද.

ප්‍රශ්නනය ුර දිනකදී නදිරිපත් ිරීම නිනය ග කරන ලදී. வினொமவ ைற்தறொரு தினத்திற் சைர்ப்பிக்கக் கட்டமளயிடப்பட்டது. Question ordered to stand down.

ගු කථානායකුර ා (ைொண்புைிகு சபொநொயகர் அவர்கள்) (The Hon. Speaker) ප්‍ර ථ් අා 2 -]646/202]- (1) ගරු ව්‍ඩිශයල් ජීශකෂථ ාහතද - [්ාද ගකාක තුළ ්ැත.]",[මූලා නන අත පරිදි නවත් කරන ලදී.] [அக்கிரொசனக் கட்டமளப்படி அகற்றப்பட்டுள்ளது] [Expunged on the order,2023-11-17,2023-11-17-2023-11-17,"[මූලා නන අත පරිදි නවත් කරන ලදී.] [அக்கிரொசனக் கட்டமளப்படி அகற்றப்பட்டுள்ளது] [Expunged on the order of the Chair.] තු වුණු මුාල් අපහ ණකක් පිිබඳඳව්‍ ඳ්දුක ඇාිරතුාදට ිරක්් ිරබුණද ශ් ිරකකද. තුිබ් ද ණකක් පැහැිරලි ශව්‍්ව්‍ද. ව්‍දශ රුණු්, තැ්ට කකද ් මීට ව්‍ඩද ශව්‍්්ථ තී්දුව්‍ක් ්් ිරබුණද. ශහා ් විපක්ෂශය් ා්ත්‍රීතුාද ිරකපු ද ණද අනුව්‍ ාහ ඳැාකු ශහො ා පිිබඳඳව්‍්, ශ ට ග්් ිරබුණද ිරක්ව්‍ද ් ශ තී්දුව්‍ මීට්, ව්‍ඩද ශව්‍්්ථ තී්දුව්‍ක් ශව්‍්ව්‍ද ිරකද තුා්කද පිිබග්්ව්‍ද.

ාැ්ග්් 1988-1989 දකශය් ශශපළව්‍කට කිර ිරකපුව්‍ද ශ ෝච්චි ඳ්ථව්‍කට කිර ිරකපුව්‍ද මිනී ා පු ව්‍ද ටිප ගිරපු ව්‍ද්, ශ ්ඩුව්‍ ට ග්,තද ් - [ඳදධ්‍ද ිරීම ] ්ාදශව්‍්් ාා ශ ගැ් ිරක්් ඕ්න. පු ශශව්‍ලු්, ශ ්ඩුව්‍ට අයිිර ශව්‍්ව්‍ද. ිර්ද ශ ් ඳ්ධ්‍ශක් ව්‍ැස්ිර ාදව්‍ ට ක්් දඩ ශා්් පද. [ඳදධ්‍ද ිරීම ] දකක පිිබඳඳව්‍ ගැටලුව්‍ක් ිරශඳ්ව්‍ද. ඔඳතුාද ්ාදශය ටයුතු පව්‍්,ව්‍ද ශග් ක්් ගරු ාද්දක තුාිර. [ඳදධ්‍ද ිරීම ]

ගු කථානායකුර ා (ைொண்புைிகு சபொநொயகர் அவர்கள்) (The Hon. Speaker) දකක පිිබඳඳව්‍ ගැටලුව්‍ක් ිරශඳ්ව්‍ද. ිර්ද රුණද පදකලිශ ්තුශය ටයුතුව්‍කට දඩ ශා්්. අා විව්‍දාක පව්‍්,ව්‍ද ශග් ක්් ්හශකෝගක ශා්්. [ඳදධ්‍ද ිරීම ] ගරු ා්ත්‍රීතුා්කද රුණද දඳග්්. [ඳදධ්‍ද ිරීම ]

ප්‍රශ්නනවල වාිකක ිළිතුරු வினொக்களுக்கு வொய்மூல விமடகள்

ORAL ANSWERS TO QUESTIONS

ගු කථානායකුර ා (ைொண்புைிகு சபொநொயகர் அவர்கள்) (The Hon. Speaker) ප්‍ර ථ් අා 1 -]515/202]- (2) ගරු අ්ා ්ව්‍ ්,් ාහතද.

ගු අ ාංක නවරත්න හරා (ைொண்புைிகு அசங்க நவரத்ன) (The Hon. Asanka Navarathna) ගරු ාද්දක තුාිර ාද ා ප්‍ර ථ්ක අහ්ව්‍ද. [ඳදධ්‍ද ිරීම ] ගු ප්‍ර ් න රතුරාංග හරා (ைொண்புைிகு பிரசன்ன ரணதுங்க) (The Hon. Prasanna Ranatunga) ගරු ාද්දක තුාිර ශ්ෞඛය අාදතයතුාද ශව්‍නුශව්‍් ාද ා ප්‍ර ථ්කට පිිබතු කඳද දීා ්ඳහද ්ිර ශා දකකක් දල්කද ියස්්ව්‍ද.

ප්‍රශ්නනය ුර දිනකදී නදිරිපත් ිරීම නිනය ග කරන ලදී. வினொமவ ைற்தறொரு தினத்திற் சைர்ப்பிக்கக் கட்டமளயிடப்பட்டது. Question ordered to stand down.

ගු කථානායකුර ා (ைொண்புைிகு சபொநொயகர் அவர்கள்) (The Hon. Speaker) ප්‍ර ථ් අා 2 -]646/202]- (1) ගරු ව්‍ඩිශයල් ජීශකෂථ ාහතද - [්ාද ගකාක තුළ ්ැත.]",hansard,1.0,1
lk_hansard_2020s,2023-11-17-2023-11-17,2023-11-17,2023-11-17,"Hansard of November 17, 2023",https://www.parliament.lk/en/business-of-parliament/hansards,si-ta-en,https://www.parliament.lk/uploads/documents/hansard/1701515168057680.pdf,2023-11-17-2023-11-17-0030,30,si-ta-en,2c0d559db66f337ee1b0a949e0ebc893,4540,"ප්‍රශ්නනය ුර දිනකදී නදිරිපත් ිරීම නිනය ග කරන ලදී. வினொமவ ைற்தறொரு தினத்திற் சைர்ப்பிக்கக் கட்டமளயிடப்பட்டது. Question ordered to stand down.

ගු කථානායකුර ා (ைொண்புைிகு சபொநொயகர் அவர்கள்) (The Hon. Speaker) ප්‍ර ථ් අා 2 -]646/202]- (1) ගරු ව්‍ඩිශයල් ජීශකෂථ ාහතද - [්ාද ගකාක තුළ ්ැත.]

799 800

පදකලිශ ්තුව්‍

ගු ලලිත් එල්ලාවල හරා (ைொண்புைிகு லலித் எல்லொவல) (The Hon. Lalith Ellawala) ගරු ාද්දක තුාිර ාද ා ප්‍ර ථ්ක අහ්ව්‍ද. [ඳදධ්‍ද ිරීම ] ගු ප්‍ර ් න රතුරාංග හරා (ைொண்புைிகு பிரசன்ன ரணதுங்க) (The Hon. Prasanna Ranatunga) ගරු ාද්දක තුාිර ක්‍රීඩද හද ශකෞව්‍් ටයුතු අාදතයතුාද ශව්‍නුශව්‍් ාද ා ප්‍ර ථ්කට පිිබතු කඳද දීා ්ඳහද ්ිර ශා දකකක් දල්කද ියස්්ව්‍ද.

ප්‍රශ්නනය ුර දිනකදී නදිරිපත් ිරීම නිනය ග කරන ලදී. வினொமவ ைற்தறொரு தினத்திற் சைர்ப்பிக்கக் கட்டமளயிடப்பட்டது. Question ordered to stand down.

ගු කථානායකුර ා (ைொண்புைிகு சபொநொயகர் அவர்கள்) (The Hon. Speaker) ප්‍ර ථ් අා 4 -]67]/202]- (1) ගරු හකෂණ දන රුණද ාහතද.

ගු හර්කත රාජකුතා හරා (ைொண்புைிகு ஹர்ஷன ரொஜகருணொ) (The Hon. Harshana Rajakaruna) ගරු ාද්දක තුාිර ාද ා ප්‍ර ථ්ක අහ්ව්‍ද. [ඳදධ්‍ද ිරීම ] ගු ප්‍ර ් න රතුරාංග හරා (ைொண்புைிகு பிரசன்ன ரணதுங்க) (The Hon. Prasanna Ranatunga) ගරු ාද්දක තුාිර ශ්ෞඛය අාදතයතුාද ශව්‍නුශව්‍් ාද ා ප්‍ර ථ්කට පිිබතු කඳද දීා ්ඳහද ්ිර ශා දකකක් දල්කද ියස්්ව්‍ද.

ප්‍රශ්නනය ුර දිනකදී නදිරිපත් ිරීම නිනය ග කරන ලදී. வினொமவ ைற்தறொரு தினத்திற் சைர்ப்பிக்கக் கட்டமளயிடப்பட்டது. Question ordered to stand down. ගු කථානායකුර ා (ைொண்புைிகு சபொநொயகர் அவர்கள்) (The Hon. Speaker) ප්‍ර ථ් අා 5 -]707/202]- (1) ගරු ඩක්ථ අකහටිශපරුා ාහතද.

ගු ඩල න අලහප්නපු හරා (ைொண்புைிகு டலஸ் அழஹப்தபருை) (The Hon. Dullas Alahapperuma) ගරු ාද්දක තුාිර ාද ා ප්‍ර ථ්ක අහ්ව්‍ද. [ඳදධ්‍ද ිරීම ] ගු ප්‍ර ් න රතුරාංග හරා (ைொண்புைிகு பிரசன்ன ரணதுங்க) (The Hon. Prasanna Ranatunga) ගරු ාද්දක තුාිර අධ්‍යදප් අාදතයතුාද ශව්‍නුශව්‍් ාද ා ප්‍ර ථ්කට පිිබතු කඳද දීා ්ඳහද ්ිර ශා දකකක් දල්කද ියස්්ව්‍ද.

ප්‍රශ්නනය ුර දිනකදී නදිරිපත් ිරීම නිනය ග කරන ලදී. வினொமவ ைற்தறொரு தினத்திற் சைர்ப்பிக்கக் கட்டமளயிடப்பட்டது. Question ordered to stand down.","ප්‍රශ්නනය ුර දිනකදී නදිරිපත් ිරීම නිනය ග කරන ලදී. வினொமவ ைற்தறொரு தினத்திற் சைர்ப்பிக்கக் கட்டமளயிடப்பட்டது. Question ordered to stand down.

ගු කථානායකුර ා (ைொண்புைிகு சபொநொயகர் அவர்கள்) (The Hon. Speaker) ප්‍ර ථ් අා 2 -]646/202]- (1) ගරු ව්‍ඩිශයල් ජීශකෂථ ාහතද - [්ාද ගකාක තුළ ්ැත.]

799 800

පදකලිශ ්තුව්‍

ගු ලලිත් එල්ලාවල හරා (ைொண்புைிகு லலித் எல்லொவல) (The Hon. Lalith Ellawala) ගරු ාද්දක තුාිර ාද ා ප්‍ර ථ්ක අහ්ව්‍ද. [ඳදධ්‍ද ිරීම ] ගු ප්‍ර ් න රතුරාංග හරා (ைொண்புைிகு பிரசன்ன ரணதுங்க) (The Hon. Prasanna Ranatunga) ගරු ාද්දක තුාිර ක්‍රීඩද හද ශකෞව්‍් ටයුතු අාදතයතුාද ශව්‍නුශව්‍් ාද ා ප්‍ර ථ්කට පිිබතු කඳද දීා ්ඳහද ්ිර ශා දකකක් දල්කද ියස්්ව්‍ද.

ප්‍රශ්නනය ුර දිනකදී නදිරිපත් ිරීම නිනය ග කරන ලදී. வினொமவ ைற்தறொரு தினத்திற் சைர்ப்பிக்கக் கட்டமளயிடப்பட்டது. Question ordered to stand down.

ගු කථානායකුර ා (ைொண்புைிகு சபொநொயகர் அவர்கள்) (The Hon. Speaker) ප්‍ර ථ් අා 4 -]67]/202]- (1) ගරු හකෂණ දන රුණද ාහතද.

ගු හර්කත රාජකුතා හරා (ைொண்புைிகு ஹர்ஷன ரொஜகருணொ) (The Hon. Harshana Rajakaruna) ගරු ාද්දක තුාිර ාද ා ප්‍ර ථ්ක අහ්ව්‍ද. [ඳදධ්‍ද ිරීම ] ගු ප්‍ර ් න රතුරාංග හරා (ைொண்புைிகு பிரசன்ன ரணதுங்க) (The Hon. Prasanna Ranatunga) ගරු ාද්දක තුාිර ශ්ෞඛය අාදතයතුාද ශව්‍නුශව්‍් ාද ා ප්‍ර ථ්කට පිිබතු කඳද දීා ්ඳහද ්ිර ශා දකකක් දල්කද ියස්්ව්‍ද.

ප්‍රශ්නනය ුර දිනකදී නදිරිපත් ිරීම නිනය ග කරන ලදී. வினொமவ ைற்தறொரு தினத்திற் சைர்ப்பிக்கக் கட்டமளயிடப்பட்டது. Question ordered to stand down. ගු කථානායකුර ා (ைொண்புைிகு சபொநொயகர் அவர்கள்) (The Hon. Speaker) ප්‍ර ථ් අා 5 -]707/202]- (1) ගරු ඩක්ථ අකහටිශපරුා ාහතද.

ගු ඩල න අලහප්නපු හරා (ைொண்புைிகு டலஸ் அழஹப்தபருை) (The Hon. Dullas Alahapperuma) ගරු ාද්දක තුාිර ාද ා ප්‍ර ථ්ක අහ්ව්‍ද. [ඳදධ්‍ද ිරීම ] ගු ප්‍ර ් න රතුරාංග හරා (ைொண்புைிகு பிரசன்ன ரணதுங்க) (The Hon. Prasanna Ranatunga) ගරු ාද්දක තුාිර අධ්‍යදප් අාදතයතුාද ශව්‍නුශව්‍් ාද ා ප්‍ර ථ්කට පිිබතු කඳද දීා ්ඳහද ්ිර ශා දකකක් දල්කද ියස්්ව්‍ද.

ප්‍රශ්නනය ුර දිනකදී නදිරිපත් ිරීම නිනය ග කරන ලදී. வினொமவ ைற்தறொரு தினத்திற் சைர்ப்பிக்கக் கட்டமளயிடப்பட்டது. Question ordered to stand down.",ප්‍රශ්නනය ුර දිනකදී නදිරිපත් ිරීම නිනය ග කරන ලදී. வினொமவ ைற்தறொரு தினத்திற் சைர்ப்பிக்கக் கட்டமளயி,2023-11-17,2023-11-17-2023-11-17,"ප්‍රශ්නනය ුර දිනකදී නදිරිපත් ිරීම නිනය ග කරන ලදී. வினொமவ ைற்தறொரு தினத்திற் சைர்ப்பிக்கக் கட்டமளயிடப்பட்டது. Question ordered to stand down.

ගු කථානායකුර ා (ைொண்புைிகு சபொநொயகர் அவர்கள்) (The Hon. Speaker) ප්‍ර ථ් අා 2 -]646/202]- (1) ගරු ව්‍ඩිශයල් ජීශකෂථ ාහතද - [්ාද ගකාක තුළ ්ැත.]

799 800

පදකලිශ ්තුව්‍

ගු ලලිත් එල්ලාවල හරා (ைொண்புைிகு லலித் எல்லொவல) (The Hon. Lalith Ellawala) ගරු ාද්දක තුාිර ාද ා ප්‍ර ථ්ක අහ්ව්‍ද. [ඳදධ්‍ද ිරීම ] ගු ප්‍ර ් න රතුරාංග හරා (ைொண்புைிகு பிரசன்ன ரணதுங்க) (The Hon. Prasanna Ranatunga) ගරු ාද්දක තුාිර ක්‍රීඩද හද ශකෞව්‍් ටයුතු අාදතයතුාද ශව්‍නුශව්‍් ාද ා ප්‍ර ථ්කට පිිබතු කඳද දීා ්ඳහද ්ිර ශා දකකක් දල්කද ියස්්ව්‍ද.

ප්‍රශ්නනය ුර දිනකදී නදිරිපත් ිරීම නිනය ග කරන ලදී. வினொமவ ைற்தறொரு தினத்திற் சைர்ப்பிக்கக் கட்டமளயிடப்பட்டது. Question ordered to stand down.

ගු කථානායකුර ා (ைொண்புைிகு சபொநொயகர் அவர்கள்) (The Hon. Speaker) ප්‍ර ථ් අා 4 -]67]/202]- (1) ගරු හකෂණ දන රුණද ාහතද.

ගු හර්කත රාජකුතා හරා (ைொண்புைிகு ஹர்ஷன ரொஜகருணொ) (The Hon. Harshana Rajakaruna) ගරු ාද්දක තුාිර ාද ා ප්‍ර ථ්ක අහ්ව්‍ද. [ඳදධ්‍ද ිරීම ] ගු ප්‍ර ් න රතුරාංග හරා (ைொண்புைிகு பிரசன்ன ரணதுங்க) (The Hon. Prasanna Ranatunga) ගරු ාද්දක තුාිර ශ්ෞඛය අාදතයතුාද ශව්‍නුශව්‍් ාද ා ප්‍ර ථ්කට පිිබතු කඳද දීා ්ඳහද ්ිර ශා දකකක් දල්කද ියස්්ව්‍ද.

ප්‍රශ්නනය ුර දිනකදී නදිරිපත් ිරීම නිනය ග කරන ලදී. வினொமவ ைற்தறொரு தினத்திற் சைர்ப்பிக்கக் கட்டமளயிடப்பட்டது. Question ordered to stand down. ගු කථානායකුර ා (ைொண்புைிகு சபொநொயகர் அவர்கள்) (The Hon. Speaker) ප්‍ර ථ් අා 5 -]707/202]- (1) ගරු ඩක්ථ අකහටිශපරුා ාහතද.

ගු ඩල න අලහප්නපු හරා (ைொண்புைிகு டலஸ் அழஹப்தபருை) (The Hon. Dullas Alahapperuma) ගරු ාද්දක තුාිර ාද ා ප්‍ර ථ්ක අහ්ව්‍ද. [ඳදධ්‍ද ිරීම ] ගු ප්‍ර ් න රතුරාංග හරා (ைொண்புைிகு பிரசன்ன ரணதுங்க) (The Hon. Prasanna Ranatunga) ගරු ාද්දක තුාිර අධ්‍යදප් අාදතයතුාද ශව්‍නුශව්‍් ාද ා ප්‍ර ථ්කට පිිබතු කඳද දීා ්ඳහද ්ිර ශා දකකක් දල්කද ියස්්ව්‍ද.

ප්‍රශ්නනය ුර දිනකදී නදිරිපත් ිරීම නිනය ග කරන ලදී. வினொமவ ைற்தறொரு தினத்திற் சைர்ப்பிக்கக் கட்டமளயிடப்பட்டது. Question ordered to stand down.",hansard,1.0,1
lk_hansard_2020s,2023-11-17-2023-11-17,2023-11-17,2023-11-17,"Hansard of November 17, 2023",https://www.parliament.lk/en/business-of-parliament/hansards,si-ta-en,https://www.parliament.lk/uploads/documents/hansard/1701515168057680.pdf,2023-11-17-2023-11-17-0031,31,si-ta-en,b927c7b96424fe8450d325fe407fd98e,3452,"ගු ඩල න අලහප්නපු හරා (ைொண்புைிகு டலஸ் அழஹப்தபருை) (The Hon. Dullas Alahapperuma) ගරු ාද්දක තුාිර ාද ා ප්‍ර ථ්ක අහ්ව්‍ද. [ඳදධ්‍ද ිරීම ] ගු ප්‍ර ් න රතුරාංග හරා (ைொண்புைிகு பிரசன்ன ரணதுங்க) (The Hon. Prasanna Ranatunga) ගරු ාද්දක තුාිර අධ්‍යදප් අාදතයතුාද ශව්‍නුශව්‍් ාද ා ප්‍ර ථ්කට පිිබතු කඳද දීා ්ඳහද ්ිර ශා දකකක් දල්කද ියස්්ව්‍ද.

ප්‍රශ්නනය ුර දිනකදී නදිරිපත් ිරීම නිනය ග කරන ලදී. வினொமவ ைற்தறொரு தினத்திற் சைர்ப்பிக்கக் கட்டமளயிடப்பட்டது. Question ordered to stand down.

ශාව්‍් ව්‍ටක.

ප්‍ර ථ් අා 2 -]646/202]- (1) ගරු ව්‍ඩිශයල් ජීශකෂථ ාහතද. ගු හර්කත රාජකුතා හරා (ைொண்புைிகு ஹர்ஷன ரொஜகருணொ) (The Hon. Harshana Rajakaruna) ගරු ාද්දක තුාිර ගරු ව්‍ඩිශයල් ජීශකෂථ ා්ත්‍රීතුාද ශව්‍නුශව්‍් ාද ා ප්‍ර ථ්ක අහ්ව්‍ද.

ගු ප්‍ර ් න රතුරාංග හරා (ைொண்புைிகு பிரசன்ன ரணதுங்க) (The Hon. Prasanna Ranatunga) ගරු ාද්දක තුාිර ෘෂි කා ්හ ව්‍ැවිලි කාද්ත අාදතයතුාද ශව්‍නුශව්‍් ාද ා ප්‍ර ථ්කට පිිබතු කඳද දීා ්ඳහද ්ිර ශා දකකක් දල්කද ියස්්ව්‍ද. [ඳදධ්‍ද ිරීම ]

ප්‍රශ්නනය ුර දිනකදී නදිරිපත් ිරීම නිනය ග කරන ලදී. வினொமவ ைற்தறொரு தினத்திற் சைர்ப்பிக்கக் கட்டமளயிடப்பட்டது. Question ordered to stand down. ගු කථානායකුර ා (ைொண்புைிகு சபொநொயகர் அவர்கள்) (The Hon. Speaker) රුණද කද විව්‍දාක පව්‍්,ව්‍ද ශග් ක්් දඩ ශා්්. ාැ් ශව්‍කදව්‍ ශප ව්‍රු 10.2]යි. [ඳදධ්‍ද ිරීම ] ගරු කක්ෂථා් ිරිපඇල්ක ා්ත්‍රීතුාද විව්‍දාක පට් ග්්. [ඳදධ්‍ද ිරීම ]

යට ශප අාදතයදා ිරශයා්කක් ිරශඳ්ව්‍ද. ගරු විදුලිඳක ්හ ඳක ක්ිර ඇාිරතුාද.

ගු ප්‍ර ් න රතුරාංග හරා (ைொண்புைிகு பிரசன்ன ரணதுங்க) (The Hon. Prasanna Ranatunga) Sir, I rise to a point of Order.","ගු ඩල න අලහප්නපු හරා (ைொண்புைிகு டலஸ் அழஹப்தபருை) (The Hon. Dullas Alahapperuma) ගරු ාද්දක තුාිර ාද ා ප්‍ර ථ්ක අහ්ව්‍ද. [ඳදධ්‍ද ිරීම ] ගු ප්‍ර ් න රතුරාංග හරා (ைொண்புைிகு பிரசன்ன ரணதுங்க) (The Hon. Prasanna Ranatunga) ගරු ාද්දක තුාිර අධ්‍යදප් අාදතයතුාද ශව්‍නුශව්‍් ාද ා ප්‍ර ථ්කට පිිබතු කඳද දීා ්ඳහද ්ිර ශා දකකක් දල්කද ියස්්ව්‍ද.

ප්‍රශ්නනය ුර දිනකදී නදිරිපත් ිරීම නිනය ග කරන ලදී. வினொமவ ைற்தறொரு தினத்திற் சைர்ப்பிக்கக் கட்டமளயிடப்பட்டது. Question ordered to stand down.

ශාව්‍් ව්‍ටක.

ප්‍ර ථ් අා 2 -]646/202]- (1) ගරු ව්‍ඩිශයල් ජීශකෂථ ාහතද. ගු හර්කත රාජකුතා හරා (ைொண்புைிகு ஹர்ஷன ரொஜகருணொ) (The Hon. Harshana Rajakaruna) ගරු ාද්දක තුාිර ගරු ව්‍ඩිශයල් ජීශකෂථ ා්ත්‍රීතුාද ශව්‍නුශව්‍් ාද ා ප්‍ර ථ්ක අහ්ව්‍ද.

ගු ප්‍ර ් න රතුරාංග හරා (ைொண்புைிகு பிரசன்ன ரணதுங்க) (The Hon. Prasanna Ranatunga) ගරු ාද්දක තුාිර ෘෂි කා ්හ ව්‍ැවිලි කාද්ත අාදතයතුාද ශව්‍නුශව්‍් ාද ා ප්‍ර ථ්කට පිිබතු කඳද දීා ්ඳහද ්ිර ශා දකකක් දල්කද ියස්්ව්‍ද. [ඳදධ්‍ද ිරීම ]

ප්‍රශ්නනය ුර දිනකදී නදිරිපත් ිරීම නිනය ග කරන ලදී. வினொமவ ைற்தறொரு தினத்திற் சைர்ப்பிக்கக் கட்டமளயிடப்பட்டது. Question ordered to stand down. ගු කථානායකුර ා (ைொண்புைிகு சபொநொயகர் அவர்கள்) (The Hon. Speaker) රුණද කද විව්‍දාක පව්‍්,ව්‍ද ශග් ක්් දඩ ශා්්. ාැ් ශව්‍කදව්‍ ශප ව්‍රු 10.2]යි. [ඳදධ්‍ද ිරීම ] ගරු කක්ෂථා් ිරිපඇල්ක ා්ත්‍රීතුාද විව්‍දාක පට් ග්්. [ඳදධ්‍ද ිරීම ]

යට ශප අාදතයදා ිරශයා්කක් ිරශඳ්ව්‍ද. ගරු විදුලිඳක ්හ ඳක ක්ිර ඇාිරතුාද.

ගු ප්‍ර ් න රතුරාංග හරා (ைொண்புைிகு பிரசன்ன ரணதுங்க) (The Hon. Prasanna Ranatunga) Sir, I rise to a point of Order.",ගු ඩල න අලහප්නපු හරා (ைொண்புைிகு டலஸ் அழஹப்தபருை) (The Hon. Dullas Alahapperuma) ගරු ාද්දක තුාිර ාද,2023-11-17,2023-11-17-2023-11-17,"ගු ඩල න අලහප්නපු හරා (ைொண்புைிகு டலஸ் அழஹப்தபருை) (The Hon. Dullas Alahapperuma) ගරු ාද්දක තුාිර ාද ා ප්‍ර ථ්ක අහ්ව්‍ද. [ඳදධ්‍ද ිරීම ] ගු ප්‍ර ් න රතුරාංග හරා (ைொண்புைிகு பிரசன்ன ரணதுங்க) (The Hon. Prasanna Ranatunga) ගරු ාද්දක තුාිර අධ්‍යදප් අාදතයතුාද ශව්‍නුශව්‍් ාද ා ප්‍ර ථ්කට පිිබතු කඳද දීා ්ඳහද ්ිර ශා දකකක් දල්කද ියස්්ව්‍ද.

ප්‍රශ්නනය ුර දිනකදී නදිරිපත් ිරීම නිනය ග කරන ලදී. வினொமவ ைற்தறொரு தினத்திற் சைர்ப்பிக்கக் கட்டமளயிடப்பட்டது. Question ordered to stand down.

ශාව්‍් ව්‍ටක.

ප්‍ර ථ් අා 2 -]646/202]- (1) ගරු ව්‍ඩිශයල් ජීශකෂථ ාහතද. ගු හර්කත රාජකුතා හරා (ைொண்புைிகு ஹர்ஷன ரொஜகருணொ) (The Hon. Harshana Rajakaruna) ගරු ාද්දක තුාිර ගරු ව්‍ඩිශයල් ජීශකෂථ ා්ත්‍රීතුාද ශව්‍නුශව්‍් ාද ා ප්‍ර ථ්ක අහ්ව්‍ද.

ගු ප්‍ර ් න රතුරාංග හරා (ைொண்புைிகு பிரசன்ன ரணதுங்க) (The Hon. Prasanna Ranatunga) ගරු ාද්දක තුාිර ෘෂි කා ්හ ව්‍ැවිලි කාද්ත අාදතයතුාද ශව්‍නුශව්‍් ාද ා ප්‍ර ථ්කට පිිබතු කඳද දීා ්ඳහද ්ිර ශා දකකක් දල්කද ියස්්ව්‍ද. [ඳදධ්‍ද ිරීම ]

ප්‍රශ්නනය ුර දිනකදී නදිරිපත් ිරීම නිනය ග කරන ලදී. வினொமவ ைற்தறொரு தினத்திற் சைர்ப்பிக்கக் கட்டமளயிடப்பட்டது. Question ordered to stand down. ගු කථානායකුර ා (ைொண்புைிகு சபொநொயகர் அவர்கள்) (The Hon. Speaker) රුණද කද විව්‍දාක පව්‍්,ව්‍ද ශග් ක්් දඩ ශා්්. ාැ් ශව්‍කදව්‍ ශප ව්‍රු 10.2]යි. [ඳදධ්‍ද ිරීම ] ගරු කක්ෂථා් ිරිපඇල්ක ා්ත්‍රීතුාද විව්‍දාක පට් ග්්. [ඳදධ්‍ද ිරීම ]

යට ශප අාදතයදා ිරශයා්කක් ිරශඳ්ව්‍ද. ගරු විදුලිඳක ්හ ඳක ක්ිර ඇාිරතුාද.

ගු ප්‍ර ් න රතුරාංග හරා (ைொண்புைிகு பிரசன்ன ரணதுங்க) (The Hon. Prasanna Ranatunga) Sir, I rise to a point of Order.",hansard,1.0,1
lk_hansard_2020s,2023-11-17-2023-11-17,2023-11-17,2023-11-17,"Hansard of November 17, 2023",https://www.parliament.lk/en/business-of-parliament/hansards,si-ta-en,https://www.parliament.lk/uploads/documents/hansard/1701515168057680.pdf,2023-11-17-2023-11-17-0032,32,si-ta-en,4f0236f8a267b51a6a46d77d3df0cd1c,4243,"ප්‍රශ්නනය ුර දිනකදී නදිරිපත් ිරීම නිනය ග කරන ලදී. வினொமவ ைற்தறொரு தினத்திற் சைர்ப்பிக்கக் கட்டமளயிடப்பட்டது. Question ordered to stand down. ගු කථානායකුර ා (ைொண்புைிகு சபொநொயகர் அவர்கள்) (The Hon. Speaker) රුණද කද විව්‍දාක පව්‍්,ව්‍ද ශග් ක්් දඩ ශා්්. ාැ් ශව්‍කදව්‍ ශප ව්‍රු 10.2]යි. [ඳදධ්‍ද ිරීම ] ගරු කක්ෂථා් ිරිපඇල්ක ා්ත්‍රීතුාද විව්‍දාක පට් ග්්. [ඳදධ්‍ද ිරීම ]

යට ශප අාදතයදා ිරශයා්කක් ිරශඳ්ව්‍ද. ගරු විදුලිඳක ්හ ඳක ක්ිර ඇාිරතුාද.

ගු ප්‍ර ් න රතුරාංග හරා (ைொண்புைிகு பிரசன்ன ரணதுங்க) (The Hon. Prasanna Ranatunga) Sir, I rise to a point of Order.

801 802

————————— * පු නරකාලන රබා ඇර. * நூனிமலயத்தில் மவக்கப்பட்டுள்ளது. * Placed in the Library.

202] ශ්ොව්‍ැ ඳක 17

ගු කථානායකුර ා (ைொண்புைிகு சபொநொயகர் அவர்கள்) (The Hon. Speaker) අාදතයදා ිරශයා්ක විදුලිඳක ්හ ඳක ක්ිර අාදතය ගරු ාච් විශේශ්ේ ාැිරතුාද.

ප්‍රමිතියනය් නරොර න් නන නනයනය ිරීම

ිළිතබ නද දනාව: විෂ්ලිබල හ බලශ්තිිය

අ ාර‍ුර ානේ ප්‍රකාශ්ය தரைற்ற எொிதபொருள் இறக்குைதி ததொடர்பொன குற்றச்சொட்டு: ைின்சக்தி ைற்றும் வலுசக்தி அமைச்சொினது கூற்று ALLEGATION OF IMPORTING SUBSTANDARD FUEL: STATEMENT BY MINISTER OF POWER AND

ENERGY

ගු කාංදන විනේන ේකර හරා විෂ්ලිබල හ බලශ්තිිය අ ාර‍ුර ා) (ைொண்புைிகு கஞ்சன விமஜமசகர - ைின்சக்தி ைற்றும் வலுசக்தி அமைச்சர்) (The Hon. Kanchana Wijesekera - Minister of Power and Energy) ගරු ාද්දක තුාිර යශය් ිර්ශය් ගරු විපක්ෂ ්දක තුාද විිය් ශ ්ාදශයදී ාද ශ්ොියස් අව්‍්ථාදව්‍ ප්‍ර ද කක් කද ිරබුණද විශ ේෂශක්ා ශ ටට ආ්ක්ක ් කා ද්ධ්‍් ශතොගකක් පිිබඳඳව්‍. මීට ්ිර ශා ට ශප ්, විපක්ෂ ්දක තුාද ව්‍ැිරා ප්‍ර ද කක් ියදු ළද. අව්‍්ථාදශයදී්, අපි පිිබතුරු කඳද දු්්ද විශ ේෂශක්ා ශ ටට ආ්ක්ක ් ද්ධ්‍් ප්‍රමිිරක පිිබඳඳව්‍ ටයුතු ්ශ් ඛිරන ශතල් ශතොග ගඳඩද පකක්තක පකක්තශය් ිරශඳ් පීමක්ෂණදගද ව්‍ලි් පීමක්ෂද ිරීමශා් අ්තුරුව්‍ පාණයි අශටි ද්ධ්‍් ශතොග ශ ොශළෝ්දව්‍ට ශහෝ මුතු දනශව්‍කට ශහෝ ත්‍රිකුණදාකකට ශහා්, ්ැ්,් ශට් ඕ්නා තැ් ට ශගොඩඳද්් ටයුතු ්ශ් ිරකකද.","ප්‍රශ්නනය ුර දිනකදී නදිරිපත් ිරීම නිනය ග කරන ලදී. வினொமவ ைற்தறொரு தினத்திற் சைர்ப்பிக்கக் கட்டமளயிடப்பட்டது. Question ordered to stand down. ගු කථානායකුර ා (ைொண்புைிகு சபொநொயகர் அவர்கள்) (The Hon. Speaker) රුණද කද විව්‍දාක පව්‍්,ව්‍ද ශග් ක්් දඩ ශා්්. ාැ් ශව්‍කදව්‍ ශප ව්‍රු 10.2]යි. [ඳදධ්‍ද ිරීම ] ගරු කක්ෂථා් ිරිපඇල්ක ා්ත්‍රීතුාද විව්‍දාක පට් ග්්. [ඳදධ්‍ද ිරීම ]

යට ශප අාදතයදා ිරශයා්කක් ිරශඳ්ව්‍ද. ගරු විදුලිඳක ්හ ඳක ක්ිර ඇාිරතුාද.

ගු ප්‍ර ් න රතුරාංග හරා (ைொண்புைிகு பிரசன்ன ரணதுங்க) (The Hon. Prasanna Ranatunga) Sir, I rise to a point of Order.

801 802

————————— * පු නරකාලන රබා ඇර. * நூனிமலயத்தில் மவக்கப்பட்டுள்ளது. * Placed in the Library.

202] ශ්ොව්‍ැ ඳක 17

ගු කථානායකුර ා (ைொண்புைிகு சபொநொயகர் அவர்கள்) (The Hon. Speaker) අාදතයදා ිරශයා්ක විදුලිඳක ්හ ඳක ක්ිර අාදතය ගරු ාච් විශේශ්ේ ාැිරතුාද.

ප්‍රමිතියනය් නරොර න් නන නනයනය ිරීම

ිළිතබ නද දනාව: විෂ්ලිබල හ බලශ්තිිය

අ ාර‍ුර ානේ ප්‍රකාශ්ය தரைற்ற எொிதபொருள் இறக்குைதி ததொடர்பொன குற்றச்சொட்டு: ைின்சக்தி ைற்றும் வலுசக்தி அமைச்சொினது கூற்று ALLEGATION OF IMPORTING SUBSTANDARD FUEL: STATEMENT BY MINISTER OF POWER AND

ENERGY

ගු කාංදන විනේන ේකර හරා විෂ්ලිබල හ බලශ්තිිය අ ාර‍ුර ා) (ைொண்புைிகு கஞ்சன விமஜமசகர - ைின்சக்தி ைற்றும் வலுசக்தி அமைச்சர்) (The Hon. Kanchana Wijesekera - Minister of Power and Energy) ගරු ාද්දක තුාිර යශය් ිර්ශය් ගරු විපක්ෂ ්දක තුාද විිය් ශ ්ාදශයදී ාද ශ්ොියස් අව්‍්ථාදව්‍ ප්‍ර ද කක් කද ිරබුණද විශ ේෂශක්ා ශ ටට ආ්ක්ක ් කා ද්ධ්‍් ශතොගකක් පිිබඳඳව්‍. මීට ්ිර ශා ට ශප ්, විපක්ෂ ්දක තුාද ව්‍ැිරා ප්‍ර ද කක් ියදු ළද. අව්‍්ථාදශයදී්, අපි පිිබතුරු කඳද දු්්ද විශ ේෂශක්ා ශ ටට ආ්ක්ක ් ද්ධ්‍් ප්‍රමිිරක පිිබඳඳව්‍ ටයුතු ්ශ් ඛිරන ශතල් ශතොග ගඳඩද පකක්තක පකක්තශය් ිරශඳ් පීමක්ෂණදගද ව්‍ලි් පීමක්ෂද ිරීමශා් අ්තුරුව්‍ පාණයි අශටි ද්ධ්‍් ශතොග ශ ොශළෝ්දව්‍ට ශහෝ මුතු දනශව්‍කට ශහෝ ත්‍රිකුණදාකකට ශහා්, ්ැ්,් ශට් ඕ්නා තැ් ට ශගොඩඳද්් ටයුතු ්ශ් ිරකකද.",ප්‍රශ්නනය ුර දිනකදී නදිරිපත් ිරීම නිනය ග කරන ලදී. வினொமவ ைற்தறொரு தினத்திற் சைர்ப்பிக்கக் கட்டமளயி,2023-11-17,2023-11-17-2023-11-17,"ප්‍රශ්නනය ුර දිනකදී නදිරිපත් ිරීම නිනය ග කරන ලදී. வினொமவ ைற்தறொரு தினத்திற் சைர்ப்பிக்கக் கட்டமளயிடப்பட்டது. Question ordered to stand down. ගු කථානායකුර ා (ைொண்புைிகு சபொநொயகர் அவர்கள்) (The Hon. Speaker) රුණද කද විව්‍දාක පව්‍්,ව්‍ද ශග් ක්් දඩ ශා්්. ාැ් ශව්‍කදව්‍ ශප ව්‍රු 10.2]යි. [ඳදධ්‍ද ිරීම ] ගරු කක්ෂථා් ිරිපඇල්ක ා්ත්‍රීතුාද විව්‍දාක පට් ග්්. [ඳදධ්‍ද ිරීම ]

යට ශප අාදතයදා ිරශයා්කක් ිරශඳ්ව්‍ද. ගරු විදුලිඳක ්හ ඳක ක්ිර ඇාිරතුාද.

ගු ප්‍ර ් න රතුරාංග හරා (ைொண்புைிகு பிரசன்ன ரணதுங்க) (The Hon. Prasanna Ranatunga) Sir, I rise to a point of Order.

801 802

————————— * පු නරකාලන රබා ඇර. * நூனிமலயத்தில் மவக்கப்பட்டுள்ளது. * Placed in the Library.

202] ශ්ොව්‍ැ ඳක 17

ගු කථානායකුර ා (ைொண்புைிகு சபொநொயகர் அவர்கள்) (The Hon. Speaker) අාදතයදා ිරශයා්ක විදුලිඳක ්හ ඳක ක්ිර අාදතය ගරු ාච් විශේශ්ේ ාැිරතුාද.

ප්‍රමිතියනය් නරොර න් නන නනයනය ිරීම

ිළිතබ නද දනාව: විෂ්ලිබල හ බලශ්තිිය

අ ාර‍ුර ානේ ප්‍රකාශ්ය தரைற்ற எொிதபொருள் இறக்குைதி ததொடர்பொன குற்றச்சொட்டு: ைின்சக்தி ைற்றும் வலுசக்தி அமைச்சொினது கூற்று ALLEGATION OF IMPORTING SUBSTANDARD FUEL: STATEMENT BY MINISTER OF POWER AND

ENERGY

ගු කාංදන විනේන ේකර හරා විෂ්ලිබල හ බලශ්තිිය අ ාර‍ුර ා) (ைொண்புைிகு கஞ்சன விமஜமசகர - ைின்சக்தி ைற்றும் வலுசக்தி அமைச்சர்) (The Hon. Kanchana Wijesekera - Minister of Power and Energy) ගරු ාද්දක තුාිර යශය් ිර්ශය් ගරු විපක්ෂ ්දක තුාද විිය් ශ ්ාදශයදී ාද ශ්ොියස් අව්‍්ථාදව්‍ ප්‍ර ද කක් කද ිරබුණද විශ ේෂශක්ා ශ ටට ආ්ක්ක ් කා ද්ධ්‍් ශතොගකක් පිිබඳඳව්‍. මීට ්ිර ශා ට ශප ්, විපක්ෂ ්දක තුාද ව්‍ැිරා ප්‍ර ද කක් ියදු ළද. අව්‍්ථාදශයදී්, අපි පිිබතුරු කඳද දු්්ද විශ ේෂශක්ා ශ ටට ආ්ක්ක ් ද්ධ්‍් ප්‍රමිිරක පිිබඳඳව්‍ ටයුතු ්ශ් ඛිරන ශතල් ශතොග ගඳඩද පකක්තක පකක්තශය් ිරශඳ් පීමක්ෂණදගද ව්‍ලි් පීමක්ෂද ිරීමශා් අ්තුරුව්‍ පාණයි අශටි ද්ධ්‍් ශතොග ශ ොශළෝ්දව්‍ට ශහෝ මුතු දනශව්‍කට ශහෝ ත්‍රිකුණදාකකට ශහා්, ්ැ්,් ශට් ඕ්නා තැ් ට ශගොඩඳද්් ටයුතු ්ශ් ිරකකද.",hansard,1.0,1
lk_hansard_2020s,2023-11-17-2023-11-17,2023-11-17,2023-11-17,"Hansard of November 17, 2023",https://www.parliament.lk/en/business-of-parliament/hansards,si-ta-en,https://www.parliament.lk/uploads/documents/hansard/1701515168057680.pdf,2023-11-17-2023-11-17-0033,33,si-ta-en,223f0cbbbd23831c7a46d9742e1ed784,4453,"ගු කාංදන විනේන ේකර හරා විෂ්ලිබල හ බලශ්තිිය අ ාර‍ුර ා) (ைொண்புைிகு கஞ்சன விமஜமசகர - ைின்சக்தி ைற்றும் வலுசக்தி அமைச்சர்) (The Hon. Kanchana Wijesekera - Minister of Power and Energy) ගරු ාද්දක තුාිර යශය් ිර්ශය් ගරු විපක්ෂ ්දක තුාද විිය් ශ ්ාදශයදී ාද ශ්ොියස් අව්‍්ථාදව්‍ ප්‍ර ද කක් කද ිරබුණද විශ ේෂශක්ා ශ ටට ආ්ක්ක ් කා ද්ධ්‍් ශතොගකක් පිිබඳඳව්‍. මීට ්ිර ශා ට ශප ්, විපක්ෂ ්දක තුාද ව්‍ැිරා ප්‍ර ද කක් ියදු ළද. අව්‍්ථාදශයදී්, අපි පිිබතුරු කඳද දු්්ද විශ ේෂශක්ා ශ ටට ආ්ක්ක ් ද්ධ්‍් ප්‍රමිිරක පිිබඳඳව්‍ ටයුතු ්ශ් ඛිරන ශතල් ශතොග ගඳඩද පකක්තක පකක්තශය් ිරශඳ් පීමක්ෂණදගද ව්‍ලි් පීමක්ෂද ිරීමශා් අ්තුරුව්‍ පාණයි අශටි ද්ධ්‍් ශතොග ශ ොශළෝ්දව්‍ට ශහෝ මුතු දනශව්‍කට ශහෝ ත්‍රිකුණදාකකට ශහා්, ්ැ්,් ශට් ඕ්නා තැ් ට ශගොඩඳද්් ටයුතු ්ශ් ිරකකද.

ගරු ාද්දක තුාිර ඛිරන ශතල් ශතොග ගඳඩද පකක්තශය් ණ්ඩදක විිය් පීමක්ෂණ පව්‍්,ව්‍ද ක ක ිරකශශ කඳද දීකද ිරශඳ්ව්‍ද ශගොඩඳනශ ක්‍රාශයා පිිබඳඳව්‍. ව්‍දශ ා ක්‍රාශයා අනුගා්ක මි් ශ ොශළෝ්දව්‍ට ද්ධ්‍් ශතොග්, ත්‍රිකුණදාකකට ද්ධ්‍් ශතොග්, ශගොඩඳද්් ්ැය ්ාදග ටයුතු කද ිරශඳ්ව්‍ද. ව්‍දශ ා අපි අාදතයදා ක ්හ ආකත්ක ව්‍ ශක් ව්‍ගකීා ග්්ව්‍ද ප්‍රමිිරක පිිබඳඳව්‍ හද අනුකූකතදව්‍ පිිබඳඳව්‍ පීමක්ෂණ කද විත යි අප ටයු්,ත ්ශ් ිරකකද. ිර්ද ාා ්ැව්‍ත ව්‍තදව්‍ක් දල්ලීාක් ්ව්‍ද. විශ ේෂශක්ා ශ ද ණක ාදධ්‍යව්‍ක පළ ශව්‍කද ිරබුණද. අා ාව්‍ශ්ේ නදිර පුව්‍්,ප්,ව්‍ක පළ ශව්‍කද ිරබුණද ඳදක ද්ධ්‍් ශ ටට ආ්ක්ක ිරශඳ්ව්‍ද ශගොඩඳදකද ිරශඳ්ව්‍ද ශඳාද හැ ිරශඳ්ව්‍ද ිරකකද. ාා ් පූකණශක්ා ප්‍රිරක්ශෂේප ්ව්‍ද. විශ ේෂශක්ා ාා ිරක්් ඕ්න ප්‍ර ථ්ක ිරශඳ්ශ් ද්ධ්‍්ව්‍ක ප්‍රමිිරක පිිබඳඳව්‍ ශ්ොශව්‍යි ිරකකද ගරු ාද්දක තුාිර. විපක්ෂ ්දක තුාද ාදවිත ් ව්‍ච්ව්‍ක ප්‍රමිිරක පිිබඳඳව්‍යි ප්‍ර ථ්ක ිරශඳ්ශ්. ප්‍රමිිරක පිිබඳඳ

ප්‍ර ථ්කට උ්,ත කක් ශ්ොක්් පුළුව්‍් ක්‍රාකක් ිරශඳ්ව්‍ද ් ශහොඳයි ගරු ාද්දක තුාිර.

ගු ජිත් නප්‍රේ දා හරා (ைொண்புைிகு சஜித் பிமரைதொஸ) (The Hon. Sajith Premadasa)

නැඟී සිටින ය. எழுந்தொர். rose.","ගු කාංදන විනේන ේකර හරා විෂ්ලිබල හ බලශ්තිිය අ ාර‍ුර ා) (ைொண்புைிகு கஞ்சன விமஜமசகர - ைின்சக்தி ைற்றும் வலுசக்தி அமைச்சர்) (The Hon. Kanchana Wijesekera - Minister of Power and Energy) ගරු ාද්දක තුාිර යශය් ිර්ශය් ගරු විපක්ෂ ්දක තුාද විිය් ශ ්ාදශයදී ාද ශ්ොියස් අව්‍්ථාදව්‍ ප්‍ර ද කක් කද ිරබුණද විශ ේෂශක්ා ශ ටට ආ්ක්ක ් කා ද්ධ්‍් ශතොගකක් පිිබඳඳව්‍. මීට ්ිර ශා ට ශප ්, විපක්ෂ ්දක තුාද ව්‍ැිරා ප්‍ර ද කක් ියදු ළද. අව්‍්ථාදශයදී්, අපි පිිබතුරු කඳද දු්්ද විශ ේෂශක්ා ශ ටට ආ්ක්ක ් ද්ධ්‍් ප්‍රමිිරක පිිබඳඳව්‍ ටයුතු ්ශ් ඛිරන ශතල් ශතොග ගඳඩද පකක්තක පකක්තශය් ිරශඳ් පීමක්ෂණදගද ව්‍ලි් පීමක්ෂද ිරීමශා් අ්තුරුව්‍ පාණයි අශටි ද්ධ්‍් ශතොග ශ ොශළෝ්දව්‍ට ශහෝ මුතු දනශව්‍කට ශහෝ ත්‍රිකුණදාකකට ශහා්, ්ැ්,් ශට් ඕ්නා තැ් ට ශගොඩඳද්් ටයුතු ්ශ් ිරකකද.

ගරු ාද්දක තුාිර ඛිරන ශතල් ශතොග ගඳඩද පකක්තශය් ණ්ඩදක විිය් පීමක්ෂණ පව්‍්,ව්‍ද ක ක ිරකශශ කඳද දීකද ිරශඳ්ව්‍ද ශගොඩඳනශ ක්‍රාශයා පිිබඳඳව්‍. ව්‍දශ ා ක්‍රාශයා අනුගා්ක මි් ශ ොශළෝ්දව්‍ට ද්ධ්‍් ශතොග්, ත්‍රිකුණදාකකට ද්ධ්‍් ශතොග්, ශගොඩඳද්් ්ැය ්ාදග ටයුතු කද ිරශඳ්ව්‍ද. ව්‍දශ ා අපි අාදතයදා ක ්හ ආකත්ක ව්‍ ශක් ව්‍ගකීා ග්්ව්‍ද ප්‍රමිිරක පිිබඳඳව්‍ හද අනුකූකතදව්‍ පිිබඳඳව්‍ පීමක්ෂණ කද විත යි අප ටයු්,ත ්ශ් ිරකකද. ිර්ද ාා ්ැව්‍ත ව්‍තදව්‍ක් දල්ලීාක් ්ව්‍ද. විශ ේෂශක්ා ශ ද ණක ාදධ්‍යව්‍ක පළ ශව්‍කද ිරබුණද. අා ාව්‍ශ්ේ නදිර පුව්‍්,ප්,ව්‍ක පළ ශව්‍කද ිරබුණද ඳදක ද්ධ්‍් ශ ටට ආ්ක්ක ිරශඳ්ව්‍ද ශගොඩඳදකද ිරශඳ්ව්‍ද ශඳාද හැ ිරශඳ්ව්‍ද ිරකකද. ාා ් පූකණශක්ා ප්‍රිරක්ශෂේප ්ව්‍ද. විශ ේෂශක්ා ාා ිරක්් ඕ්න ප්‍ර ථ්ක ිරශඳ්ශ් ද්ධ්‍්ව්‍ක ප්‍රමිිරක පිිබඳඳව්‍ ශ්ොශව්‍යි ිරකකද ගරු ාද්දක තුාිර. විපක්ෂ ්දක තුාද ාදවිත ් ව්‍ච්ව්‍ක ප්‍රමිිරක පිිබඳඳව්‍යි ප්‍ර ථ්ක ිරශඳ්ශ්. ප්‍රමිිරක පිිබඳඳ

ප්‍ර ථ්කට උ්,ත කක් ශ්ොක්් පුළුව්‍් ක්‍රාකක් ිරශඳ්ව්‍ද ් ශහොඳයි ගරු ාද්දක තුාිර.

ගු ජිත් නප්‍රේ දා හරා (ைொண்புைிகு சஜித் பிமரைதொஸ) (The Hon. Sajith Premadasa)

නැඟී සිටින ය. எழுந்தொர். rose.",ගු කාංදන විනේන ේකර හරා විෂ්ලිබල හ බලශ්තිිය අ ාර‍ුර ා) (ைொண்புைிகு கஞ்சன விமஜமசகர - ைின்சக்தி ைற்றும,2023-11-17,2023-11-17-2023-11-17,"ගු කාංදන විනේන ේකර හරා විෂ්ලිබල හ බලශ්තිිය අ ාර‍ුර ා) (ைொண்புைிகு கஞ்சன விமஜமசகர - ைின்சக்தி ைற்றும் வலுசக்தி அமைச்சர்) (The Hon. Kanchana Wijesekera - Minister of Power and Energy) ගරු ාද්දක තුාිර යශය් ිර්ශය් ගරු විපක්ෂ ්දක තුාද විිය් ශ ්ාදශයදී ාද ශ්ොියස් අව්‍්ථාදව්‍ ප්‍ර ද කක් කද ිරබුණද විශ ේෂශක්ා ශ ටට ආ්ක්ක ් කා ද්ධ්‍් ශතොගකක් පිිබඳඳව්‍. මීට ්ිර ශා ට ශප ්, විපක්ෂ ්දක තුාද ව්‍ැිරා ප්‍ර ද කක් ියදු ළද. අව්‍්ථාදශයදී්, අපි පිිබතුරු කඳද දු්්ද විශ ේෂශක්ා ශ ටට ආ්ක්ක ් ද්ධ්‍් ප්‍රමිිරක පිිබඳඳව්‍ ටයුතු ්ශ් ඛිරන ශතල් ශතොග ගඳඩද පකක්තක පකක්තශය් ිරශඳ් පීමක්ෂණදගද ව්‍ලි් පීමක්ෂද ිරීමශා් අ්තුරුව්‍ පාණයි අශටි ද්ධ්‍් ශතොග ශ ොශළෝ්දව්‍ට ශහෝ මුතු දනශව්‍කට ශහෝ ත්‍රිකුණදාකකට ශහා්, ්ැ්,් ශට් ඕ්නා තැ් ට ශගොඩඳද්් ටයුතු ්ශ් ිරකකද.

ගරු ාද්දක තුාිර ඛිරන ශතල් ශතොග ගඳඩද පකක්තශය් ණ්ඩදක විිය් පීමක්ෂණ පව්‍්,ව්‍ද ක ක ිරකශශ කඳද දීකද ිරශඳ්ව්‍ද ශගොඩඳනශ ක්‍රාශයා පිිබඳඳව්‍. ව්‍දශ ා ක්‍රාශයා අනුගා්ක මි් ශ ොශළෝ්දව්‍ට ද්ධ්‍් ශතොග්, ත්‍රිකුණදාකකට ද්ධ්‍් ශතොග්, ශගොඩඳද්් ්ැය ්ාදග ටයුතු කද ිරශඳ්ව්‍ද. ව්‍දශ ා අපි අාදතයදා ක ්හ ආකත්ක ව්‍ ශක් ව්‍ගකීා ග්්ව්‍ද ප්‍රමිිරක පිිබඳඳව්‍ හද අනුකූකතදව්‍ පිිබඳඳව්‍ පීමක්ෂණ කද විත යි අප ටයු්,ත ්ශ් ිරකකද. ිර්ද ාා ්ැව්‍ත ව්‍තදව්‍ක් දල්ලීාක් ්ව්‍ද. විශ ේෂශක්ා ශ ද ණක ාදධ්‍යව්‍ක පළ ශව්‍කද ිරබුණද. අා ාව්‍ශ්ේ නදිර පුව්‍්,ප්,ව්‍ක පළ ශව්‍කද ිරබුණද ඳදක ද්ධ්‍් ශ ටට ආ්ක්ක ිරශඳ්ව්‍ද ශගොඩඳදකද ිරශඳ්ව්‍ද ශඳාද හැ ිරශඳ්ව්‍ද ිරකකද. ාා ් පූකණශක්ා ප්‍රිරක්ශෂේප ්ව්‍ද. විශ ේෂශක්ා ාා ිරක්් ඕ්න ප්‍ර ථ්ක ිරශඳ්ශ් ද්ධ්‍්ව්‍ක ප්‍රමිිරක පිිබඳඳව්‍ ශ්ොශව්‍යි ිරකකද ගරු ාද්දක තුාිර. විපක්ෂ ්දක තුාද ාදවිත ් ව්‍ච්ව්‍ක ප්‍රමිිරක පිිබඳඳව්‍යි ප්‍ර ථ්ක ිරශඳ්ශ්. ප්‍රමිිරක පිිබඳඳ

ප්‍ර ථ්කට උ්,ත කක් ශ්ොක්් පුළුව්‍් ක්‍රාකක් ිරශඳ්ව්‍ද ් ශහොඳයි ගරු ාද්දක තුාිර.

ගු ජිත් නප්‍රේ දා හරා (ைொண்புைிகு சஜித் பிமரைதொஸ) (The Hon. Sajith Premadasa)

නැඟී සිටින ය. எழுந்தொர். rose.",hansard,1.0,1
lk_hansard_2020s,2023-11-17-2023-11-17,2023-11-17,2023-11-17,"Hansard of November 17, 2023",https://www.parliament.lk/en/business-of-parliament/hansards,si-ta-en,https://www.parliament.lk/uploads/documents/hansard/1701515168057680.pdf,2023-11-17-2023-11-17-0034,34,si-ta-en,58a67107e7f7f9e09681920fd3df7caa,4435,"ගරු ාද්දක තුාිර ඛිරන ශතල් ශතොග ගඳඩද පකක්තශය් ණ්ඩදක විිය් පීමක්ෂණ පව්‍්,ව්‍ද ක ක ිරකශශ කඳද දීකද ිරශඳ්ව්‍ද ශගොඩඳනශ ක්‍රාශයා පිිබඳඳව්‍. ව්‍දශ ා ක්‍රාශයා අනුගා්ක මි් ශ ොශළෝ්දව්‍ට ද්ධ්‍් ශතොග්, ත්‍රිකුණදාකකට ද්ධ්‍් ශතොග්, ශගොඩඳද්් ්ැය ්ාදග ටයුතු කද ිරශඳ්ව්‍ද. ව්‍දශ ා අපි අාදතයදා ක ්හ ආකත්ක ව්‍ ශක් ව්‍ගකීා ග්්ව්‍ද ප්‍රමිිරක පිිබඳඳව්‍ හද අනුකූකතදව්‍ පිිබඳඳව්‍ පීමක්ෂණ කද විත යි අප ටයු්,ත ්ශ් ිරකකද. ිර්ද ාා ්ැව්‍ත ව්‍තදව්‍ක් දල්ලීාක් ්ව්‍ද. විශ ේෂශක්ා ශ ද ණක ාදධ්‍යව්‍ක පළ ශව්‍කද ිරබුණද. අා ාව්‍ශ්ේ නදිර පුව්‍්,ප්,ව්‍ක පළ ශව්‍කද ිරබුණද ඳදක ද්ධ්‍් ශ ටට ආ්ක්ක ිරශඳ්ව්‍ද ශගොඩඳදකද ිරශඳ්ව්‍ද ශඳාද හැ ිරශඳ්ව්‍ද ිරකකද. ාා ් පූකණශක්ා ප්‍රිරක්ශෂේප ්ව්‍ද. විශ ේෂශක්ා ාා ිරක්් ඕ්න ප්‍ර ථ්ක ිරශඳ්ශ් ද්ධ්‍්ව්‍ක ප්‍රමිිරක පිිබඳඳව්‍ ශ්ොශව්‍යි ිරකකද ගරු ාද්දක තුාිර. විපක්ෂ ්දක තුාද ාදවිත ් ව්‍ච්ව්‍ක ප්‍රමිිරක පිිබඳඳව්‍යි ප්‍ර ථ්ක ිරශඳ්ශ්. ප්‍රමිිරක පිිබඳඳ

ප්‍ර ථ්කට උ්,ත කක් ශ්ොක්් පුළුව්‍් ක්‍රාකක් ිරශඳ්ව්‍ද ් ශහොඳයි ගරු ාද්දක තුාිර.

ගු ජිත් නප්‍රේ දා හරා (ைொண்புைிகு சஜித் பிமரைதொஸ) (The Hon. Sajith Premadasa)

නැඟී සිටින ය. எழுந்தொர். rose.

ගු කථානායකුර ා (ைொண்புைிகு சபொநொயகர் அவர்கள்) (The Hon. Speaker) ඔඳතුාදශ ිරක ්දාක ිරයශය ශපෞශගලි ්ා ශ්ොශව්‍යි. ගු ජිත් නප්‍රේ දා හරා (ைொண்புைிகு சஜித் பிமரைதொஸ) (The Hon. Sajith Premadasa) ගරු ාද්දක තුාිර ාා ්ැව්‍ත්, ිරක්ව්‍ද ශ ටට ශග්ව්‍පු ද්ධ්‍්ව්‍ලි් ශ ොට්ක් ප්‍රමිිරශක් ශතො ඳව්‍ට ඔටිපු ශව්‍කද ිරශඳ්ව්‍ද ිරකකද. ාා පැහැිරලිව්‍ා අ්තුරු ඇ වීාක් ශළේ. ශ ද්ධ්‍් ශඳාද හැීමා ්ත ිරීමශ අ මුණි් තායි ාා ප්‍ර ද ක දිරිපප්, ශළේ. ශඳොශහොා පැහැිරලිව්‍ ාා ිරක්් ඕ්න. ශ ශට් පදිපශාෝක න්තදව්‍ ශව්‍නුශව්‍් තායි ාා ප්‍ර ද ක ශළේ. පැහැිරලිව්‍ා ාා ිරක්් ැාැිරයි ශ ශට් පදිපශාෝක න්තදව්‍ ගැ් හිතකදයි ශ ශතො තුරු රුණු- ද ණද දිරිපප්, ්ශ් ිරක් .

ගරු ාද්දක තුාිර ගරු ඇාිරතුාද ාද ගැ් ාද ශළෝ, ාට්, උ්,ත ශා්් අව්‍්ථාදව්‍ක් කඳද ශා්් ඕ්න.","ගරු ාද්දක තුාිර ඛිරන ශතල් ශතොග ගඳඩද පකක්තශය් ණ්ඩදක විිය් පීමක්ෂණ පව්‍්,ව්‍ද ක ක ිරකශශ කඳද දීකද ිරශඳ්ව්‍ද ශගොඩඳනශ ක්‍රාශයා පිිබඳඳව්‍. ව්‍දශ ා ක්‍රාශයා අනුගා්ක මි් ශ ොශළෝ්දව්‍ට ද්ධ්‍් ශතොග්, ත්‍රිකුණදාකකට ද්ධ්‍් ශතොග්, ශගොඩඳද්් ්ැය ්ාදග ටයුතු කද ිරශඳ්ව්‍ද. ව්‍දශ ා අපි අාදතයදා ක ්හ ආකත්ක ව්‍ ශක් ව්‍ගකීා ග්්ව්‍ද ප්‍රමිිරක පිිබඳඳව්‍ හද අනුකූකතදව්‍ පිිබඳඳව්‍ පීමක්ෂණ කද විත යි අප ටයු්,ත ්ශ් ිරකකද. ිර්ද ාා ්ැව්‍ත ව්‍තදව්‍ක් දල්ලීාක් ්ව්‍ද. විශ ේෂශක්ා ශ ද ණක ාදධ්‍යව්‍ක පළ ශව්‍කද ිරබුණද. අා ාව්‍ශ්ේ නදිර පුව්‍්,ප්,ව්‍ක පළ ශව්‍කද ිරබුණද ඳදක ද්ධ්‍් ශ ටට ආ්ක්ක ිරශඳ්ව්‍ද ශගොඩඳදකද ිරශඳ්ව්‍ද ශඳාද හැ ිරශඳ්ව්‍ද ිරකකද. ාා ් පූකණශක්ා ප්‍රිරක්ශෂේප ්ව්‍ද. විශ ේෂශක්ා ාා ිරක්් ඕ්න ප්‍ර ථ්ක ිරශඳ්ශ් ද්ධ්‍්ව්‍ක ප්‍රමිිරක පිිබඳඳව්‍ ශ්ොශව්‍යි ිරකකද ගරු ාද්දක තුාිර. විපක්ෂ ්දක තුාද ාදවිත ් ව්‍ච්ව්‍ක ප්‍රමිිරක පිිබඳඳව්‍යි ප්‍ර ථ්ක ිරශඳ්ශ්. ප්‍රමිිරක පිිබඳඳ

ප්‍ර ථ්කට උ්,ත කක් ශ්ොක්් පුළුව්‍් ක්‍රාකක් ිරශඳ්ව්‍ද ් ශහොඳයි ගරු ාද්දක තුාිර.

ගු ජිත් නප්‍රේ දා හරා (ைொண்புைிகு சஜித் பிமரைதொஸ) (The Hon. Sajith Premadasa)

නැඟී සිටින ය. எழுந்தொர். rose.

ගු කථානායකුර ා (ைொண்புைிகு சபொநொயகர் அவர்கள்) (The Hon. Speaker) ඔඳතුාදශ ිරක ්දාක ිරයශය ශපෞශගලි ්ා ශ්ොශව්‍යි. ගු ජිත් නප්‍රේ දා හරා (ைொண்புைிகு சஜித் பிமரைதொஸ) (The Hon. Sajith Premadasa) ගරු ාද්දක තුාිර ාා ්ැව්‍ත්, ිරක්ව්‍ද ශ ටට ශග්ව්‍පු ද්ධ්‍්ව්‍ලි් ශ ොට්ක් ප්‍රමිිරශක් ශතො ඳව්‍ට ඔටිපු ශව්‍කද ිරශඳ්ව්‍ද ිරකකද. ාා පැහැිරලිව්‍ා අ්තුරු ඇ වීාක් ශළේ. ශ ද්ධ්‍් ශඳාද හැීමා ්ත ිරීමශ අ මුණි් තායි ාා ප්‍ර ද ක දිරිපප්, ශළේ. ශඳොශහොා පැහැිරලිව්‍ ාා ිරක්් ඕ්න. ශ ශට් පදිපශාෝක න්තදව්‍ ශව්‍නුශව්‍් තායි ාා ප්‍ර ද ක ශළේ. පැහැිරලිව්‍ා ාා ිරක්් ැාැිරයි ශ ශට් පදිපශාෝක න්තදව්‍ ගැ් හිතකදයි ශ ශතො තුරු රුණු- ද ණද දිරිපප්, ්ශ් ිරක් .

ගරු ාද්දක තුාිර ගරු ඇාිරතුාද ාද ගැ් ාද ශළෝ, ාට්, උ්,ත ශා්් අව්‍්ථාදව්‍ක් කඳද ශා්් ඕ්න.","ගරු ාද්දක තුාිර ඛිරන ශතල් ශතොග ගඳඩද පකක්තශය් ණ්ඩදක විිය් පීමක්ෂණ පව්‍්,ව්‍ද ක ක ිරකශශ කඳද දීකද ිරශඳ්",2023-11-17,2023-11-17-2023-11-17,"ගරු ාද්දක තුාිර ඛිරන ශතල් ශතොග ගඳඩද පකක්තශය් ණ්ඩදක විිය් පීමක්ෂණ පව්‍්,ව්‍ද ක ක ිරකශශ කඳද දීකද ිරශඳ්ව්‍ද ශගොඩඳනශ ක්‍රාශයා පිිබඳඳව්‍. ව්‍දශ ා ක්‍රාශයා අනුගා්ක මි් ශ ොශළෝ්දව්‍ට ද්ධ්‍් ශතොග්, ත්‍රිකුණදාකකට ද්ධ්‍් ශතොග්, ශගොඩඳද්් ්ැය ්ාදග ටයුතු කද ිරශඳ්ව්‍ද. ව්‍දශ ා අපි අාදතයදා ක ්හ ආකත්ක ව්‍ ශක් ව්‍ගකීා ග්්ව්‍ද ප්‍රමිිරක පිිබඳඳව්‍ හද අනුකූකතදව්‍ පිිබඳඳව්‍ පීමක්ෂණ කද විත යි අප ටයු්,ත ්ශ් ිරකකද. ිර්ද ාා ්ැව්‍ත ව්‍තදව්‍ක් දල්ලීාක් ්ව්‍ද. විශ ේෂශක්ා ශ ද ණක ාදධ්‍යව්‍ක පළ ශව්‍කද ිරබුණද. අා ාව්‍ශ්ේ නදිර පුව්‍්,ප්,ව්‍ක පළ ශව්‍කද ිරබුණද ඳදක ද්ධ්‍් ශ ටට ආ්ක්ක ිරශඳ්ව්‍ද ශගොඩඳදකද ිරශඳ්ව්‍ද ශඳාද හැ ිරශඳ්ව්‍ද ිරකකද. ාා ් පූකණශක්ා ප්‍රිරක්ශෂේප ්ව්‍ද. විශ ේෂශක්ා ාා ිරක්් ඕ්න ප්‍ර ථ්ක ිරශඳ්ශ් ද්ධ්‍්ව්‍ක ප්‍රමිිරක පිිබඳඳව්‍ ශ්ොශව්‍යි ිරකකද ගරු ාද්දක තුාිර. විපක්ෂ ්දක තුාද ාදවිත ් ව්‍ච්ව්‍ක ප්‍රමිිරක පිිබඳඳව්‍යි ප්‍ර ථ්ක ිරශඳ්ශ්. ප්‍රමිිරක පිිබඳඳ

ප්‍ර ථ්කට උ්,ත කක් ශ්ොක්් පුළුව්‍් ක්‍රාකක් ිරශඳ්ව්‍ද ් ශහොඳයි ගරු ාද්දක තුාිර.

ගු ජිත් නප්‍රේ දා හරා (ைொண்புைிகு சஜித் பிமரைதொஸ) (The Hon. Sajith Premadasa)

නැඟී සිටින ය. எழுந்தொர். rose.

ගු කථානායකුර ා (ைொண்புைிகு சபொநொயகர் அவர்கள்) (The Hon. Speaker) ඔඳතුාදශ ිරක ්දාක ිරයශය ශපෞශගලි ්ා ශ්ොශව්‍යි. ගු ජිත් නප්‍රේ දා හරා (ைொண்புைிகு சஜித் பிமரைதொஸ) (The Hon. Sajith Premadasa) ගරු ාද්දක තුාිර ාා ්ැව්‍ත්, ිරක්ව්‍ද ශ ටට ශග්ව්‍පු ද්ධ්‍්ව්‍ලි් ශ ොට්ක් ප්‍රමිිරශක් ශතො ඳව්‍ට ඔටිපු ශව්‍කද ිරශඳ්ව්‍ද ිරකකද. ාා පැහැිරලිව්‍ා අ්තුරු ඇ වීාක් ශළේ. ශ ද්ධ්‍් ශඳාද හැීමා ්ත ිරීමශ අ මුණි් තායි ාා ප්‍ර ද ක දිරිපප්, ශළේ. ශඳොශහොා පැහැිරලිව්‍ ාා ිරක්් ඕ්න. ශ ශට් පදිපශාෝක න්තදව්‍ ශව්‍නුශව්‍් තායි ාා ප්‍ර ද ක ශළේ. පැහැිරලිව්‍ා ාා ිරක්් ැාැිරයි ශ ශට් පදිපශාෝක න්තදව්‍ ගැ් හිතකදයි ශ ශතො තුරු රුණු- ද ණද දිරිපප්, ්ශ් ිරක් .

ගරු ාද්දක තුාිර ගරු ඇාිරතුාද ාද ගැ් ාද ශළෝ, ාට්, උ්,ත ශා්් අව්‍්ථාදව්‍ක් කඳද ශා්් ඕ්න.",hansard,1.0,1
lk_hansard_2020s,2023-11-17-2023-11-17,2023-11-17,2023-11-17,"Hansard of November 17, 2023",https://www.parliament.lk/en/business-of-parliament/hansards,si-ta-en,https://www.parliament.lk/uploads/documents/hansard/1701515168057680.pdf,2023-11-17-2023-11-17-0035,35,si-ta-en,07abfc1a263c00d0b476bf5db632ac66,4288,"ගු කථානායකුර ා (ைொண்புைிகு சபொநொயகர் அவர்கள்) (The Hon. Speaker) ඔඳතුාදශ ිරක ්දාක ිරයශය ශපෞශගලි ්ා ශ්ොශව්‍යි. ගු ජිත් නප්‍රේ දා හරා (ைொண்புைிகு சஜித் பிமரைதொஸ) (The Hon. Sajith Premadasa) ගරු ාද්දක තුාිර ාා ්ැව්‍ත්, ිරක්ව්‍ද ශ ටට ශග්ව්‍පු ද්ධ්‍්ව්‍ලි් ශ ොට්ක් ප්‍රමිිරශක් ශතො ඳව්‍ට ඔටිපු ශව්‍කද ිරශඳ්ව්‍ද ිරකකද. ාා පැහැිරලිව්‍ා අ්තුරු ඇ වීාක් ශළේ. ශ ද්ධ්‍් ශඳාද හැීමා ්ත ිරීමශ අ මුණි් තායි ාා ප්‍ර ද ක දිරිපප්, ශළේ. ශඳොශහොා පැහැිරලිව්‍ ාා ිරක්් ඕ්න. ශ ශට් පදිපශාෝක න්තදව්‍ ශව්‍නුශව්‍් තායි ාා ප්‍ර ද ක ශළේ. පැහැිරලිව්‍ා ාා ිරක්් ැාැිරයි ශ ශට් පදිපශාෝක න්තදව්‍ ගැ් හිතකදයි ශ ශතො තුරු රුණු- ද ණද දිරිපප්, ්ශ් ිරක් .

ගරු ාද්දක තුාිර ගරු ඇාිරතුාද ාද ගැ් ාද ශළෝ, ාට්, උ්,ත ශා්් අව්‍්ථාදව්‍ක් කඳද ශා්් ඕ්න.

803 804

පදකලිශ ්තුව්‍

්ැහැ ිරකකද ක ිරිය තී්දුව්‍ක් ග්්ව්‍ද ් ද්ධ්‍් අපි ශගොඩඳනාට දඩ ශා්ශ් ්ැහැ ගරු ාද්දක තුාිර. ප්‍රමිිරශක් ශතො ද්ධ්‍් න්තදව්‍ට ශඳාද හැ ිරශඳ්ව්‍ද ව්‍ැිර ද්ධ්‍් ශගොඩඳදකද ිරශඳ්ව්‍ද ිරකද ගරු විපක්ෂ ්දක තුාද ාතු ් ද ණක ාා ප්‍රිරශ ථෂේප ්ව්‍ද. ප්‍රමිිරශක් ශතො යි ිරකකද ව්‍දකතදව්‍ක් දීකද ්හිර පු ද්ධ්‍් ශතොග ිරියා අව්‍්ථාදව්‍ ශ ටට ශගොඩඳද්් දඩ දීකද ්ැහැ ශඳාද හැීම ටයුතු ්් දඩ දීකද්, ්ැහැ.

ගරු ාද්දක තුාිර පදකලිශ ්තු ව්‍ ප්‍ර්දාව්‍කට මුව්‍ද ශව්‍කද තායි ශාතුා්කද ශ විධිකට ටයුතු ්ශ්. ගරු විපක්ෂ ්දක තුාදට පුළුව්‍් ඕ්න ් අධි ණකට ක්්. ක ිරිය ආ ද කිර් කා ද ඛිරන ශතල් නීිරගත ්ා්ථාදව්‍ කා ද ඛිරන ශතල් ශතොග ගඳඩද පකක්තක ශහෝ ශ ශට් ිරියා ආකත්කක් ප්‍රමිිරකිර් ශතො ද්ධ්‍් ආ්ක්ක ්් ශගොඩඳද්් අව්‍් කඳද දීකද ිරශඳ්ව්‍ද ් කට අාදළව්‍ නීිරාක ටයුතු ්් ිරකකදයි ාා ඔඳතුාදට ිරක්ශ්.

ගු ජිත් නප්‍රේ දා හරා (ைொண்புைிகு சஜித் பிமரைதொஸ) (The Hon. Sajith Premadasa) ගරු ාද්දක තුාිර - ගු කථානායකුර ා (ைொண்புைிகு சபொநொயகர் அவர்கள்) (The Hon. Speaker) ගරු විපක්ෂ ්දක තුාිර ඔඳතුාද ශ්,රු ග්්. ාැ් ශයකදව්‍ ශප ව්‍රු 10.]0යි.","ගු කථානායකුර ා (ைொண்புைிகு சபொநொயகர் அவர்கள்) (The Hon. Speaker) ඔඳතුාදශ ිරක ්දාක ිරයශය ශපෞශගලි ්ා ශ්ොශව්‍යි. ගු ජිත් නප්‍රේ දා හරා (ைொண்புைிகு சஜித் பிமரைதொஸ) (The Hon. Sajith Premadasa) ගරු ාද්දක තුාිර ාා ්ැව්‍ත්, ිරක්ව්‍ද ශ ටට ශග්ව්‍පු ද්ධ්‍්ව්‍ලි් ශ ොට්ක් ප්‍රමිිරශක් ශතො ඳව්‍ට ඔටිපු ශව්‍කද ිරශඳ්ව්‍ද ිරකකද. ාා පැහැිරලිව්‍ා අ්තුරු ඇ වීාක් ශළේ. ශ ද්ධ්‍් ශඳාද හැීමා ්ත ිරීමශ අ මුණි් තායි ාා ප්‍ර ද ක දිරිපප්, ශළේ. ශඳොශහොා පැහැිරලිව්‍ ාා ිරක්් ඕ්න. ශ ශට් පදිපශාෝක න්තදව්‍ ශව්‍නුශව්‍් තායි ාා ප්‍ර ද ක ශළේ. පැහැිරලිව්‍ා ාා ිරක්් ැාැිරයි ශ ශට් පදිපශාෝක න්තදව්‍ ගැ් හිතකදයි ශ ශතො තුරු රුණු- ද ණද දිරිපප්, ්ශ් ිරක් .

ගරු ාද්දක තුාිර ගරු ඇාිරතුාද ාද ගැ් ාද ශළෝ, ාට්, උ්,ත ශා්් අව්‍්ථාදව්‍ක් කඳද ශා්් ඕ්න.

803 804

පදකලිශ ්තුව්‍

්ැහැ ිරකකද ක ිරිය තී්දුව්‍ක් ග්්ව්‍ද ් ද්ධ්‍් අපි ශගොඩඳනාට දඩ ශා්ශ් ්ැහැ ගරු ාද්දක තුාිර. ප්‍රමිිරශක් ශතො ද්ධ්‍් න්තදව්‍ට ශඳාද හැ ිරශඳ්ව්‍ද ව්‍ැිර ද්ධ්‍් ශගොඩඳදකද ිරශඳ්ව්‍ද ිරකද ගරු විපක්ෂ ්දක තුාද ාතු ් ද ණක ාා ප්‍රිරශ ථෂේප ්ව්‍ද. ප්‍රමිිරශක් ශතො යි ිරකකද ව්‍දකතදව්‍ක් දීකද ්හිර පු ද්ධ්‍් ශතොග ිරියා අව්‍්ථාදව්‍ ශ ටට ශගොඩඳද්් දඩ දීකද ්ැහැ ශඳාද හැීම ටයුතු ්් දඩ දීකද්, ්ැහැ.

ගරු ාද්දක තුාිර පදකලිශ ්තු ව්‍ ප්‍ර්දාව්‍කට මුව්‍ද ශව්‍කද තායි ශාතුා්කද ශ විධිකට ටයුතු ්ශ්. ගරු විපක්ෂ ්දක තුාදට පුළුව්‍් ඕ්න ් අධි ණකට ක්්. ක ිරිය ආ ද කිර් කා ද ඛිරන ශතල් නීිරගත ්ා්ථාදව්‍ කා ද ඛිරන ශතල් ශතොග ගඳඩද පකක්තක ශහෝ ශ ශට් ිරියා ආකත්කක් ප්‍රමිිරකිර් ශතො ද්ධ්‍් ආ්ක්ක ්් ශගොඩඳද්් අව්‍් කඳද දීකද ිරශඳ්ව්‍ද ් කට අාදළව්‍ නීිරාක ටයුතු ්් ිරකකදයි ාා ඔඳතුාදට ිරක්ශ්.

ගු ජිත් නප්‍රේ දා හරා (ைொண்புைிகு சஜித் பிமரைதொஸ) (The Hon. Sajith Premadasa) ගරු ාද්දක තුාිර - ගු කථානායකුර ා (ைொண்புைிகு சபொநொயகர் அவர்கள்) (The Hon. Speaker) ගරු විපක්ෂ ්දක තුාිර ඔඳතුාද ශ්,රු ග්්. ාැ් ශයකදව්‍ ශප ව්‍රු 10.]0යි.",ගු කථානායකුර ා (ைொண்புைிகு சபொநொயகர் அவர்கள்) (The Hon. Speaker) ඔඳතුාදශ ිරක ්දාක ිරයශය ශපෞශගලි ්,2023-11-17,2023-11-17-2023-11-17,"ගු කථානායකුර ා (ைொண்புைிகு சபொநொயகர் அவர்கள்) (The Hon. Speaker) ඔඳතුාදශ ිරක ්දාක ිරයශය ශපෞශගලි ්ා ශ්ොශව්‍යි. ගු ජිත් නප්‍රේ දා හරා (ைொண்புைிகு சஜித் பிமரைதொஸ) (The Hon. Sajith Premadasa) ගරු ාද්දක තුාිර ාා ්ැව්‍ත්, ිරක්ව්‍ද ශ ටට ශග්ව්‍පු ද්ධ්‍්ව්‍ලි් ශ ොට්ක් ප්‍රමිිරශක් ශතො ඳව්‍ට ඔටිපු ශව්‍කද ිරශඳ්ව්‍ද ිරකකද. ාා පැහැිරලිව්‍ා අ්තුරු ඇ වීාක් ශළේ. ශ ද්ධ්‍් ශඳාද හැීමා ්ත ිරීමශ අ මුණි් තායි ාා ප්‍ර ද ක දිරිපප්, ශළේ. ශඳොශහොා පැහැිරලිව්‍ ාා ිරක්් ඕ්න. ශ ශට් පදිපශාෝක න්තදව්‍ ශව්‍නුශව්‍් තායි ාා ප්‍ර ද ක ශළේ. පැහැිරලිව්‍ා ාා ිරක්් ැාැිරයි ශ ශට් පදිපශාෝක න්තදව්‍ ගැ් හිතකදයි ශ ශතො තුරු රුණු- ද ණද දිරිපප්, ්ශ් ිරක් .

ගරු ාද්දක තුාිර ගරු ඇාිරතුාද ාද ගැ් ාද ශළෝ, ාට්, උ්,ත ශා්් අව්‍්ථාදව්‍ක් කඳද ශා්් ඕ්න.

803 804

පදකලිශ ්තුව්‍

්ැහැ ිරකකද ක ිරිය තී්දුව්‍ක් ග්්ව්‍ද ් ද්ධ්‍් අපි ශගොඩඳනාට දඩ ශා්ශ් ්ැහැ ගරු ාද්දක තුාිර. ප්‍රමිිරශක් ශතො ද්ධ්‍් න්තදව්‍ට ශඳාද හැ ිරශඳ්ව්‍ද ව්‍ැිර ද්ධ්‍් ශගොඩඳදකද ිරශඳ්ව්‍ද ිරකද ගරු විපක්ෂ ්දක තුාද ාතු ් ද ණක ාා ප්‍රිරශ ථෂේප ්ව්‍ද. ප්‍රමිිරශක් ශතො යි ිරකකද ව්‍දකතදව්‍ක් දීකද ්හිර පු ද්ධ්‍් ශතොග ිරියා අව්‍්ථාදව්‍ ශ ටට ශගොඩඳද්් දඩ දීකද ්ැහැ ශඳාද හැීම ටයුතු ්් දඩ දීකද්, ්ැහැ.

ගරු ාද්දක තුාිර පදකලිශ ්තු ව්‍ ප්‍ර්දාව්‍කට මුව්‍ද ශව්‍කද තායි ශාතුා්කද ශ විධිකට ටයුතු ්ශ්. ගරු විපක්ෂ ්දක තුාදට පුළුව්‍් ඕ්න ් අධි ණකට ක්්. ක ිරිය ආ ද කිර් කා ද ඛිරන ශතල් නීිරගත ්ා්ථාදව්‍ කා ද ඛිරන ශතල් ශතොග ගඳඩද පකක්තක ශහෝ ශ ශට් ිරියා ආකත්කක් ප්‍රමිිරකිර් ශතො ද්ධ්‍් ආ්ක්ක ්් ශගොඩඳද්් අව්‍් කඳද දීකද ිරශඳ්ව්‍ද ් කට අාදළව්‍ නීිරාක ටයුතු ්් ිරකකදයි ාා ඔඳතුාදට ිරක්ශ්.

ගු ජිත් නප්‍රේ දා හරා (ைொண்புைிகு சஜித் பிமரைதொஸ) (The Hon. Sajith Premadasa) ගරු ාද්දක තුාිර - ගු කථානායකුර ා (ைொண்புைிகு சபொநொயகர் அவர்கள்) (The Hon. Speaker) ගරු විපක්ෂ ්දක තුාිර ඔඳතුාද ශ්,රු ග්්. ාැ් ශයකදව්‍ ශප ව්‍රු 10.]0යි.",hansard,1.0,1
lk_hansard_2020s,2023-11-17-2023-11-17,2023-11-17,2023-11-17,"Hansard of November 17, 2023",https://www.parliament.lk/en/business-of-parliament/hansards,si-ta-en,https://www.parliament.lk/uploads/documents/hansard/1701515168057680.pdf,2023-11-17-2023-11-17-0036,36,si-ta-en,9009ed609153cf38dd24076581ce3eff,4795,"ගු ජිත් නප්‍රේ දා හරා (ைொண்புைிகு சஜித் பிமரைதொஸ) (The Hon. Sajith Premadasa) ගරු ාද්දක තුාිර - ගු කථානායකුර ා (ைொண்புைிகு சபொநொயகர் அவர்கள்) (The Hon. Speaker) ගරු විපක්ෂ ්දක තුාිර ඔඳතුාද ශ්,රු ග්්. ාැ් ශයකදව්‍ ශප ව්‍රු 10.]0යි.

ගු කාංදන විනේන ේකර හරා (ைொண்புைிகு கஞ்சன விமஜமசகர) (The Hon. Kanchana Wijesekera) ගරු ාද්දක තුාිර ්ැව්‍ත ව්‍තදව්‍ක් ාා ිරක්ව්‍ද තුාදට ්ැ කක් ිරශඳ්ව්‍ද ් නීිරාක ව්‍ ශක් ටයුතු ්් ිරකකද. තශ ොට අපි අව්‍ ය ලිපි ශල්ඛ් ඔක්ශ ොා දිරිපප්, ්් .

ගු ජිත් නප්‍රේ දා හරා (ைொண்புைிகு சஜித் பிமரைதொஸ) (The Hon. Sajith Premadasa) ගරු ාද්දක තුාිර - ගු කථානායකුර ා (ைொண்புைிகு சபொநொயகர் அவர்கள்) (The Hon. Speaker) ආශක්, විපක්ෂ ්දක තුාද ්ැිනස්්ව්‍ද.

ගු ජිත් නප්‍රේ දා හරා (ைொண்புைிகு சஜித் பிமரைதொஸ) (The Hon. Sajith Premadasa) ගරු ාද්දක තුාිර ාා ශඳොශහොා පැහැිරලිව්‍ ප්‍ර ද ්ව්‍ද ආ්ශාෝක්ද්,ා ියශධිකක් වූ ශ ආ්ක්ක පු ද්ධ්‍් ් ඳ්ධ්‍ශක් ව්‍් පීමක්ෂණ ව්‍දකතද ියකල්ක ශ ගරු ්ාදව්‍ට දිරිපප්, ්් ිරකකද. තශ ොට ඳකද ග්් පුළුව්‍් වුා හිප ව්‍ැශඩ් ශළේ වුා ඳදක ව්‍ැශඩ් ශළේ ිරකකද. ච්ච යි.

ගු නහේකා විරානනේ හරා (ைொண்புைிகு மஹசொ விதொனமக) (The Hon. Hesha Withanage) ගරු ාද්දක තුාිර - ගු කථානායකුර ා (ைொண்புைிகு சபொநொயகர் அவர்கள்) (The Hon. Speaker) ගරු ශහේෂද විතද්ශ ා්ත්‍රීතුාදශ ප්‍ර ථ්ක්, ිරක්්. වි්දඩි ශා ක් ශා්් .

ගු නහේකා විරානනේ හරා (ைொண்புைிகு மஹசொ விதொனமக) (The Hon. Hesha Withanage) ාට වි්දඩික දකකක් ඇිර ගරු ාද්දක තුාිර.

ශ පදකලිශ ්තුශය ශගෞ ව්‍ක ආ ක්ෂද ග්් ා්ත්‍රීතුා්කදශ මිටු ්ාදපිරතුා්කදශ හැියීමා පිිබඳඳව්‍ ාා ාහ ශල් තුමිකශ අව්‍ධ්‍ද්ක ශකොමු ව්‍්ව්‍ද. ාට ාැ් ශ පදකලිශ ්තුශය ිරකධ්‍දිපතුමිකක් ිරයව්‍ද

[මූලා නන අත පරිදි නවත් කරන ලදී.] [அக்கிரொசனக் கட்டமளப்படி அகற்றப்பட்டுள்ளது] [Expunged on the order of the Chair.]

තා්ව්‍ ලිාක ව්‍ ශක් හිා්්කට කක් ළද ිරකකද. තුමික ාැඩි ශචෝා්දව්‍ක් ්ව්‍ද. ශ පිිබඳඳව්‍ පදකලිශ ්තු ා්ත්‍රීව්‍ිපක්ශ ්ා්ාශය් ්ාදපිරතුමිකව්‍්, ාැනුව්‍්, ිරශඳ්ව්‍ද. ශ ශ ත පහ්, තැ් ට කහි් ිරබිකදී්, ් ඳ්ධ්‍ශක් තී්දුව්‍ක් ග්ශ් ්ැ්,ශ්, ඇයි ිරක් ප්‍ර ථ්ක අපට ිරශඳ්ව්‍ද. ා ිර්ද 1]2ව්‍් ්ථාදව්‍ ිරශකෝගශකහි පැහැිරලිව්‍ ිරශඳ් පිපිර ටයුතු ්් ිරකකද ාා ඔඳතුාදශග් ශගෞ ව්‍ශක් දල්ක්ව්‍ද.","ගු ජිත් නප්‍රේ දා හරා (ைொண்புைிகு சஜித் பிமரைதொஸ) (The Hon. Sajith Premadasa) ගරු ාද්දක තුාිර - ගු කථානායකුර ා (ைொண்புைிகு சபொநொயகர் அவர்கள்) (The Hon. Speaker) ගරු විපක්ෂ ්දක තුාිර ඔඳතුාද ශ්,රු ග්්. ාැ් ශයකදව්‍ ශප ව්‍රු 10.]0යි.

ගු කාංදන විනේන ේකර හරා (ைொண்புைிகு கஞ்சன விமஜமசகர) (The Hon. Kanchana Wijesekera) ගරු ාද්දක තුාිර ්ැව්‍ත ව්‍තදව්‍ක් ාා ිරක්ව්‍ද තුාදට ්ැ කක් ිරශඳ්ව්‍ද ් නීිරාක ව්‍ ශක් ටයුතු ්් ිරකකද. තශ ොට අපි අව්‍ ය ලිපි ශල්ඛ් ඔක්ශ ොා දිරිපප්, ්් .

ගු ජිත් නප්‍රේ දා හරා (ைொண்புைிகு சஜித் பிமரைதொஸ) (The Hon. Sajith Premadasa) ගරු ාද්දක තුාිර - ගු කථානායකුර ා (ைொண்புைிகு சபொநொயகர் அவர்கள்) (The Hon. Speaker) ආශක්, විපක්ෂ ්දක තුාද ්ැිනස්්ව්‍ද.

ගු ජිත් නප්‍රේ දා හරා (ைொண்புைிகு சஜித் பிமரைதொஸ) (The Hon. Sajith Premadasa) ගරු ාද්දක තුාිර ාා ශඳොශහොා පැහැිරලිව්‍ ප්‍ර ද ්ව්‍ද ආ්ශාෝක්ද්,ා ියශධිකක් වූ ශ ආ්ක්ක පු ද්ධ්‍් ් ඳ්ධ්‍ශක් ව්‍් පීමක්ෂණ ව්‍දකතද ියකල්ක ශ ගරු ්ාදව්‍ට දිරිපප්, ්් ිරකකද. තශ ොට ඳකද ග්් පුළුව්‍් වුා හිප ව්‍ැශඩ් ශළේ වුා ඳදක ව්‍ැශඩ් ශළේ ිරකකද. ච්ච යි.

ගු නහේකා විරානනේ හරා (ைொண்புைிகு மஹசொ விதொனமக) (The Hon. Hesha Withanage) ගරු ාද්දක තුාිර - ගු කථානායකුර ා (ைொண்புைிகு சபொநொயகர் அவர்கள்) (The Hon. Speaker) ගරු ශහේෂද විතද්ශ ා්ත්‍රීතුාදශ ප්‍ර ථ්ක්, ිරක්්. වි්දඩි ශා ක් ශා්් .

ගු නහේකා විරානනේ හරා (ைொண்புைிகு மஹசொ விதொனமக) (The Hon. Hesha Withanage) ාට වි්දඩික දකකක් ඇිර ගරු ාද්දක තුාිර.

ශ පදකලිශ ්තුශය ශගෞ ව්‍ක ආ ක්ෂද ග්් ා්ත්‍රීතුා්කදශ මිටු ්ාදපිරතුා්කදශ හැියීමා පිිබඳඳව්‍ ාා ාහ ශල් තුමිකශ අව්‍ධ්‍ද්ක ශකොමු ව්‍්ව්‍ද. ාට ාැ් ශ පදකලිශ ්තුශය ිරකධ්‍දිපතුමිකක් ිරයව්‍ද

[මූලා නන අත පරිදි නවත් කරන ලදී.] [அக்கிரொசனக் கட்டமளப்படி அகற்றப்பட்டுள்ளது] [Expunged on the order of the Chair.]

තා්ව්‍ ලිාක ව්‍ ශක් හිා්්කට කක් ළද ිරකකද. තුමික ාැඩි ශචෝා්දව්‍ක් ්ව්‍ද. ශ පිිබඳඳව්‍ පදකලිශ ්තු ා්ත්‍රීව්‍ිපක්ශ ්ා්ාශය් ්ාදපිරතුමිකව්‍්, ාැනුව්‍්, ිරශඳ්ව්‍ද. ශ ශ ත පහ්, තැ් ට කහි් ිරබිකදී්, ් ඳ්ධ්‍ශක් තී්දුව්‍ක් ග්ශ් ්ැ්,ශ්, ඇයි ිරක් ප්‍ර ථ්ක අපට ිරශඳ්ව්‍ද. ා ිර්ද 1]2ව්‍් ්ථාදව්‍ ිරශකෝගශකහි පැහැිරලිව්‍ ිරශඳ් පිපිර ටයුතු ්් ිරකකද ාා ඔඳතුාදශග් ශගෞ ව්‍ශක් දල්ක්ව්‍ද.",ගු ජිත් නප්‍රේ දා හරා (ைொண்புைிகு சஜித் பிமரைதொஸ) (The Hon. Sajith Premadasa) ගරු ාද්දක තුාිර - ගු,2023-11-17,2023-11-17-2023-11-17,"ගු ජිත් නප්‍රේ දා හරා (ைொண்புைிகு சஜித் பிமரைதொஸ) (The Hon. Sajith Premadasa) ගරු ාද්දක තුාිර - ගු කථානායකුර ා (ைொண்புைிகு சபொநொயகர் அவர்கள்) (The Hon. Speaker) ගරු විපක්ෂ ්දක තුාිර ඔඳතුාද ශ්,රු ග්්. ාැ් ශයකදව්‍ ශප ව්‍රු 10.]0යි.

ගු කාංදන විනේන ේකර හරා (ைொண்புைிகு கஞ்சன விமஜமசகர) (The Hon. Kanchana Wijesekera) ගරු ාද්දක තුාිර ්ැව්‍ත ව්‍තදව්‍ක් ාා ිරක්ව්‍ද තුාදට ්ැ කක් ිරශඳ්ව්‍ද ් නීිරාක ව්‍ ශක් ටයුතු ්් ිරකකද. තශ ොට අපි අව්‍ ය ලිපි ශල්ඛ් ඔක්ශ ොා දිරිපප්, ්් .

ගු ජිත් නප්‍රේ දා හරා (ைொண்புைிகு சஜித் பிமரைதொஸ) (The Hon. Sajith Premadasa) ගරු ාද්දක තුාිර - ගු කථානායකුර ා (ைொண்புைிகு சபொநொயகர் அவர்கள்) (The Hon. Speaker) ආශක්, විපක්ෂ ්දක තුාද ්ැිනස්්ව්‍ද.

ගු ජිත් නප්‍රේ දා හරා (ைொண்புைிகு சஜித் பிமரைதொஸ) (The Hon. Sajith Premadasa) ගරු ාද්දක තුාිර ාා ශඳොශහොා පැහැිරලිව්‍ ප්‍ර ද ්ව්‍ද ආ්ශාෝක්ද්,ා ියශධිකක් වූ ශ ආ්ක්ක පු ද්ධ්‍් ් ඳ්ධ්‍ශක් ව්‍් පීමක්ෂණ ව්‍දකතද ියකල්ක ශ ගරු ්ාදව්‍ට දිරිපප්, ්් ිරකකද. තශ ොට ඳකද ග්් පුළුව්‍් වුා හිප ව්‍ැශඩ් ශළේ වුා ඳදක ව්‍ැශඩ් ශළේ ිරකකද. ච්ච යි.

ගු නහේකා විරානනේ හරා (ைொண்புைிகு மஹசொ விதொனமக) (The Hon. Hesha Withanage) ගරු ාද්දක තුාිර - ගු කථානායකුර ා (ைொண்புைிகு சபொநொயகர் அவர்கள்) (The Hon. Speaker) ගරු ශහේෂද විතද්ශ ා්ත්‍රීතුාදශ ප්‍ර ථ්ක්, ිරක්්. වි්දඩි ශා ක් ශා්් .

ගු නහේකා විරානනේ හරා (ைொண்புைிகு மஹசொ விதொனமக) (The Hon. Hesha Withanage) ාට වි්දඩික දකකක් ඇිර ගරු ාද්දක තුාිර.

ශ පදකලිශ ්තුශය ශගෞ ව්‍ක ආ ක්ෂද ග්් ා්ත්‍රීතුා්කදශ මිටු ්ාදපිරතුා්කදශ හැියීමා පිිබඳඳව්‍ ාා ාහ ශල් තුමිකශ අව්‍ධ්‍ද්ක ශකොමු ව්‍්ව්‍ද. ාට ාැ් ශ පදකලිශ ්තුශය ිරකධ්‍දිපතුමිකක් ිරයව්‍ද

[මූලා නන අත පරිදි නවත් කරන ලදී.] [அக்கிரொசனக் கட்டமளப்படி அகற்றப்பட்டுள்ளது] [Expunged on the order of the Chair.]

තා්ව්‍ ලිාක ව්‍ ශක් හිා්්කට කක් ළද ිරකකද. තුමික ාැඩි ශචෝා්දව්‍ක් ්ව්‍ද. ශ පිිබඳඳව්‍ පදකලිශ ්තු ා්ත්‍රීව්‍ිපක්ශ ්ා්ාශය් ්ාදපිරතුමිකව්‍්, ාැනුව්‍්, ිරශඳ්ව්‍ද. ශ ශ ත පහ්, තැ් ට කහි් ිරබිකදී්, ් ඳ්ධ්‍ශක් තී්දුව්‍ක් ග්ශ් ්ැ්,ශ්, ඇයි ිරක් ප්‍ර ථ්ක අපට ිරශඳ්ව්‍ද. ා ිර්ද 1]2ව්‍් ්ථාදව්‍ ිරශකෝගශකහි පැහැිරලිව්‍ ිරශඳ් පිපිර ටයුතු ්් ිරකකද ාා ඔඳතුාදශග් ශගෞ ව්‍ශක් දල්ක්ව්‍ද.",hansard,1.0,1
lk_hansard_2020s,2023-11-17-2023-11-17,2023-11-17,2023-11-17,"Hansard of November 17, 2023",https://www.parliament.lk/en/business-of-parliament/hansards,si-ta-en,https://www.parliament.lk/uploads/documents/hansard/1701515168057680.pdf,2023-11-17-2023-11-17-0037,37,si-ta-en,82c2ad08265decb14b11883dfe671d4e,4126,"තා්ව්‍ ලිාක ව්‍ ශක් හිා්්කට කක් ළද ිරකකද. තුමික ාැඩි ශචෝා්දව්‍ක් ්ව්‍ද. ශ පිිබඳඳව්‍ පදකලිශ ්තු ා්ත්‍රීව්‍ිපක්ශ ්ා්ාශය් ්ාදපිරතුමිකව්‍්, ාැනුව්‍්, ිරශඳ්ව්‍ද. ශ ශ ත පහ්, තැ් ට කහි් ිරබිකදී්, ් ඳ්ධ්‍ශක් තී්දුව්‍ක් ග්ශ් ්ැ්,ශ්, ඇයි ිරක් ප්‍ර ථ්ක අපට ිරශඳ්ව්‍ද. ා ිර්ද 1]2ව්‍් ්ථාදව්‍ ිරශකෝගශකහි පැහැිරලිව්‍ ිරශඳ් පිපිර ටයුතු ්් ිරකකද ාා ඔඳතුාදශග් ශගෞ ව්‍ශක් දල්ක්ව්‍ද.

ගු කථානායකුර ා (ைொண்புைிகு சபொநொயகர் அவர்கள்) (The Hon. Speaker) ගරු විාල් වී ව්‍ා ා්ත්‍රීතුාිර දක්ාිර් ප්‍ර ථ්ක අහ්්. ගු වි ල් වීරවාංශ් හරා (ைொண்புைிகு விைல் வீரவங்ஸ) (The Hon. Wimal Weerawansa) ගරු ාද්දක තුාිර ාා දක්ාිර් ාද ්් . ාා ලි් පු පැහැිරලි ිරීමශ දී ශපොඩි ව්‍ ාක් වුණද. ාා ිරයව්‍ද හිප් ප්‍ර්ද්දු ාැිරතුාද ිරල් වික්‍රාියාහ ාැිරතුාද න්දධිපිර වුණදට ප්ථශ්ේ කහිල්කද ඇාිර ා ග්,තද ිරකකද. ව්‍ැස්ිරයි.

805 806

[ගරු ාච් විශේශ්ේ ාහතද]

202] ශ්ොව්‍ැ ඳක 17

තුාද ඇාිර ා ග්,ශ්, ව්‍ැඩ ඳැිප ශගෝධද ිරකකද තුාදා ිරකපු ශගෝධදාක දනපක්ෂ ාැිරතුාදශ අිර්. ාා ිරව්‍ැ ිර ්් ඕ්න. ්ැ්,් තුාදශ හිත ිපශා්ව්‍ද ශ්.

ගු හාදාර්ය) දරිර නහේරත් හරා (ைொண்புைிகு (மபரொசிொியர்) சொித்த மஹரத்) (The Hon. (Prof.) Charitha Herath) ගරු ාද්දක තුාිර - ගු කථානායකුර ා (ைொண்புைிகு சபொநொயகர் அவர்கள்) (The Hon. Speaker) ගරු (ාහදචදකක) චිපත ශහේ ්, ාැිරතුාද.

ගු හාදාර්ය) දරිර නහේරත් හරා (ைொண்புைிகு (மபரொசிொியர்) சொித்த மஹரத்) (The Hon. (Prof.) Charitha Herath) ගරු ාද්දක තුාිර මූලි ව්‍ ශක් ාා ශ ද ණක ිරක්් ඕ්න. අපි ශ ගරු ්ාදශය ඈත දඳකද ාද ්ශ ොට ඔඳතුාදට ශපශ්්ශ් ්ැිර ශව්‍්් පුළුව්‍්. ා ිර්ද රුණද කද ශ ව්‍දශ ව්‍ැාග්, අව්‍්ථාදව්‍ ්ඳහද ාැිරහ්, ශව්‍්් අපට්, අව්‍්ථාදව්‍ කඳද ශා්්. අපි ්දාද්යශක් න ගහ් අක ශ්ොශව්‍යි.

ගු කථානායකුර ා (ைொண்புைிகு சபொநொயகர் அவர்கள்) (The Hon. Speaker) ද ණක ව්‍ැාග්, ව්‍දශ ා ාැ් ශයකදව්‍ කීකා ිරකකද්, ඔඳතුාද ල්ප්ද ඳක්් ගරු ා්ත්‍රීතුාිර.","තා්ව්‍ ලිාක ව්‍ ශක් හිා්්කට කක් ළද ිරකකද. තුමික ාැඩි ශචෝා්දව්‍ක් ්ව්‍ද. ශ පිිබඳඳව්‍ පදකලිශ ්තු ා්ත්‍රීව්‍ිපක්ශ ්ා්ාශය් ්ාදපිරතුමිකව්‍්, ාැනුව්‍්, ිරශඳ්ව්‍ද. ශ ශ ත පහ්, තැ් ට කහි් ිරබිකදී්, ් ඳ්ධ්‍ශක් තී්දුව්‍ක් ග්ශ් ්ැ්,ශ්, ඇයි ිරක් ප්‍ර ථ්ක අපට ිරශඳ්ව්‍ද. ා ිර්ද 1]2ව්‍් ්ථාදව්‍ ිරශකෝගශකහි පැහැිරලිව්‍ ිරශඳ් පිපිර ටයුතු ්් ිරකකද ාා ඔඳතුාදශග් ශගෞ ව්‍ශක් දල්ක්ව්‍ද.

ගු කථානායකුර ා (ைொண்புைிகு சபொநொயகர் அவர்கள்) (The Hon. Speaker) ගරු විාල් වී ව්‍ා ා්ත්‍රීතුාිර දක්ාිර් ප්‍ර ථ්ක අහ්්. ගු වි ල් වීරවාංශ් හරා (ைொண்புைிகு விைல் வீரவங்ஸ) (The Hon. Wimal Weerawansa) ගරු ාද්දක තුාිර ාා දක්ාිර් ාද ්් . ාා ලි් පු පැහැිරලි ිරීමශ දී ශපොඩි ව්‍ ාක් වුණද. ාා ිරයව්‍ද හිප් ප්‍ර්ද්දු ාැිරතුාද ිරල් වික්‍රාියාහ ාැිරතුාද න්දධිපිර වුණදට ප්ථශ්ේ කහිල්කද ඇාිර ා ග්,තද ිරකකද. ව්‍ැස්ිරයි.

805 806

[ගරු ාච් විශේශ්ේ ාහතද]

202] ශ්ොව්‍ැ ඳක 17

තුාද ඇාිර ා ග්,ශ්, ව්‍ැඩ ඳැිප ශගෝධද ිරකකද තුාදා ිරකපු ශගෝධදාක දනපක්ෂ ාැිරතුාදශ අිර්. ාා ිරව්‍ැ ිර ්් ඕ්න. ්ැ්,් තුාදශ හිත ිපශා්ව්‍ද ශ්.

ගු හාදාර්ය) දරිර නහේරත් හරා (ைொண்புைிகு (மபரொசிொியர்) சொித்த மஹரத்) (The Hon. (Prof.) Charitha Herath) ගරු ාද්දක තුාිර - ගු කථානායකුර ා (ைொண்புைிகு சபொநொயகர் அவர்கள்) (The Hon. Speaker) ගරු (ාහදචදකක) චිපත ශහේ ්, ාැිරතුාද.

ගු හාදාර්ය) දරිර නහේරත් හරා (ைொண்புைிகு (மபரொசிொியர்) சொித்த மஹரத்) (The Hon. (Prof.) Charitha Herath) ගරු ාද්දක තුාිර මූලි ව්‍ ශක් ාා ශ ද ණක ිරක්් ඕ්න. අපි ශ ගරු ්ාදශය ඈත දඳකද ාද ්ශ ොට ඔඳතුාදට ශපශ්්ශ් ්ැිර ශව්‍්් පුළුව්‍්. ා ිර්ද රුණද කද ශ ව්‍දශ ව්‍ැාග්, අව්‍්ථාදව්‍ ්ඳහද ාැිරහ්, ශව්‍්් අපට්, අව්‍්ථාදව්‍ කඳද ශා්්. අපි ්දාද්යශක් න ගහ් අක ශ්ොශව්‍යි.

ගු කථානායකුර ා (ைொண்புைிகு சபொநொயகர் அவர்கள்) (The Hon. Speaker) ද ණක ව්‍ැාග්, ව්‍දශ ා ාැ් ශයකදව්‍ කීකා ිරකකද්, ඔඳතුාද ල්ප්ද ඳක්් ගරු ා්ත්‍රීතුාිර.",තා්ව්‍ ලිාක ව්‍ ශක් හිා්්කට කක් ළද ිරකකද. තුමික ාැඩි ශචෝා්දව්‍ක් ්ව්‍ද. ශ පිිබඳඳව්‍ පදකලිශ ්තු ා්ත්‍,2023-11-17,2023-11-17-2023-11-17,"තා්ව්‍ ලිාක ව්‍ ශක් හිා්්කට කක් ළද ිරකකද. තුමික ාැඩි ශචෝා්දව්‍ක් ්ව්‍ද. ශ පිිබඳඳව්‍ පදකලිශ ්තු ා්ත්‍රීව්‍ිපක්ශ ්ා්ාශය් ්ාදපිරතුමිකව්‍්, ාැනුව්‍්, ිරශඳ්ව්‍ද. ශ ශ ත පහ්, තැ් ට කහි් ිරබිකදී්, ් ඳ්ධ්‍ශක් තී්දුව්‍ක් ග්ශ් ්ැ්,ශ්, ඇයි ිරක් ප්‍ර ථ්ක අපට ිරශඳ්ව්‍ද. ා ිර්ද 1]2ව්‍් ්ථාදව්‍ ිරශකෝගශකහි පැහැිරලිව්‍ ිරශඳ් පිපිර ටයුතු ්් ිරකකද ාා ඔඳතුාදශග් ශගෞ ව්‍ශක් දල්ක්ව්‍ද.

ගු කථානායකුර ා (ைொண்புைிகு சபொநொயகர் அவர்கள்) (The Hon. Speaker) ගරු විාල් වී ව්‍ා ා්ත්‍රීතුාිර දක්ාිර් ප්‍ර ථ්ක අහ්්. ගු වි ල් වීරවාංශ් හරා (ைொண்புைிகு விைல் வீரவங்ஸ) (The Hon. Wimal Weerawansa) ගරු ාද්දක තුාිර ාා දක්ාිර් ාද ්් . ාා ලි් පු පැහැිරලි ිරීමශ දී ශපොඩි ව්‍ ාක් වුණද. ාා ිරයව්‍ද හිප් ප්‍ර්ද්දු ාැිරතුාද ිරල් වික්‍රාියාහ ාැිරතුාද න්දධිපිර වුණදට ප්ථශ්ේ කහිල්කද ඇාිර ා ග්,තද ිරකකද. ව්‍ැස්ිරයි.

805 806

[ගරු ාච් විශේශ්ේ ාහතද]

202] ශ්ොව්‍ැ ඳක 17

තුාද ඇාිර ා ග්,ශ්, ව්‍ැඩ ඳැිප ශගෝධද ිරකකද තුාදා ිරකපු ශගෝධදාක දනපක්ෂ ාැිරතුාදශ අිර්. ාා ිරව්‍ැ ිර ්් ඕ්න. ්ැ්,් තුාදශ හිත ිපශා්ව්‍ද ශ්.

ගු හාදාර්ය) දරිර නහේරත් හරා (ைொண்புைிகு (மபரொசிொியர்) சொித்த மஹரத்) (The Hon. (Prof.) Charitha Herath) ගරු ාද්දක තුාිර - ගු කථානායකුර ා (ைொண்புைிகு சபொநொயகர் அவர்கள்) (The Hon. Speaker) ගරු (ාහදචදකක) චිපත ශහේ ්, ාැිරතුාද.

ගු හාදාර්ය) දරිර නහේරත් හරා (ைொண்புைிகு (மபரொசிொியர்) சொித்த மஹரத்) (The Hon. (Prof.) Charitha Herath) ගරු ාද්දක තුාිර මූලි ව්‍ ශක් ාා ශ ද ණක ිරක්් ඕ්න. අපි ශ ගරු ්ාදශය ඈත දඳකද ාද ්ශ ොට ඔඳතුාදට ශපශ්්ශ් ්ැිර ශව්‍්් පුළුව්‍්. ා ිර්ද රුණද කද ශ ව්‍දශ ව්‍ැාග්, අව්‍්ථාදව්‍ ්ඳහද ාැිරහ්, ශව්‍්් අපට්, අව්‍්ථාදව්‍ කඳද ශා්්. අපි ්දාද්යශක් න ගහ් අක ශ්ොශව්‍යි.

ගු කථානායකුර ා (ைொண்புைிகு சபொநொயகர் அவர்கள்) (The Hon. Speaker) ද ණක ව්‍ැාග්, ව්‍දශ ා ාැ් ශයකදව්‍ කීකා ිරකකද්, ඔඳතුාද ල්ප්ද ඳක්් ගරු ා්ත්‍රීතුාිර.",hansard,1.0,1
lk_hansard_2020s,2023-11-17-2023-11-17,2023-11-17,2023-11-17,"Hansard of November 17, 2023",https://www.parliament.lk/en/business-of-parliament/hansards,si-ta-en,https://www.parliament.lk/uploads/documents/hansard/1701515168057680.pdf,2023-11-17-2023-11-17-0038,38,si-ta-en,d6949ade0934519bc014e3b0b893edbc,4611,"ගු හාදාර්ය) දරිර නහේරත් හරා (ைொண்புைிகு (மபரொசிொியர்) சொித்த மஹரத்) (The Hon. (Prof.) Charitha Herath) ගරු ාද්දක තුාිර මූලි ව්‍ ශක් ාා ශ ද ණක ිරක්් ඕ්න. අපි ශ ගරු ්ාදශය ඈත දඳකද ාද ්ශ ොට ඔඳතුාදට ශපශ්්ශ් ්ැිර ශව්‍්් පුළුව්‍්. ා ිර්ද රුණද කද ශ ව්‍දශ ව්‍ැාග්, අව්‍්ථාදව්‍ ්ඳහද ාැිරහ්, ශව්‍්් අපට්, අව්‍්ථාදව්‍ කඳද ශා්්. අපි ්දාද්යශක් න ගහ් අක ශ්ොශව්‍යි.

ගු කථානායකුර ා (ைொண்புைிகு சபொநொயகர் அவர்கள்) (The Hon. Speaker) ද ණක ව්‍ැාග්, ව්‍දශ ා ාැ් ශයකදව්‍ කීකා ිරකකද්, ඔඳතුාද ල්ප්ද ඳක්් ගරු ා්ත්‍රීතුාිර.

ගු හර්කත රාජකුතා හරා (ைொண்புைிகு ஹர்ஷன ரொஜகருணொ) (The Hon. Harshana Rajakaruna) ගරු ාද්දක තුාිර -

ගු කථානායකුර ා (ைொண்புைிகு சபொநொயகர் அவர்கள்) (The Hon. Speaker) ඔය ගරු හකෂණ දන රුණද ා්ත්‍රීතුාද. ගු හර්කත රාජකුතා හරා (ைொண்புைிகு ஹர்ஷன ரொஜகருணொ) (The Hon. Harshana Rajakaruna) ගරු ාද්දක තුාිර විපක්ෂශය් ා්ත්‍රීතුා්කද ශප ටු ශග් ශ ආකථි ක වි්ද ිරීමා පිිබඳඳව්‍ ශ්ොක්් පදකලිශ ්තු විශ ේෂ ද ්ාදව්‍ක් ප්, ්් ිරකකද ාා ඔඳතුාදශග් දල්ලීාක් ළද. අනුව්‍ තායි ඔඳතුාද පදකලිශ ්තු විශ ේෂ ද ්ාදව්‍ක් ප්, ශළේ. හැඳැයි ශ ශව්‍්ශ ොට අධි ණශක් තී්දුව්‍ක් දීකද ිරශඳ්ව්‍ද දනපක්ෂව්‍රු ඇතුළු ිරකධ්‍දිප් ්ාඛයදව්‍ක් තු ශව්‍කද ශ ට ඳාශ ොශකෝ, ළද ිරකකද.

ගරු ාද්දක තුාිර පදකලිශ ්තු විශ ේෂ ද ්ාදව්‍ අපි ප්, ශළේ ්ශාදව්‍ශක්. හැඳැයි දතද ්ගදටුශව්‍් ශ ද ණක ිරක්් ඕ්න. ඔඳතුාද මිටුශය ්ාදපිරව්‍ කද ශක් ශපොශහොට්ටුශය ාහශල් ව්‍ කද ප්, ළද. ාැ් ශ පදකලිශ ්තු විශ ේෂ ද ්ාදශය මුඛය අ මුණ ශව්‍කද ිරශඳ්ශ් ජීදු හුණු ස් ගදශග් ශගොල්ක් ශබ් ද ග්් . ිර්ද විශ ේෂ ද ්ාදව්‍ ප්, ්් ිරකකද දල්ලීා පු ාහන් ිරශකෝිකතකද හැස්කට ාා ඔඳතුාදශග් ්ැව්‍ත්, දල්ලීාක් ්ව්‍ද පදකලිශ ්තු විශ ේෂ ද ්ාදව්‍ අශහෝිය ්් ිරකකද. ාැ් පදකලිශ ්තු විශ ේෂ ද ්ාදව්‍ අව්‍ ය ්ැහැ. ශාො ා අධි ණක ාැිරහ්, ශව්‍කද ශ ට ඳාශ ොශකෝ, ශව්‍ච්ච ද ණදව්‍ පිිබඳඳව්‍ තී්දුව්‍ දීකද ිරශඳ්ව්‍ද. ිර්ද ජීදු හුණු ගදකද අවුල් ්් දඩ ශා්් පද. ඔඳතුාදශග් දරුණි ව්‍ දල්ලීාක් ්ව්‍ද පදකලිශ ්තු විශ ේෂ ද ්ාදව්‍ තිර ශඳොරුව්‍ක් ශඳොරුව්‍ ්ත ්් ිරකකද.

ශඳොශහොා ්ථතුිරයි. [ඳදධ්‍ද ිරීමාක්]","ගු හාදාර්ය) දරිර නහේරත් හරා (ைொண்புைிகு (மபரொசிொியர்) சொித்த மஹரத்) (The Hon. (Prof.) Charitha Herath) ගරු ාද්දක තුාිර මූලි ව්‍ ශක් ාා ශ ද ණක ිරක්් ඕ්න. අපි ශ ගරු ්ාදශය ඈත දඳකද ාද ්ශ ොට ඔඳතුාදට ශපශ්්ශ් ්ැිර ශව්‍්් පුළුව්‍්. ා ිර්ද රුණද කද ශ ව්‍දශ ව්‍ැාග්, අව්‍්ථාදව්‍ ්ඳහද ාැිරහ්, ශව්‍්් අපට්, අව්‍්ථාදව්‍ කඳද ශා්්. අපි ්දාද්යශක් න ගහ් අක ශ්ොශව්‍යි.

ගු කථානායකුර ා (ைொண்புைிகு சபொநொயகர் அவர்கள்) (The Hon. Speaker) ද ණක ව්‍ැාග්, ව්‍දශ ා ාැ් ශයකදව්‍ කීකා ිරකකද්, ඔඳතුාද ල්ප්ද ඳක්් ගරු ා්ත්‍රීතුාිර.

ගු හර්කත රාජකුතා හරා (ைொண்புைிகு ஹர்ஷன ரொஜகருணொ) (The Hon. Harshana Rajakaruna) ගරු ාද්දක තුාිර -

ගු කථානායකුර ා (ைொண்புைிகு சபொநொயகர் அவர்கள்) (The Hon. Speaker) ඔය ගරු හකෂණ දන රුණද ා්ත්‍රීතුාද. ගු හර්කත රාජකුතා හරා (ைொண்புைிகு ஹர்ஷன ரொஜகருணொ) (The Hon. Harshana Rajakaruna) ගරු ාද්දක තුාිර විපක්ෂශය් ා්ත්‍රීතුා්කද ශප ටු ශග් ශ ආකථි ක වි්ද ිරීමා පිිබඳඳව්‍ ශ්ොක්් පදකලිශ ්තු විශ ේෂ ද ්ාදව්‍ක් ප්, ්් ිරකකද ාා ඔඳතුාදශග් දල්ලීාක් ළද. අනුව්‍ තායි ඔඳතුාද පදකලිශ ්තු විශ ේෂ ද ්ාදව්‍ක් ප්, ශළේ. හැඳැයි ශ ශව්‍්ශ ොට අධි ණශක් තී්දුව්‍ක් දීකද ිරශඳ්ව්‍ද දනපක්ෂව්‍රු ඇතුළු ිරකධ්‍දිප් ්ාඛයදව්‍ක් තු ශව්‍කද ශ ට ඳාශ ොශකෝ, ළද ිරකකද.

ගරු ාද්දක තුාිර පදකලිශ ්තු විශ ේෂ ද ්ාදව්‍ අපි ප්, ශළේ ්ශාදව්‍ශක්. හැඳැයි දතද ්ගදටුශව්‍් ශ ද ණක ිරක්් ඕ්න. ඔඳතුාද මිටුශය ්ාදපිරව්‍ කද ශක් ශපොශහොට්ටුශය ාහශල් ව්‍ කද ප්, ළද. ාැ් ශ පදකලිශ ්තු විශ ේෂ ද ්ාදශය මුඛය අ මුණ ශව්‍කද ිරශඳ්ශ් ජීදු හුණු ස් ගදශග් ශගොල්ක් ශබ් ද ග්් . ිර්ද විශ ේෂ ද ්ාදව්‍ ප්, ්් ිරකකද දල්ලීා පු ාහන් ිරශකෝිකතකද හැස්කට ාා ඔඳතුාදශග් ්ැව්‍ත්, දල්ලීාක් ්ව්‍ද පදකලිශ ්තු විශ ේෂ ද ්ාදව්‍ අශහෝිය ්් ිරකකද. ාැ් පදකලිශ ්තු විශ ේෂ ද ්ාදව්‍ අව්‍ ය ්ැහැ. ශාො ා අධි ණක ාැිරහ්, ශව්‍කද ශ ට ඳාශ ොශකෝ, ශව්‍ච්ච ද ණදව්‍ පිිබඳඳව්‍ තී්දුව්‍ දීකද ිරශඳ්ව්‍ද. ිර්ද ජීදු හුණු ගදකද අවුල් ්් දඩ ශා්් පද. ඔඳතුාදශග් දරුණි ව්‍ දල්ලීාක් ්ව්‍ද පදකලිශ ්තු විශ ේෂ ද ්ාදව්‍ තිර ශඳොරුව්‍ක් ශඳොරුව්‍ ්ත ්් ිරකකද.

ශඳොශහොා ්ථතුිරයි. [ඳදධ්‍ද ිරීමාක්]",ගු හාදාර්ය) දරිර නහේරත් හරා (ைொண்புைிகு (மபரொசிொியர்) சொித்த மஹரத்) (The Hon. (Prof.) Charitha H,2023-11-17,2023-11-17-2023-11-17,"ගු හාදාර්ය) දරිර නහේරත් හරා (ைொண்புைிகு (மபரொசிொியர்) சொித்த மஹரத்) (The Hon. (Prof.) Charitha Herath) ගරු ාද්දක තුාිර මූලි ව්‍ ශක් ාා ශ ද ණක ිරක්් ඕ්න. අපි ශ ගරු ්ාදශය ඈත දඳකද ාද ්ශ ොට ඔඳතුාදට ශපශ්්ශ් ්ැිර ශව්‍්් පුළුව්‍්. ා ිර්ද රුණද කද ශ ව්‍දශ ව්‍ැාග්, අව්‍්ථාදව්‍ ්ඳහද ාැිරහ්, ශව්‍්් අපට්, අව්‍්ථාදව්‍ කඳද ශා්්. අපි ්දාද්යශක් න ගහ් අක ශ්ොශව්‍යි.

ගු කථානායකුර ා (ைொண்புைிகு சபொநொயகர் அவர்கள்) (The Hon. Speaker) ද ණක ව්‍ැාග්, ව්‍දශ ා ාැ් ශයකදව්‍ කීකා ිරකකද්, ඔඳතුාද ල්ප්ද ඳක්් ගරු ා්ත්‍රීතුාිර.

ගු හර්කත රාජකුතා හරා (ைொண்புைிகு ஹர்ஷன ரொஜகருணொ) (The Hon. Harshana Rajakaruna) ගරු ාද්දක තුාිර -

ගු කථානායකුර ා (ைொண்புைிகு சபொநொயகர் அவர்கள்) (The Hon. Speaker) ඔය ගරු හකෂණ දන රුණද ා්ත්‍රීතුාද. ගු හර්කත රාජකුතා හරා (ைொண்புைிகு ஹர்ஷன ரொஜகருணொ) (The Hon. Harshana Rajakaruna) ගරු ාද්දක තුාිර විපක්ෂශය් ා්ත්‍රීතුා්කද ශප ටු ශග් ශ ආකථි ක වි්ද ිරීමා පිිබඳඳව්‍ ශ්ොක්් පදකලිශ ්තු විශ ේෂ ද ්ාදව්‍ක් ප්, ්් ිරකකද ාා ඔඳතුාදශග් දල්ලීාක් ළද. අනුව්‍ තායි ඔඳතුාද පදකලිශ ්තු විශ ේෂ ද ්ාදව්‍ක් ප්, ශළේ. හැඳැයි ශ ශව්‍්ශ ොට අධි ණශක් තී්දුව්‍ක් දීකද ිරශඳ්ව්‍ද දනපක්ෂව්‍රු ඇතුළු ිරකධ්‍දිප් ්ාඛයදව්‍ක් තු ශව්‍කද ශ ට ඳාශ ොශකෝ, ළද ිරකකද.

ගරු ාද්දක තුාිර පදකලිශ ්තු විශ ේෂ ද ්ාදව්‍ අපි ප්, ශළේ ්ශාදව්‍ශක්. හැඳැයි දතද ්ගදටුශව්‍් ශ ද ණක ිරක්් ඕ්න. ඔඳතුාද මිටුශය ්ාදපිරව්‍ කද ශක් ශපොශහොට්ටුශය ාහශල් ව්‍ කද ප්, ළද. ාැ් ශ පදකලිශ ්තු විශ ේෂ ද ්ාදශය මුඛය අ මුණ ශව්‍කද ිරශඳ්ශ් ජීදු හුණු ස් ගදශග් ශගොල්ක් ශබ් ද ග්් . ිර්ද විශ ේෂ ද ්ාදව්‍ ප්, ්් ිරකකද දල්ලීා පු ාහන් ිරශකෝිකතකද හැස්කට ාා ඔඳතුාදශග් ්ැව්‍ත්, දල්ලීාක් ්ව්‍ද පදකලිශ ්තු විශ ේෂ ද ්ාදව්‍ අශහෝිය ්් ිරකකද. ාැ් පදකලිශ ්තු විශ ේෂ ද ්ාදව්‍ අව්‍ ය ්ැහැ. ශාො ා අධි ණක ාැිරහ්, ශව්‍කද ශ ට ඳාශ ොශකෝ, ශව්‍ච්ච ද ණදව්‍ පිිබඳඳව්‍ තී්දුව්‍ දීකද ිරශඳ්ව්‍ද. ිර්ද ජීදු හුණු ගදකද අවුල් ්් දඩ ශා්් පද. ඔඳතුාදශග් දරුණි ව්‍ දල්ලීාක් ්ව්‍ද පදකලිශ ්තු විශ ේෂ ද ්ාදව්‍ තිර ශඳොරුව්‍ක් ශඳොරුව්‍ ්ත ්් ිරකකද.

ශඳොශහොා ්ථතුිරයි. [ඳදධ්‍ද ිරීමාක්]",hansard,1.0,1
lk_hansard_2020s,2023-11-17-2023-11-17,2023-11-17,2023-11-17,"Hansard of November 17, 2023",https://www.parliament.lk/en/business-of-parliament/hansards,si-ta-en,https://www.parliament.lk/uploads/documents/hansard/1701515168057680.pdf,2023-11-17-2023-11-17-0039,39,si-ta-en,ac787286ef3b4dacbc258ea1638af3de,2140,"ගරු ාද්දක තුාිර පදකලිශ ්තු විශ ේෂ ද ්ාදව්‍ අපි ප්, ශළේ ්ශාදව්‍ශක්. හැඳැයි දතද ්ගදටුශව්‍් ශ ද ණක ිරක්් ඕ්න. ඔඳතුාද මිටුශය ්ාදපිරව්‍ කද ශක් ශපොශහොට්ටුශය ාහශල් ව්‍ කද ප්, ළද. ාැ් ශ පදකලිශ ්තු විශ ේෂ ද ්ාදශය මුඛය අ මුණ ශව්‍කද ිරශඳ්ශ් ජීදු හුණු ස් ගදශග් ශගොල්ක් ශබ් ද ග්් . ිර්ද විශ ේෂ ද ්ාදව්‍ ප්, ්් ිරකකද දල්ලීා පු ාහන් ිරශකෝිකතකද හැස්කට ාා ඔඳතුාදශග් ්ැව්‍ත්, දල්ලීාක් ්ව්‍ද පදකලිශ ්තු විශ ේෂ ද ්ාදව්‍ අශහෝිය ්් ිරකකද. ාැ් පදකලිශ ්තු විශ ේෂ ද ්ාදව්‍ අව්‍ ය ්ැහැ. ශාො ා අධි ණක ාැිරහ්, ශව්‍කද ශ ට ඳාශ ොශකෝ, ශව්‍ච්ච ද ණදව්‍ පිිබඳඳව්‍ තී්දුව්‍ දීකද ිරශඳ්ව්‍ද. ිර්ද ජීදු හුණු ගදකද අවුල් ්් දඩ ශා්් පද. ඔඳතුාදශග් දරුණි ව්‍ දල්ලීාක් ්ව්‍ද පදකලිශ ්තු විශ ේෂ ද ්ාදව්‍ තිර ශඳොරුව්‍ක් ශඳොරුව්‍ ්ත ්් ිරකකද.

ශඳොශහොා ්ථතුිරයි. [ඳදධ්‍ද ිරීමාක්]

ගු කථානායකුර ා (ைொண்புைிகு சபொநொயகர் அவர்கள்) (The Hon. Speaker) ගරු හකෂ ා ියල්ව්‍ද ාහතද.

807 808

පදකලිශ ්තුව්‍","ගරු ාද්දක තුාිර පදකලිශ ්තු විශ ේෂ ද ්ාදව්‍ අපි ප්, ශළේ ්ශාදව්‍ශක්. හැඳැයි දතද ්ගදටුශව්‍් ශ ද ණක ිරක්් ඕ්න. ඔඳතුාද මිටුශය ්ාදපිරව්‍ කද ශක් ශපොශහොට්ටුශය ාහශල් ව්‍ කද ප්, ළද. ාැ් ශ පදකලිශ ්තු විශ ේෂ ද ්ාදශය මුඛය අ මුණ ශව්‍කද ිරශඳ්ශ් ජීදු හුණු ස් ගදශග් ශගොල්ක් ශබ් ද ග්් . ිර්ද විශ ේෂ ද ්ාදව්‍ ප්, ්් ිරකකද දල්ලීා පු ාහන් ිරශකෝිකතකද හැස්කට ාා ඔඳතුාදශග් ්ැව්‍ත්, දල්ලීාක් ්ව්‍ද පදකලිශ ්තු විශ ේෂ ද ්ාදව්‍ අශහෝිය ්් ිරකකද. ාැ් පදකලිශ ්තු විශ ේෂ ද ්ාදව්‍ අව්‍ ය ්ැහැ. ශාො ා අධි ණක ාැිරහ්, ශව්‍කද ශ ට ඳාශ ොශකෝ, ශව්‍ච්ච ද ණදව්‍ පිිබඳඳව්‍ තී්දුව්‍ දීකද ිරශඳ්ව්‍ද. ිර්ද ජීදු හුණු ගදකද අවුල් ්් දඩ ශා්් පද. ඔඳතුාදශග් දරුණි ව්‍ දල්ලීාක් ්ව්‍ද පදකලිශ ්තු විශ ේෂ ද ්ාදව්‍ තිර ශඳොරුව්‍ක් ශඳොරුව්‍ ්ත ්් ිරකකද.

ශඳොශහොා ්ථතුිරයි. [ඳදධ්‍ද ිරීමාක්]

ගු කථානායකුර ා (ைொண்புைிகு சபொநொயகர் அவர்கள்) (The Hon. Speaker) ගරු හකෂ ා ියල්ව්‍ද ාහතද.

807 808

පදකලිශ ්තුව්‍","ගරු ාද්දක තුාිර පදකලිශ ්තු විශ ේෂ ද ්ාදව්‍ අපි ප්, ශළේ ්ශාදව්‍ශක්. හැඳැයි දතද ්ගදටුශව්‍් ශ ද ණක ිරක්",2023-11-17,2023-11-17-2023-11-17,"ගරු ාද්දක තුාිර පදකලිශ ්තු විශ ේෂ ද ්ාදව්‍ අපි ප්, ශළේ ්ශාදව්‍ශක්. හැඳැයි දතද ්ගදටුශව්‍් ශ ද ණක ිරක්් ඕ්න. ඔඳතුාද මිටුශය ්ාදපිරව්‍ කද ශක් ශපොශහොට්ටුශය ාහශල් ව්‍ කද ප්, ළද. ාැ් ශ පදකලිශ ්තු විශ ේෂ ද ්ාදශය මුඛය අ මුණ ශව්‍කද ිරශඳ්ශ් ජීදු හුණු ස් ගදශග් ශගොල්ක් ශබ් ද ග්් . ිර්ද විශ ේෂ ද ්ාදව්‍ ප්, ්් ිරකකද දල්ලීා පු ාහන් ිරශකෝිකතකද හැස්කට ාා ඔඳතුාදශග් ්ැව්‍ත්, දල්ලීාක් ්ව්‍ද පදකලිශ ්තු විශ ේෂ ද ්ාදව්‍ අශහෝිය ්් ිරකකද. ාැ් පදකලිශ ්තු විශ ේෂ ද ්ාදව්‍ අව්‍ ය ්ැහැ. ශාො ා අධි ණක ාැිරහ්, ශව්‍කද ශ ට ඳාශ ොශකෝ, ශව්‍ච්ච ද ණදව්‍ පිිබඳඳව්‍ තී්දුව්‍ දීකද ිරශඳ්ව්‍ද. ිර්ද ජීදු හුණු ගදකද අවුල් ්් දඩ ශා්් පද. ඔඳතුාදශග් දරුණි ව්‍ දල්ලීාක් ්ව්‍ද පදකලිශ ්තු විශ ේෂ ද ්ාදව්‍ තිර ශඳොරුව්‍ක් ශඳොරුව්‍ ්ත ්් ිරකකද.

ශඳොශහොා ්ථතුිරයි. [ඳදධ්‍ද ිරීමාක්]

ගු කථානායකුර ා (ைொண்புைிகு சபொநொயகர் அவர்கள்) (The Hon. Speaker) ගරු හකෂ ා ියල්ව්‍ද ාහතද.

807 808

පදකලිශ ්තුව්‍",hansard,1.0,1
lk_hansard_2020s,2023-11-17-2023-11-17,2023-11-17,2023-11-17,"Hansard of November 17, 2023",https://www.parliament.lk/en/business-of-parliament/hansards,si-ta-en,https://www.parliament.lk/uploads/documents/hansard/1701515168057680.pdf,2023-11-17-2023-11-17-0040,40,si-ta-en,7f17111c0ed8c03fe75c2b48e9360e24,4616,"ගරු ාද්දක තුාිර පදකලිශ ්තු විශ ේෂ ද ්ාදව්‍ අපි ප්, ශළේ ්ශාදව්‍ශක්. හැඳැයි දතද ්ගදටුශව්‍් ශ ද ණක ිරක්් ඕ්න. ඔඳතුාද මිටුශය ්ාදපිරව්‍ කද ශක් ශපොශහොට්ටුශය ාහශල් ව්‍ කද ප්, ළද. ාැ් ශ පදකලිශ ්තු විශ ේෂ ද ්ාදශය මුඛය අ මුණ ශව්‍කද ිරශඳ්ශ් ජීදු හුණු ස් ගදශග් ශගොල්ක් ශබ් ද ග්් . ිර්ද විශ ේෂ ද ්ාදව්‍ ප්, ්් ිරකකද දල්ලීා පු ාහන් ිරශකෝිකතකද හැස්කට ාා ඔඳතුාදශග් ්ැව්‍ත්, දල්ලීාක් ්ව්‍ද පදකලිශ ්තු විශ ේෂ ද ්ාදව්‍ අශහෝිය ්් ිරකකද. ාැ් පදකලිශ ්තු විශ ේෂ ද ්ාදව්‍ අව්‍ ය ්ැහැ. ශාො ා අධි ණක ාැිරහ්, ශව්‍කද ශ ට ඳාශ ොශකෝ, ශව්‍ච්ච ද ණදව්‍ පිිබඳඳව්‍ තී්දුව්‍ දීකද ිරශඳ්ව්‍ද. ිර්ද ජීදු හුණු ගදකද අවුල් ්් දඩ ශා්් පද. ඔඳතුාදශග් දරුණි ව්‍ දල්ලීාක් ්ව්‍ද පදකලිශ ්තු විශ ේෂ ද ්ාදව්‍ තිර ශඳොරුව්‍ක් ශඳොරුව්‍ ්ත ්් ිරකකද.

ශඳොශහොා ්ථතුිරයි. [ඳදධ්‍ද ිරීමාක්]

ගු කථානායකුර ා (ைொண்புைிகு சபொநொயகர் அவர்கள்) (The Hon. Speaker) ගරු හකෂ ා ියල්ව්‍ද ාහතද.

807 808

පදකලිශ ්තුව්‍

තව්‍ ද ණකක් ිරශඳ්ව්‍ද ගරු ාද්දක තුාිර. අපි හැශාෝා අශටි ට ඳාශ ොශකෝ, ශව්‍ච්ච හැස් ාද ්ව්‍ද. ට ඳාශ ොශකෝ, ශව්‍්් ලි් ශ ා්ත්‍රීව්‍රු 225ශා්දටා අව්‍ ය වුණද අපි දිරිපශය් ිරශඳ් ශ ගැටලුව්‍ ගැ් විශව්‍්, ්ද ච්ඡදව්‍ක් පව්‍්,ව්‍්්. අපි ාව්‍්ථ ]ක් ිර්ථශ්ේ lunch time ශක්දී ශව්‍ෝටක්ථ ේ ශහෝටකශය් ්් උ්,්දහ ළද. ාව්‍්ථව්‍ක ශපට්‍රල් ඩී්ල් ගණ් ිර්ද පදකලිශ ්තුශය ඳ්ථ ශ උාවික අ ශග් ක්් ාද උ්,්දහ ළද. අ්ිරාට ශාො ක්ා වුශණ් ගරු ාද්දක තුාිර? අ්ිරාට ාට විරුශධ්‍ව්‍ ව්‍ ප්‍ර්දා පිිබඳඳ ශකෝන්දව්‍ක් ශග්දව්‍ද ාද ා ද ්ාදශව්‍් දව්‍්, ්් ිරකකද. ශහා පදකලිශ ්තුව්‍ක් ශ . [ඳදධ්‍ද ිරීමාක්] ාා දක්ාිර් අව්‍්් ්් . ්මු්, ාා ිරක්ශ් ඔඳතුාද ්දධ්‍ද ණ ශක් ශ ියකලු ශශ ගැ් ල්ප්ද ඳක්් ිරකකදයි.

ගු කථානායකුර ා (ைொண்புைிகு சபொநொயகர் அவர்கள்) (The Hon. Speaker) ගරු ා්ත්‍රීතුාිර ්දධ්‍ද ණ ශක් ටයුතු ිරීමා පිිබඳඳව්‍ ්ථාදව්‍ ිරශකෝගව්‍ක 1]1හි ද ්ාද ්ඳහද ශපොදු ීමිරව්‍ක ිරශඳ්ව්‍ද. ්ථාදව්‍ ිරශකෝග 1]2හි්, ්ඳහ්ව්‍ ිරශඳ්ව්‍ද. ශ ් ඳ්ධ්‍ශක් ගත හැිර පිකව්‍ ද ්ාදශය ා්ත්‍රීව්‍රු්ට ගත හැිරයි. ිර්ද අනුව්‍ ටයුතු ්් ිරක් තායි ාශ දල්ලීා.","ගරු ාද්දක තුාිර පදකලිශ ්තු විශ ේෂ ද ්ාදව්‍ අපි ප්, ශළේ ්ශාදව්‍ශක්. හැඳැයි දතද ්ගදටුශව්‍් ශ ද ණක ිරක්් ඕ්න. ඔඳතුාද මිටුශය ්ාදපිරව්‍ කද ශක් ශපොශහොට්ටුශය ාහශල් ව්‍ කද ප්, ළද. ාැ් ශ පදකලිශ ්තු විශ ේෂ ද ්ාදශය මුඛය අ මුණ ශව්‍කද ිරශඳ්ශ් ජීදු හුණු ස් ගදශග් ශගොල්ක් ශබ් ද ග්් . ිර්ද විශ ේෂ ද ්ාදව්‍ ප්, ්් ිරකකද දල්ලීා පු ාහන් ිරශකෝිකතකද හැස්කට ාා ඔඳතුාදශග් ්ැව්‍ත්, දල්ලීාක් ්ව්‍ද පදකලිශ ්තු විශ ේෂ ද ්ාදව්‍ අශහෝිය ්් ිරකකද. ාැ් පදකලිශ ්තු විශ ේෂ ද ්ාදව්‍ අව්‍ ය ්ැහැ. ශාො ා අධි ණක ාැිරහ්, ශව්‍කද ශ ට ඳාශ ොශකෝ, ශව්‍ච්ච ද ණදව්‍ පිිබඳඳව්‍ තී්දුව්‍ දීකද ිරශඳ්ව්‍ද. ිර්ද ජීදු හුණු ගදකද අවුල් ්් දඩ ශා්් පද. ඔඳතුාදශග් දරුණි ව්‍ දල්ලීාක් ්ව්‍ද පදකලිශ ්තු විශ ේෂ ද ්ාදව්‍ තිර ශඳොරුව්‍ක් ශඳොරුව්‍ ්ත ්් ිරකකද.

ශඳොශහොා ්ථතුිරයි. [ඳදධ්‍ද ිරීමාක්]

ගු කථානායකුර ා (ைொண்புைிகு சபொநொயகர் அவர்கள்) (The Hon. Speaker) ගරු හකෂ ා ියල්ව්‍ද ාහතද.

807 808

පදකලිශ ්තුව්‍

තව්‍ ද ණකක් ිරශඳ්ව්‍ද ගරු ාද්දක තුාිර. අපි හැශාෝා අශටි ට ඳාශ ොශකෝ, ශව්‍ච්ච හැස් ාද ්ව්‍ද. ට ඳාශ ොශකෝ, ශව්‍්් ලි් ශ ා්ත්‍රීව්‍රු 225ශා්දටා අව්‍ ය වුණද අපි දිරිපශය් ිරශඳ් ශ ගැටලුව්‍ ගැ් විශව්‍්, ්ද ච්ඡදව්‍ක් පව්‍්,ව්‍්්. අපි ාව්‍්ථ ]ක් ිර්ථශ්ේ lunch time ශක්දී ශව්‍ෝටක්ථ ේ ශහෝටකශය් ්් උ්,්දහ ළද. ාව්‍්ථව්‍ක ශපට්‍රල් ඩී්ල් ගණ් ිර්ද පදකලිශ ්තුශය ඳ්ථ ශ උාවික අ ශග් ක්් ාද උ්,්දහ ළද. අ්ිරාට ශාො ක්ා වුශණ් ගරු ාද්දක තුාිර? අ්ිරාට ාට විරුශධ්‍ව්‍ ව්‍ ප්‍ර්දා පිිබඳඳ ශකෝන්දව්‍ක් ශග්දව්‍ද ාද ා ද ්ාදශව්‍් දව්‍්, ්් ිරකකද. ශහා පදකලිශ ්තුව්‍ක් ශ . [ඳදධ්‍ද ිරීමාක්] ාා දක්ාිර් අව්‍්් ්් . ්මු්, ාා ිරක්ශ් ඔඳතුාද ්දධ්‍ද ණ ශක් ශ ියකලු ශශ ගැ් ල්ප්ද ඳක්් ිරකකදයි.

ගු කථානායකුර ා (ைொண்புைிகு சபொநொயகர் அவர்கள்) (The Hon. Speaker) ගරු ා්ත්‍රීතුාිර ්දධ්‍ද ණ ශක් ටයුතු ිරීමා පිිබඳඳව්‍ ්ථාදව්‍ ිරශකෝගව්‍ක 1]1හි ද ්ාද ්ඳහද ශපොදු ීමිරව්‍ක ිරශඳ්ව්‍ද. ්ථාදව්‍ ිරශකෝග 1]2හි්, ්ඳහ්ව්‍ ිරශඳ්ව්‍ද. ශ ් ඳ්ධ්‍ශක් ගත හැිර පිකව්‍ ද ්ාදශය ා්ත්‍රීව්‍රු්ට ගත හැිරයි. ිර්ද අනුව්‍ ටයුතු ්් ිරක් තායි ාශ දල්ලීා.","ගරු ාද්දක තුාිර පදකලිශ ්තු විශ ේෂ ද ්ාදව්‍ අපි ප්, ශළේ ්ශාදව්‍ශක්. හැඳැයි දතද ්ගදටුශව්‍් ශ ද ණක ිරක්",2023-11-17,2023-11-17-2023-11-17,"ගරු ාද්දක තුාිර පදකලිශ ්තු විශ ේෂ ද ්ාදව්‍ අපි ප්, ශළේ ්ශාදව්‍ශක්. හැඳැයි දතද ්ගදටුශව්‍් ශ ද ණක ිරක්් ඕ්න. ඔඳතුාද මිටුශය ්ාදපිරව්‍ කද ශක් ශපොශහොට්ටුශය ාහශල් ව්‍ කද ප්, ළද. ාැ් ශ පදකලිශ ්තු විශ ේෂ ද ්ාදශය මුඛය අ මුණ ශව්‍කද ිරශඳ්ශ් ජීදු හුණු ස් ගදශග් ශගොල්ක් ශබ් ද ග්් . ිර්ද විශ ේෂ ද ්ාදව්‍ ප්, ්් ිරකකද දල්ලීා පු ාහන් ිරශකෝිකතකද හැස්කට ාා ඔඳතුාදශග් ්ැව්‍ත්, දල්ලීාක් ්ව්‍ද පදකලිශ ්තු විශ ේෂ ද ්ාදව්‍ අශහෝිය ්් ිරකකද. ාැ් පදකලිශ ්තු විශ ේෂ ද ්ාදව්‍ අව්‍ ය ්ැහැ. ශාො ා අධි ණක ාැිරහ්, ශව්‍කද ශ ට ඳාශ ොශකෝ, ශව්‍ච්ච ද ණදව්‍ පිිබඳඳව්‍ තී්දුව්‍ දීකද ිරශඳ්ව්‍ද. ිර්ද ජීදු හුණු ගදකද අවුල් ්් දඩ ශා්් පද. ඔඳතුාදශග් දරුණි ව්‍ දල්ලීාක් ්ව්‍ද පදකලිශ ්තු විශ ේෂ ද ්ාදව්‍ තිර ශඳොරුව්‍ක් ශඳොරුව්‍ ්ත ්් ිරකකද.

ශඳොශහොා ්ථතුිරයි. [ඳදධ්‍ද ිරීමාක්]

ගු කථානායකුර ා (ைொண்புைிகு சபொநொயகர் அவர்கள்) (The Hon. Speaker) ගරු හකෂ ා ියල්ව්‍ද ාහතද.

807 808

පදකලිශ ්තුව්‍

තව්‍ ද ණකක් ිරශඳ්ව්‍ද ගරු ාද්දක තුාිර. අපි හැශාෝා අශටි ට ඳාශ ොශකෝ, ශව්‍ච්ච හැස් ාද ්ව්‍ද. ට ඳාශ ොශකෝ, ශව්‍්් ලි් ශ ා්ත්‍රීව්‍රු 225ශා්දටා අව්‍ ය වුණද අපි දිරිපශය් ිරශඳ් ශ ගැටලුව්‍ ගැ් විශව්‍්, ්ද ච්ඡදව්‍ක් පව්‍්,ව්‍්්. අපි ාව්‍්ථ ]ක් ිර්ථශ්ේ lunch time ශක්දී ශව්‍ෝටක්ථ ේ ශහෝටකශය් ්් උ්,්දහ ළද. ාව්‍්ථව්‍ක ශපට්‍රල් ඩී්ල් ගණ් ිර්ද පදකලිශ ්තුශය ඳ්ථ ශ උාවික අ ශග් ක්් ාද උ්,්දහ ළද. අ්ිරාට ශාො ක්ා වුශණ් ගරු ාද්දක තුාිර? අ්ිරාට ාට විරුශධ්‍ව්‍ ව්‍ ප්‍ර්දා පිිබඳඳ ශකෝන්දව්‍ක් ශග්දව්‍ද ාද ා ද ්ාදශව්‍් දව්‍්, ්් ිරකකද. ශහා පදකලිශ ්තුව්‍ක් ශ . [ඳදධ්‍ද ිරීමාක්] ාා දක්ාිර් අව්‍්් ්් . ්මු්, ාා ිරක්ශ් ඔඳතුාද ්දධ්‍ද ණ ශක් ශ ියකලු ශශ ගැ් ල්ප්ද ඳක්් ිරකකදයි.

ගු කථානායකුර ා (ைொண்புைிகு சபொநொயகர் அவர்கள்) (The Hon. Speaker) ගරු ා්ත්‍රීතුාිර ්දධ්‍ද ණ ශක් ටයුතු ිරීමා පිිබඳඳව්‍ ්ථාදව්‍ ිරශකෝගව්‍ක 1]1හි ද ්ාද ්ඳහද ශපොදු ීමිරව්‍ක ිරශඳ්ව්‍ද. ්ථාදව්‍ ිරශකෝග 1]2හි්, ්ඳහ්ව්‍ ිරශඳ්ව්‍ද. ශ ් ඳ්ධ්‍ශක් ගත හැිර පිකව්‍ ද ්ාදශය ා්ත්‍රීව්‍රු්ට ගත හැිරයි. ිර්ද අනුව්‍ ටයුතු ්් ිරක් තායි ාශ දල්ලීා.",hansard,1.0,1
lk_hansard_2020s,2023-11-17-2023-11-17,2023-11-17,2023-11-17,"Hansard of November 17, 2023",https://www.parliament.lk/en/business-of-parliament/hansards,si-ta-en,https://www.parliament.lk/uploads/documents/hansard/1701515168057680.pdf,2023-11-17-2023-11-17-0041,41,si-ta-en,63627be2785b2f98e8012b4f9855791e,4497,"ගු කථානායකුර ා (ைொண்புைிகு சபொநொயகர் அவர்கள்) (The Hon. Speaker) ගරු ා්ත්‍රීතුාිර ්දධ්‍ද ණ ශක් ටයුතු ිරීමා පිිබඳඳව්‍ ්ථාදව්‍ ිරශකෝගව්‍ක 1]1හි ද ්ාද ්ඳහද ශපොදු ීමිරව්‍ක ිරශඳ්ව්‍ද. ්ථාදව්‍ ිරශකෝග 1]2හි්, ්ඳහ්ව්‍ ිරශඳ්ව්‍ද. ශ ් ඳ්ධ්‍ශක් ගත හැිර පිකව්‍ ද ්ාදශය ා්ත්‍රීව්‍රු්ට ගත හැිරයි. ිර්ද අනුව්‍ ටයුතු ්් ිරක් තායි ාශ දල්ලීා.

ගු කථානායකුර ා (ைொண்புைிகு சபொநொயகர் அவர்கள்) (The Hon. Speaker) ාා ගැ් තී ණකක් ග්් ගරු විපක්ෂ ්දක තුාද. ගු ජිත් නප්‍රේ දා හරා (ைொண்புைிகு சஜித் பிமரைதொஸ) (The Hon. Sajith Premadasa) ්ැහැ ශපොඩ්ඩක් ද්්. ශ ෝටි මිටුශය ්ාදපිර ධු ශය් ශ්ොියස්ක යුතු පුශගකකද අා ්ව්‍් 1.00ට ශ ෝටි මිටුශය ්දාදික ක්ශ ස්්ථවීාක් ැඳව්‍ද ිරශඳ්ව්‍ද. අශටි විපක්ෂශය් ද්්ව්‍ද ශ ෝටි මිටුශය ්දාදික ක් ශක් ටයුතු ් මු්ථලි නදිර ද්ථකද ආගා අාහ් ා්ත්‍රීව්‍රු ශාපළක්. තායි ්ථ. . ාිපක් දක ා්ත්‍රීතුාද ්හ වුෆථ හකී ා්ත්‍රීතුාද. අකට ශ ෝටි මිටුශය ස්්ථවීාට ්හාදක ශව්‍්් ඳැිප ශව්‍කදව්‍ ශ ස්්ථවීා ැඳව්‍ද ිරශඳ්ව්‍ද. ිර්ද ශව්‍කදව්‍ට ශකොාද ිරශඳ් ස්්ථවීා ඔඳතුාද ්ත ්්. තුා්කදට්, ස්්ථවීාට ්් පුළුව්‍් ශව්‍කදව්‍ක් ශා්්. ට ඔඳතුාද ාැ් උ්,ත කක් ශා්්.

ගු කථානායකුර ා (ைொண்புைிகு சபொநொயகர் அவர்கள்) (The Hon. Speaker) ්ඳහද ගත යුතු පිකව්‍ ාා ග්් . ගු ජිත් නප්‍රේ දා හරා (ைொண்புைிகு சஜித் பிமரைதொஸ) (The Hon. Sajith Premadasa) අශ්ක් ද ණදව්‍ ශ යි ගරු ාද්දක තුාිර. ාා අා උශශ ප්‍ර ථ් ශා ක් දිරිපප්, ළද. ක් ක්‍රි ට් ප්‍ර ථ්ක. අශ් ශට් ආකථි ඝදත ප්‍ර ථ්ක. ශ ප්‍ර ථ් ශා ා ටට ව්‍ැාග්,. ශ ප්‍ර ථ්කිර්ව්‍්, අපට පුශගකක් ශව්‍් ්්ට අව්‍ ය ්ැහැ.

හැඳැයි අව්‍්ද් ව්‍ ශක් ාා ශාකක් ිරක්් ැාැිරයි. ශ ගරු ්ාදශය ා්ත්‍රීව්‍රු ගණ්දව්‍ක් ිරයව්‍ද අශටි ටට ක්‍රි ට් අහිමි ශව්‍්් ක්‍රි ට් තහ් ශව්‍්් ක්ව්‍ද ිරකකද. ාා න්දධිපිරව්‍ කද ශග් ්හ ශ ශට් විවිධ්‍ investigative ටයුතු ් ආකත්ව්‍ලි් දල්ලීාක් ්ව්‍ද ශ්‍රී කා දශය ක්‍රි ට් තහ් ්් ිරකකද නදතය්ත ක්‍රි ට් වු්්කකට - International Cricket Council ට - ශ්‍රී කා ද ක්‍රි ට් ආකත්ශක් දල්ලීා ශළේ වුා ිරකකද ශ්ොකද ඳක්් ිරකකද. දල්ලීා පු පුශගකකද තායි අා","ගු කථානායකුර ා (ைொண்புைிகு சபொநொயகர் அவர்கள்) (The Hon. Speaker) ගරු ා්ත්‍රීතුාිර ්දධ්‍ද ණ ශක් ටයුතු ිරීමා පිිබඳඳව්‍ ්ථාදව්‍ ිරශකෝගව්‍ක 1]1හි ද ්ාද ්ඳහද ශපොදු ීමිරව්‍ක ිරශඳ්ව්‍ද. ්ථාදව්‍ ිරශකෝග 1]2හි්, ්ඳහ්ව්‍ ිරශඳ්ව්‍ද. ශ ් ඳ්ධ්‍ශක් ගත හැිර පිකව්‍ ද ්ාදශය ා්ත්‍රීව්‍රු්ට ගත හැිරයි. ිර්ද අනුව්‍ ටයුතු ්් ිරක් තායි ාශ දල්ලීා.

ගු කථානායකුර ා (ைொண்புைிகு சபொநொயகர் அவர்கள்) (The Hon. Speaker) ාා ගැ් තී ණකක් ග්් ගරු විපක්ෂ ්දක තුාද. ගු ජිත් නප්‍රේ දා හරා (ைொண்புைிகு சஜித் பிமரைதொஸ) (The Hon. Sajith Premadasa) ්ැහැ ශපොඩ්ඩක් ද්්. ශ ෝටි මිටුශය ්ාදපිර ධු ශය් ශ්ොියස්ක යුතු පුශගකකද අා ්ව්‍් 1.00ට ශ ෝටි මිටුශය ්දාදික ක්ශ ස්්ථවීාක් ැඳව්‍ද ිරශඳ්ව්‍ද. අශටි විපක්ෂශය් ද්්ව්‍ද ශ ෝටි මිටුශය ්දාදික ක් ශක් ටයුතු ් මු්ථලි නදිර ද්ථකද ආගා අාහ් ා්ත්‍රීව්‍රු ශාපළක්. තායි ්ථ. . ාිපක් දක ා්ත්‍රීතුාද ්හ වුෆථ හකී ා්ත්‍රීතුාද. අකට ශ ෝටි මිටුශය ස්්ථවීාට ්හාදක ශව්‍්් ඳැිප ශව්‍කදව්‍ ශ ස්්ථවීා ැඳව්‍ද ිරශඳ්ව්‍ද. ිර්ද ශව්‍කදව්‍ට ශකොාද ිරශඳ් ස්්ථවීා ඔඳතුාද ්ත ්්. තුා්කදට්, ස්්ථවීාට ්් පුළුව්‍් ශව්‍කදව්‍ක් ශා්්. ට ඔඳතුාද ාැ් උ්,ත කක් ශා්්.

ගු කථානායකුර ා (ைொண்புைிகு சபொநொயகர் அவர்கள்) (The Hon. Speaker) ්ඳහද ගත යුතු පිකව්‍ ාා ග්් . ගු ජිත් නප්‍රේ දා හරා (ைொண்புைிகு சஜித் பிமரைதொஸ) (The Hon. Sajith Premadasa) අශ්ක් ද ණදව්‍ ශ යි ගරු ාද්දක තුාිර. ාා අා උශශ ප්‍ර ථ් ශා ක් දිරිපප්, ළද. ක් ක්‍රි ට් ප්‍ර ථ්ක. අශ් ශට් ආකථි ඝදත ප්‍ර ථ්ක. ශ ප්‍ර ථ් ශා ා ටට ව්‍ැාග්,. ශ ප්‍ර ථ්කිර්ව්‍්, අපට පුශගකක් ශව්‍් ්්ට අව්‍ ය ්ැහැ.

හැඳැයි අව්‍්ද් ව්‍ ශක් ාා ශාකක් ිරක්් ැාැිරයි. ශ ගරු ්ාදශය ා්ත්‍රීව්‍රු ගණ්දව්‍ක් ිරයව්‍ද අශටි ටට ක්‍රි ට් අහිමි ශව්‍්් ක්‍රි ට් තහ් ශව්‍්් ක්ව්‍ද ිරකකද. ාා න්දධිපිරව්‍ කද ශග් ්හ ශ ශට් විවිධ්‍ investigative ටයුතු ් ආකත්ව්‍ලි් දල්ලීාක් ්ව්‍ද ශ්‍රී කා දශය ක්‍රි ට් තහ් ්් ිරකකද නදතය්ත ක්‍රි ට් වු්්කකට - International Cricket Council ට - ශ්‍රී කා ද ක්‍රි ට් ආකත්ශක් දල්ලීා ශළේ වුා ිරකකද ශ්ොකද ඳක්් ිරකකද. දල්ලීා පු පුශගකකද තායි අා",ගු කථානායකුර ා (ைொண்புைிகு சபொநொயகர் அவர்கள்) (The Hon. Speaker) ගරු ා්ත්‍රීතුාිර ්දධ්‍ද ණ ශක් ටය,2023-11-17,2023-11-17-2023-11-17,"ගු කථානායකුර ා (ைொண்புைிகு சபொநொயகர் அவர்கள்) (The Hon. Speaker) ගරු ා්ත්‍රීතුාිර ්දධ්‍ද ණ ශක් ටයුතු ිරීමා පිිබඳඳව්‍ ්ථාදව්‍ ිරශකෝගව්‍ක 1]1හි ද ්ාද ්ඳහද ශපොදු ීමිරව්‍ක ිරශඳ්ව්‍ද. ්ථාදව්‍ ිරශකෝග 1]2හි්, ්ඳහ්ව්‍ ිරශඳ්ව්‍ද. ශ ් ඳ්ධ්‍ශක් ගත හැිර පිකව්‍ ද ්ාදශය ා්ත්‍රීව්‍රු්ට ගත හැිරයි. ිර්ද අනුව්‍ ටයුතු ්් ිරක් තායි ාශ දල්ලීා.

ගු කථානායකුර ා (ைொண்புைிகு சபொநொயகர் அவர்கள்) (The Hon. Speaker) ාා ගැ් තී ණකක් ග්් ගරු විපක්ෂ ්දක තුාද. ගු ජිත් නප්‍රේ දා හරා (ைொண்புைிகு சஜித் பிமரைதொஸ) (The Hon. Sajith Premadasa) ්ැහැ ශපොඩ්ඩක් ද්්. ශ ෝටි මිටුශය ්ාදපිර ධු ශය් ශ්ොියස්ක යුතු පුශගකකද අා ්ව්‍් 1.00ට ශ ෝටි මිටුශය ්දාදික ක්ශ ස්්ථවීාක් ැඳව්‍ද ිරශඳ්ව්‍ද. අශටි විපක්ෂශය් ද්්ව්‍ද ශ ෝටි මිටුශය ්දාදික ක් ශක් ටයුතු ් මු්ථලි නදිර ද්ථකද ආගා අාහ් ා්ත්‍රීව්‍රු ශාපළක්. තායි ්ථ. . ාිපක් දක ා්ත්‍රීතුාද ්හ වුෆථ හකී ා්ත්‍රීතුාද. අකට ශ ෝටි මිටුශය ස්්ථවීාට ්හාදක ශව්‍්් ඳැිප ශව්‍කදව්‍ ශ ස්්ථවීා ැඳව්‍ද ිරශඳ්ව්‍ද. ිර්ද ශව්‍කදව්‍ට ශකොාද ිරශඳ් ස්්ථවීා ඔඳතුාද ්ත ්්. තුා්කදට්, ස්්ථවීාට ්් පුළුව්‍් ශව්‍කදව්‍ක් ශා්්. ට ඔඳතුාද ාැ් උ්,ත කක් ශා්්.

ගු කථානායකුර ා (ைொண்புைிகு சபொநொயகர் அவர்கள்) (The Hon. Speaker) ්ඳහද ගත යුතු පිකව්‍ ාා ග්් . ගු ජිත් නප්‍රේ දා හරා (ைொண்புைிகு சஜித் பிமரைதொஸ) (The Hon. Sajith Premadasa) අශ්ක් ද ණදව්‍ ශ යි ගරු ාද්දක තුාිර. ාා අා උශශ ප්‍ර ථ් ශා ක් දිරිපප්, ළද. ක් ක්‍රි ට් ප්‍ර ථ්ක. අශ් ශට් ආකථි ඝදත ප්‍ර ථ්ක. ශ ප්‍ර ථ් ශා ා ටට ව්‍ැාග්,. ශ ප්‍ර ථ්කිර්ව්‍්, අපට පුශගකක් ශව්‍් ්්ට අව්‍ ය ්ැහැ.

හැඳැයි අව්‍්ද් ව්‍ ශක් ාා ශාකක් ිරක්් ැාැිරයි. ශ ගරු ්ාදශය ා්ත්‍රීව්‍රු ගණ්දව්‍ක් ිරයව්‍ද අශටි ටට ක්‍රි ට් අහිමි ශව්‍්් ක්‍රි ට් තහ් ශව්‍්් ක්ව්‍ද ිරකකද. ාා න්දධිපිරව්‍ කද ශග් ්හ ශ ශට් විවිධ්‍ investigative ටයුතු ් ආකත්ව්‍ලි් දල්ලීාක් ්ව්‍ද ශ්‍රී කා දශය ක්‍රි ට් තහ් ්් ිරකකද නදතය්ත ක්‍රි ට් වු්්කකට - International Cricket Council ට - ශ්‍රී කා ද ක්‍රි ට් ආකත්ශක් දල්ලීා ශළේ වුා ිරකකද ශ්ොකද ඳක්් ිරකකද. දල්ලීා පු පුශගකකද තායි අා",hansard,1.0,1
lk_hansard_2020s,2023-11-17-2023-11-17,2023-11-17,2023-11-17,"Hansard of November 17, 2023",https://www.parliament.lk/en/business-of-parliament/hansards,si-ta-en,https://www.parliament.lk/uploads/documents/hansard/1701515168057680.pdf,2023-11-17-2023-11-17-0042,42,si-ta-en,ac806cf849f218d16cbd03158b0be685,3482,"හැඳැයි අව්‍්ද් ව්‍ ශක් ාා ශාකක් ිරක්් ැාැිරයි. ශ ගරු ්ාදශය ා්ත්‍රීව්‍රු ගණ්දව්‍ක් ිරයව්‍ද අශටි ටට ක්‍රි ට් අහිමි ශව්‍්් ක්‍රි ට් තහ් ශව්‍්් ක්ව්‍ද ිරකකද. ාා න්දධිපිරව්‍ කද ශග් ්හ ශ ශට් විවිධ්‍ investigative ටයුතු ් ආකත්ව්‍ලි් දල්ලීාක් ්ව්‍ද ශ්‍රී කා දශය ක්‍රි ට් තහ් ්් ිරකකද නදතය්ත ක්‍රි ට් වු්්කකට - International Cricket Council ට - ශ්‍රී කා ද ක්‍රි ට් ආකත්ශක් දල්ලීා ශළේ වුා ිරකකද ශ්ොකද ඳක්් ිරකකද. දල්ලීා පු පුශගකකද තායි අා

[මූලා නන අත පරිදි නවත් කරන ලදී.] [அக்கிரொசனக் கட்டமளப்படி அகற்றப்பட்டுள்ளது] [Expunged on the order of the Chair.] ආණ්ඩුව්‍්, ව්‍ග ිරක්්ට ඕ්න. ක්‍රි ට් තහ්ා කැබුශණ් ICC ශ ් පු දල්ලීාක් පිපිර. දල්ලීා ශළේ ශ්‍රී කා ද ක්‍රි ට් ආකත්ශය් ප්‍රධ්‍දනී්. Zoom ්ද ච්ඡදව්‍ිර් ියශධ්‍ වුණද. ාා ශඳොරුව්‍ක් ිරක්ව්‍ද ් Zoom ්ද ච්ඡදව්‍ට ්හාදක වූ පදිර්ථතද්ක ිරශකෝන්ක ළ Pakistan Cricket Board ශක් ිරශකෝිකතව්‍ කදශග් අහ්් පුළුව්‍් ශ්‍රී කා දව්‍ ිරශකෝන්ක

809 810

202] ශ්ොව්‍ැ ඳක 17

පු ිරශකෝිකතව්‍ කද International Cricket Council ශ ් ශ්‍රී කා දශය ක්‍රි ට් තහ් ිරීමා පිිබඳඳව්‍ රුණු- ද ණද දිරිපප්, ළදා ්ැශා ිරක් ද ණදව්‍. ිර්ද ශ්‍රී කා ද ක්‍රි ට් තහ්ාට ව්‍ග ිරක්් ඕ්න ශ්‍රී කා ද ක්‍රි ට් ආකත්ක ිර්

[මූලා නන අත පරිදි නවත් කරන ලදී.] [அக்கிரொசனக் கட்டமளப்படி அகற்றப்பட்டுள்ளது] [Expunged on the order of the Chair.] ශ ආණ්ඩුව්‍යි ිරක් ාා ශ අව්‍්ථාදශය ප්‍ර ද ්ව්‍ද.

ගු ලලිත් එල්ලාවල හරා (ைொண்புைிகு லலித் எல்லொவல) (The Hon. Lalith Ellawala) ගරු ාද්දක තුාිර - ගු කථානායකුර ා (ைொண்புைிகு சபொநொயகர் அவர்கள்) (The Hon. Speaker) ගරු කලි්, ල්කදව්‍ක ා්ත්‍රීතුාද ශාො ක්ා ිරක්ශ්? දක්ා්ට ිරක්්.","හැඳැයි අව්‍්ද් ව්‍ ශක් ාා ශාකක් ිරක්් ැාැිරයි. ශ ගරු ්ාදශය ා්ත්‍රීව්‍රු ගණ්දව්‍ක් ිරයව්‍ද අශටි ටට ක්‍රි ට් අහිමි ශව්‍්් ක්‍රි ට් තහ් ශව්‍්් ක්ව්‍ද ිරකකද. ාා න්දධිපිරව්‍ කද ශග් ්හ ශ ශට් විවිධ්‍ investigative ටයුතු ් ආකත්ව්‍ලි් දල්ලීාක් ්ව්‍ද ශ්‍රී කා දශය ක්‍රි ට් තහ් ්් ිරකකද නදතය්ත ක්‍රි ට් වු්්කකට - International Cricket Council ට - ශ්‍රී කා ද ක්‍රි ට් ආකත්ශක් දල්ලීා ශළේ වුා ිරකකද ශ්ොකද ඳක්් ිරකකද. දල්ලීා පු පුශගකකද තායි අා

[මූලා නන අත පරිදි නවත් කරන ලදී.] [அக்கிரொசனக் கட்டமளப்படி அகற்றப்பட்டுள்ளது] [Expunged on the order of the Chair.] ආණ්ඩුව්‍්, ව්‍ග ිරක්්ට ඕ්න. ක්‍රි ට් තහ්ා කැබුශණ් ICC ශ ් පු දල්ලීාක් පිපිර. දල්ලීා ශළේ ශ්‍රී කා ද ක්‍රි ට් ආකත්ශය් ප්‍රධ්‍දනී්. Zoom ්ද ච්ඡදව්‍ිර් ියශධ්‍ වුණද. ාා ශඳොරුව්‍ක් ිරක්ව්‍ද ් Zoom ්ද ච්ඡදව්‍ට ්හාදක වූ පදිර්ථතද්ක ිරශකෝන්ක ළ Pakistan Cricket Board ශක් ිරශකෝිකතව්‍ කදශග් අහ්් පුළුව්‍් ශ්‍රී කා දව්‍ ිරශකෝන්ක

809 810

202] ශ්ොව්‍ැ ඳක 17

පු ිරශකෝිකතව්‍ කද International Cricket Council ශ ් ශ්‍රී කා දශය ක්‍රි ට් තහ් ිරීමා පිිබඳඳව්‍ රුණු- ද ණද දිරිපප්, ළදා ්ැශා ිරක් ද ණදව්‍. ිර්ද ශ්‍රී කා ද ක්‍රි ට් තහ්ාට ව්‍ග ිරක්් ඕ්න ශ්‍රී කා ද ක්‍රි ට් ආකත්ක ිර්

[මූලා නන අත පරිදි නවත් කරන ලදී.] [அக்கிரொசனக் கட்டமளப்படி அகற்றப்பட்டுள்ளது] [Expunged on the order of the Chair.] ශ ආණ්ඩුව්‍යි ිරක් ාා ශ අව්‍්ථාදශය ප්‍ර ද ්ව්‍ද.

ගු ලලිත් එල්ලාවල හරා (ைொண்புைிகு லலித் எல்லொவல) (The Hon. Lalith Ellawala) ගරු ාද්දක තුාිර - ගු කථානායකුර ා (ைொண்புைிகு சபொநொயகர் அவர்கள்) (The Hon. Speaker) ගරු කලි්, ල්කදව්‍ක ා්ත්‍රීතුාද ශාො ක්ා ිරක්ශ්? දක්ා්ට ිරක්්.",හැඳැයි අව්‍්ද් ව්‍ ශක් ාා ශාකක් ිරක්් ැාැිරයි. ශ ගරු ්ාදශය ා්ත්‍රීව්‍රු ගණ්දව්‍ක් ිරයව්‍ද අශටි ටට ක්,2023-11-17,2023-11-17-2023-11-17,"හැඳැයි අව්‍්ද් ව්‍ ශක් ාා ශාකක් ිරක්් ැාැිරයි. ශ ගරු ්ාදශය ා්ත්‍රීව්‍රු ගණ්දව්‍ක් ිරයව්‍ද අශටි ටට ක්‍රි ට් අහිමි ශව්‍්් ක්‍රි ට් තහ් ශව්‍්් ක්ව්‍ද ිරකකද. ාා න්දධිපිරව්‍ කද ශග් ්හ ශ ශට් විවිධ්‍ investigative ටයුතු ් ආකත්ව්‍ලි් දල්ලීාක් ්ව්‍ද ශ්‍රී කා දශය ක්‍රි ට් තහ් ්් ිරකකද නදතය්ත ක්‍රි ට් වු්්කකට - International Cricket Council ට - ශ්‍රී කා ද ක්‍රි ට් ආකත්ශක් දල්ලීා ශළේ වුා ිරකකද ශ්ොකද ඳක්් ිරකකද. දල්ලීා පු පුශගකකද තායි අා

[මූලා නන අත පරිදි නවත් කරන ලදී.] [அக்கிரொசனக் கட்டமளப்படி அகற்றப்பட்டுள்ளது] [Expunged on the order of the Chair.] ආණ්ඩුව්‍්, ව්‍ග ිරක්්ට ඕ්න. ක්‍රි ට් තහ්ා කැබුශණ් ICC ශ ් පු දල්ලීාක් පිපිර. දල්ලීා ශළේ ශ්‍රී කා ද ක්‍රි ට් ආකත්ශය් ප්‍රධ්‍දනී්. Zoom ්ද ච්ඡදව්‍ිර් ියශධ්‍ වුණද. ාා ශඳොරුව්‍ක් ිරක්ව්‍ද ් Zoom ්ද ච්ඡදව්‍ට ්හාදක වූ පදිර්ථතද්ක ිරශකෝන්ක ළ Pakistan Cricket Board ශක් ිරශකෝිකතව්‍ කදශග් අහ්් පුළුව්‍් ශ්‍රී කා දව්‍ ිරශකෝන්ක

809 810

202] ශ්ොව්‍ැ ඳක 17

පු ිරශකෝිකතව්‍ කද International Cricket Council ශ ් ශ්‍රී කා දශය ක්‍රි ට් තහ් ිරීමා පිිබඳඳව්‍ රුණු- ද ණද දිරිපප්, ළදා ්ැශා ිරක් ද ණදව්‍. ිර්ද ශ්‍රී කා ද ක්‍රි ට් තහ්ාට ව්‍ග ිරක්් ඕ්න ශ්‍රී කා ද ක්‍රි ට් ආකත්ක ිර්

[මූලා නන අත පරිදි නවත් කරන ලදී.] [அக்கிரொசனக் கட்டமளப்படி அகற்றப்பட்டுள்ளது] [Expunged on the order of the Chair.] ශ ආණ්ඩුව්‍යි ිරක් ාා ශ අව්‍්ථාදශය ප්‍ර ද ්ව්‍ද.

ගු ලලිත් එල්ලාවල හරා (ைொண்புைிகு லலித் எல்லொவல) (The Hon. Lalith Ellawala) ගරු ාද්දක තුාිර - ගු කථානායකුර ා (ைொண்புைிகு சபொநொயகர் அவர்கள்) (The Hon. Speaker) ගරු කලි්, ල්කදව්‍ක ා්ත්‍රීතුාද ශාො ක්ා ිරක්ශ්? දක්ා්ට ිරක්්.",hansard,1.0,1
lk_hansard_2020s,2023-11-17-2023-11-17,2023-11-17,2023-11-17,"Hansard of November 17, 2023",https://www.parliament.lk/en/business-of-parliament/hansards,si-ta-en,https://www.parliament.lk/uploads/documents/hansard/1701515168057680.pdf,2023-11-17-2023-11-17-0043,43,si-ta-en,ac292d71e09bfde46fc4d1015251d27f,4058,"ගු ලලිත් එල්ලාවල හරා (ைொண்புைிகு லலித் எல்லொவல) (The Hon. Lalith Ellawala) ගරු ාද්දක තුාිර - ගු කථානායකුර ා (ைொண்புைிகு சபொநொயகர் அவர்கள்) (The Hon. Speaker) ගරු කලි්, ල්කදව්‍ක ා්ත්‍රීතුාද ශාො ක්ා ිරක්ශ්? දක්ා්ට ිරක්්.

ගු කථානායකුර ා (ைொண்புைிகு சபொநொயகர் அவர்கள்) (The Hon. Speaker) ශඳොශහොා ්ථතුිරයි ගරු ා්ත්‍රීතුාිර. වි්ථත ව්‍ැඩියි. ඔඳතුාදශ ප්‍ර ථ්කට යළ ව්‍තදශය පිිබතුරු කඳද ශායි.

ගු නම්ජර්) සුදර්ශ්න නදනිිළටිය හරා (ைொண்புைிகு (மைஜர்) சுதர்ஷன ததனிபிடிய) (The Hon. (Major) Sudarshana Denipitiya) ගරු ාද්දක තුාිර,- ගු කථානායකුර ා (ைொண்புைிகு சபொநொயகர் அவர்கள்) (The Hon. Speaker) ඔය ගරු ජීාක ් ශාිරපිස්ක ා්ත්‍රීතුාද.

ගු නම්ජර්) සුදර්ශ්න නදනිිළටිය හරා (ைொண்புைிகு (மைஜர்) சுதர்ஷன ததனிபிடிய) (The Hon. (Major) Sudarshana Denipitiya) ගරු ාද්දක තුාිර, UNESCO අධ්‍යක්ෂ ාණ්ඩකකට අශටි අධ්‍යදප් අාදතය ගරු ජීියල් ශප්‍රේානක්ත ාැිරතුාද ප්, ශව්‍කද

ිරශඳ්ව්‍ද. 202].11.15ව්‍ැිර ිර් ප්‍රා ශය් පැිප්ථ නුව්‍ පිහිස් UNESCO මූක්ථාද්ශය් පැව්‍ැිර අධ්‍යක්ෂ ාණ්ඩකක ්ඳහද ව්‍් ඡ්ා විාසීශ දී UNESCO අධ්‍යක්ෂ ාණ්ඩකකට ශ්‍රී කා දව්‍ ශව්‍නුශව්‍් දිරිපප්, වූ අධ්‍යදප් අාදතය ගරු ජීියල් ශප්‍රේානක්ත ාැිරතුාද ඡ්ා හිමි ටව්‍ල් 188් 144 - ියකකට 76 ප්‍රිර තකක් ්හිතව්‍ - ඡ්ා කඳදශග් ආියකදනු ද්ිර කදපශක් ශ්,ීම ප්, ශව්‍කද ිරශඳ්ව්‍ද. අනුව්‍ 2024 ියට 2027 ාක්ව්‍ද UNESCO අධ්‍යක්ෂ ාණ්ඩකක ිරශකෝන්ක ිරීමාට ශ්‍රී කා දව්‍ට අව්‍්ථාදව්‍ හිමි ශව්‍කද ිරශඳ්ව්‍ද. ශාතුාද මීට ශප අධ්‍යදප් අාදතයව්‍ කද ව්‍ ශක් ියස්කදී්, - 2008 ව්‍කෂශය්දී්, - ශ ්ඳහද දිරිපප්, වූ අත ශාව්‍ ශාව්‍් ව්‍තදව්‍ට්, UNESCO අධ්‍යක්ෂ ාණ්ඩකකට ශ්,ීම ප්, ශව්‍කද ිරශඳ්ව්‍ද. අශටි ාදතෘ භූමික ිරශකෝන්ක මි් ශක් ශ්,ීම ප්,වීා ගැ් අශටි ශුාදශිා්් තුාදට පිිප්ා්ව්‍ද. තව්‍්, ටක් ්ා තායි ශ්,ීම ප්, වී ිරශඳ්ශ්. ිර්ද ගරු ජීියල් ශප්‍රේානක්ත ඇාිරතුාදට අශටි ශුාදශිා්් පිිප්ා්ව්‍ද.","ගු ලලිත් එල්ලාවල හරා (ைொண்புைிகு லலித் எல்லொவல) (The Hon. Lalith Ellawala) ගරු ාද්දක තුාිර - ගු කථානායකුර ා (ைொண்புைிகு சபொநொயகர் அவர்கள்) (The Hon. Speaker) ගරු කලි්, ල්කදව්‍ක ා්ත්‍රීතුාද ශාො ක්ා ිරක්ශ්? දක්ා්ට ිරක්්.

ගු කථානායකුර ා (ைொண்புைிகு சபொநொயகர் அவர்கள்) (The Hon. Speaker) ශඳොශහොා ්ථතුිරයි ගරු ා්ත්‍රීතුාිර. වි්ථත ව්‍ැඩියි. ඔඳතුාදශ ප්‍ර ථ්කට යළ ව්‍තදශය පිිබතුරු කඳද ශායි.

ගු නම්ජර්) සුදර්ශ්න නදනිිළටිය හරා (ைொண்புைிகு (மைஜர்) சுதர்ஷன ததனிபிடிய) (The Hon. (Major) Sudarshana Denipitiya) ගරු ාද්දක තුාිර,- ගු කථානායකුර ා (ைொண்புைிகு சபொநொயகர் அவர்கள்) (The Hon. Speaker) ඔය ගරු ජීාක ් ශාිරපිස්ක ා්ත්‍රීතුාද.

ගු නම්ජර්) සුදර්ශ්න නදනිිළටිය හරා (ைொண்புைிகு (மைஜர்) சுதர்ஷன ததனிபிடிய) (The Hon. (Major) Sudarshana Denipitiya) ගරු ාද්දක තුාිර, UNESCO අධ්‍යක්ෂ ාණ්ඩකකට අශටි අධ්‍යදප් අාදතය ගරු ජීියල් ශප්‍රේානක්ත ාැිරතුාද ප්, ශව්‍කද

ිරශඳ්ව්‍ද. 202].11.15ව්‍ැිර ිර් ප්‍රා ශය් පැිප්ථ නුව්‍ පිහිස් UNESCO මූක්ථාද්ශය් පැව්‍ැිර අධ්‍යක්ෂ ාණ්ඩකක ්ඳහද ව්‍් ඡ්ා විාසීශ දී UNESCO අධ්‍යක්ෂ ාණ්ඩකකට ශ්‍රී කා දව්‍ ශව්‍නුශව්‍් දිරිපප්, වූ අධ්‍යදප් අාදතය ගරු ජීියල් ශප්‍රේානක්ත ාැිරතුාද ඡ්ා හිමි ටව්‍ල් 188් 144 - ියකකට 76 ප්‍රිර තකක් ්හිතව්‍ - ඡ්ා කඳදශග් ආියකදනු ද්ිර කදපශක් ශ්,ීම ප්, ශව්‍කද ිරශඳ්ව්‍ද. අනුව්‍ 2024 ියට 2027 ාක්ව්‍ද UNESCO අධ්‍යක්ෂ ාණ්ඩකක ිරශකෝන්ක ිරීමාට ශ්‍රී කා දව්‍ට අව්‍්ථාදව්‍ හිමි ශව්‍කද ිරශඳ්ව්‍ද. ශාතුාද මීට ශප අධ්‍යදප් අාදතයව්‍ කද ව්‍ ශක් ියස්කදී්, - 2008 ව්‍කෂශය්දී්, - ශ ්ඳහද දිරිපප්, වූ අත ශාව්‍ ශාව්‍් ව්‍තදව්‍ට්, UNESCO අධ්‍යක්ෂ ාණ්ඩකකට ශ්,ීම ප්, ශව්‍කද ිරශඳ්ව්‍ද. අශටි ාදතෘ භූමික ිරශකෝන්ක මි් ශක් ශ්,ීම ප්,වීා ගැ් අශටි ශුාදශිා්් තුාදට පිිප්ා්ව්‍ද. තව්‍්, ටක් ්ා තායි ශ්,ීම ප්, වී ිරශඳ්ශ්. ිර්ද ගරු ජීියල් ශප්‍රේානක්ත ඇාිරතුාදට අශටි ශුාදශිා්් පිිප්ා්ව්‍ද.",ගු ලලිත් එල්ලාවල හරා (ைொண்புைிகு லலித் எல்லொவல) (The Hon. Lalith Ellawala) ගරු ාද්දක තුාිර - ගු කථ,2023-11-17,2023-11-17-2023-11-17,"ගු ලලිත් එල්ලාවල හරා (ைொண்புைிகு லலித் எல்லொவல) (The Hon. Lalith Ellawala) ගරු ාද්දක තුාිර - ගු කථානායකුර ා (ைொண்புைிகு சபொநொயகர் அவர்கள்) (The Hon. Speaker) ගරු කලි්, ල්කදව්‍ක ා්ත්‍රීතුාද ශාො ක්ා ිරක්ශ්? දක්ා්ට ිරක්්.

ගු කථානායකුර ා (ைொண்புைிகு சபொநொயகர் அவர்கள்) (The Hon. Speaker) ශඳොශහොා ්ථතුිරයි ගරු ා්ත්‍රීතුාිර. වි්ථත ව්‍ැඩියි. ඔඳතුාදශ ප්‍ර ථ්කට යළ ව්‍තදශය පිිබතුරු කඳද ශායි.

ගු නම්ජර්) සුදර්ශ්න නදනිිළටිය හරා (ைொண்புைிகு (மைஜர்) சுதர்ஷன ததனிபிடிய) (The Hon. (Major) Sudarshana Denipitiya) ගරු ාද්දක තුාිර,- ගු කථානායකුර ා (ைொண்புைிகு சபொநொயகர் அவர்கள்) (The Hon. Speaker) ඔය ගරු ජීාක ් ශාිරපිස්ක ා්ත්‍රීතුාද.

ගු නම්ජර්) සුදර්ශ්න නදනිිළටිය හරා (ைொண்புைிகு (மைஜர்) சுதர்ஷன ததனிபிடிய) (The Hon. (Major) Sudarshana Denipitiya) ගරු ාද්දක තුාිර, UNESCO අධ්‍යක්ෂ ාණ්ඩකකට අශටි අධ්‍යදප් අාදතය ගරු ජීියල් ශප්‍රේානක්ත ාැිරතුාද ප්, ශව්‍කද

ිරශඳ්ව්‍ද. 202].11.15ව්‍ැිර ිර් ප්‍රා ශය් පැිප්ථ නුව්‍ පිහිස් UNESCO මූක්ථාද්ශය් පැව්‍ැිර අධ්‍යක්ෂ ාණ්ඩකක ්ඳහද ව්‍් ඡ්ා විාසීශ දී UNESCO අධ්‍යක්ෂ ාණ්ඩකකට ශ්‍රී කා දව්‍ ශව්‍නුශව්‍් දිරිපප්, වූ අධ්‍යදප් අාදතය ගරු ජීියල් ශප්‍රේානක්ත ාැිරතුාද ඡ්ා හිමි ටව්‍ල් 188් 144 - ියකකට 76 ප්‍රිර තකක් ්හිතව්‍ - ඡ්ා කඳදශග් ආියකදනු ද්ිර කදපශක් ශ්,ීම ප්, ශව්‍කද ිරශඳ්ව්‍ද. අනුව්‍ 2024 ියට 2027 ාක්ව්‍ද UNESCO අධ්‍යක්ෂ ාණ්ඩකක ිරශකෝන්ක ිරීමාට ශ්‍රී කා දව්‍ට අව්‍්ථාදව්‍ හිමි ශව්‍කද ිරශඳ්ව්‍ද. ශාතුාද මීට ශප අධ්‍යදප් අාදතයව්‍ කද ව්‍ ශක් ියස්කදී්, - 2008 ව්‍කෂශය්දී්, - ශ ්ඳහද දිරිපප්, වූ අත ශාව්‍ ශාව්‍් ව්‍තදව්‍ට්, UNESCO අධ්‍යක්ෂ ාණ්ඩකකට ශ්,ීම ප්, ශව්‍කද ිරශඳ්ව්‍ද. අශටි ාදතෘ භූමික ිරශකෝන්ක මි් ශක් ශ්,ීම ප්,වීා ගැ් අශටි ශුාදශිා්් තුාදට පිිප්ා්ව්‍ද. තව්‍්, ටක් ්ා තායි ශ්,ීම ප්, වී ිරශඳ්ශ්. ිර්ද ගරු ජීියල් ශප්‍රේානක්ත ඇාිරතුාදට අශටි ශුාදශිා්් පිිප්ා්ව්‍ද.",hansard,1.0,1
lk_hansard_2020s,2023-11-17-2023-11-17,2023-11-17,2023-11-17,"Hansard of November 17, 2023",https://www.parliament.lk/en/business-of-parliament/hansards,si-ta-en,https://www.parliament.lk/uploads/documents/hansard/1701515168057680.pdf,2023-11-17-2023-11-17-0044,44,si-ta-en,4ad124e761b3028178bec4146ff15c3b,3836,"ිරශඳ්ව්‍ද. 202].11.15ව්‍ැිර ිර් ප්‍රා ශය් පැිප්ථ නුව්‍ පිහිස් UNESCO මූක්ථාද්ශය් පැව්‍ැිර අධ්‍යක්ෂ ාණ්ඩකක ්ඳහද ව්‍් ඡ්ා විාසීශ දී UNESCO අධ්‍යක්ෂ ාණ්ඩකකට ශ්‍රී කා දව්‍ ශව්‍නුශව්‍් දිරිපප්, වූ අධ්‍යදප් අාදතය ගරු ජීියල් ශප්‍රේානක්ත ාැිරතුාද ඡ්ා හිමි ටව්‍ල් 188් 144 - ියකකට 76 ප්‍රිර තකක් ්හිතව්‍ - ඡ්ා කඳදශග් ආියකදනු ද්ිර කදපශක් ශ්,ීම ප්, ශව්‍කද ිරශඳ්ව්‍ද. අනුව්‍ 2024 ියට 2027 ාක්ව්‍ද UNESCO අධ්‍යක්ෂ ාණ්ඩකක ිරශකෝන්ක ිරීමාට ශ්‍රී කා දව්‍ට අව්‍්ථාදව්‍ හිමි ශව්‍කද ිරශඳ්ව්‍ද. ශාතුාද මීට ශප අධ්‍යදප් අාදතයව්‍ කද ව්‍ ශක් ියස්කදී්, - 2008 ව්‍කෂශය්දී්, - ශ ්ඳහද දිරිපප්, වූ අත ශාව්‍ ශාව්‍් ව්‍තදව්‍ට්, UNESCO අධ්‍යක්ෂ ාණ්ඩකකට ශ්,ීම ප්, ශව්‍කද ිරශඳ්ව්‍ද. අශටි ාදතෘ භූමික ිරශකෝන්ක මි් ශක් ශ්,ීම ප්,වීා ගැ් අශටි ශුාදශිා්් තුාදට පිිප්ා්ව්‍ද. තව්‍්, ටක් ්ා තායි ශ්,ීම ප්, වී ිරශඳ්ශ්. ිර්ද ගරු ජීියල් ශප්‍රේානක්ත ඇාිරතුාදට අශටි ශුාදශිා්් පිිප්ා්ව්‍ද.

ගරු ාද්දක තුාිර ශ ්ාදශය ාතු වූ ද ණකක් පිිබඳඳ ිරව්‍ැ ිර ිරීමාක් ්් ඕ්න. ශ ්ාදශය ගරු න්දධිපිරතුාද ්ැහැ. න්දධිපිරතුාද ශ ්ාදශය ්ැිර ශව්‍කදශය තුාදට ශචෝා්දව්‍ක් ළද ICC ශ ් ශ්‍රී කා ාදශය ක්‍රි ට් තහ් පු ට

[මූලා නන අත පරිදි නවත් කරන ලදී.] [அக்கிரொசனக் கட்டமளப்படி அகற்றப்பட்டுள்ளது] [Expunged on the order of the Chair.]

ඕ්න ිරකකද. ාා දතද පැහැිරලිව්‍ ශ ද ණක ිරක්ව්‍ද. ක්‍රි ට් ් ඳ්ධ්‍ ප්‍ර ථ්ශය්දී පදකලිශ ්තුශය ආණ්ඩු පක්ෂශය්්, විපක්ෂශය්්, ියකලුශා්ද තු ශව්‍කද තායි ශ්‍රී කා ද ක්‍රි ට් ආකත්ශය් ්ාදපිර ඇතුළු ිරකධ්‍දිප ාණ්ඩකක දව්‍්, ිරීමා ්ඳහද වූ ශකෝන්දව්‍ ් ාත ගශ්, ්,. න්දධිපිරතුාද ාැ් ාැිරහ්, ශව්‍කද ද්ශ් ක්‍රි ට් තහ්ා අයි් ග්්යි. තහ්ා අයි් ග්් තායි තුාද ාැිරහ්, ශව්‍කද ද්ශ්. හැඳැයි

811 812

පදකලිශ ්තුව්‍","ිරශඳ්ව්‍ද. 202].11.15ව්‍ැිර ිර් ප්‍රා ශය් පැිප්ථ නුව්‍ පිහිස් UNESCO මූක්ථාද්ශය් පැව්‍ැිර අධ්‍යක්ෂ ාණ්ඩකක ්ඳහද ව්‍් ඡ්ා විාසීශ දී UNESCO අධ්‍යක්ෂ ාණ්ඩකකට ශ්‍රී කා දව්‍ ශව්‍නුශව්‍් දිරිපප්, වූ අධ්‍යදප් අාදතය ගරු ජීියල් ශප්‍රේානක්ත ාැිරතුාද ඡ්ා හිමි ටව්‍ල් 188් 144 - ියකකට 76 ප්‍රිර තකක් ්හිතව්‍ - ඡ්ා කඳදශග් ආියකදනු ද්ිර කදපශක් ශ්,ීම ප්, ශව්‍කද ිරශඳ්ව්‍ද. අනුව්‍ 2024 ියට 2027 ාක්ව්‍ද UNESCO අධ්‍යක්ෂ ාණ්ඩකක ිරශකෝන්ක ිරීමාට ශ්‍රී කා දව්‍ට අව්‍්ථාදව්‍ හිමි ශව්‍කද ිරශඳ්ව්‍ද. ශාතුාද මීට ශප අධ්‍යදප් අාදතයව්‍ කද ව්‍ ශක් ියස්කදී්, - 2008 ව්‍කෂශය්දී්, - ශ ්ඳහද දිරිපප්, වූ අත ශාව්‍ ශාව්‍් ව්‍තදව්‍ට්, UNESCO අධ්‍යක්ෂ ාණ්ඩකකට ශ්,ීම ප්, ශව්‍කද ිරශඳ්ව්‍ද. අශටි ාදතෘ භූමික ිරශකෝන්ක මි් ශක් ශ්,ීම ප්,වීා ගැ් අශටි ශුාදශිා්් තුාදට පිිප්ා්ව්‍ද. තව්‍්, ටක් ්ා තායි ශ්,ීම ප්, වී ිරශඳ්ශ්. ිර්ද ගරු ජීියල් ශප්‍රේානක්ත ඇාිරතුාදට අශටි ශුාදශිා්් පිිප්ා්ව්‍ද.

ගරු ාද්දක තුාිර ශ ්ාදශය ාතු වූ ද ණකක් පිිබඳඳ ිරව්‍ැ ිර ිරීමාක් ්් ඕ්න. ශ ්ාදශය ගරු න්දධිපිරතුාද ්ැහැ. න්දධිපිරතුාද ශ ්ාදශය ්ැිර ශව්‍කදශය තුාදට ශචෝා්දව්‍ක් ළද ICC ශ ් ශ්‍රී කා ාදශය ක්‍රි ට් තහ් පු ට

[මූලා නන අත පරිදි නවත් කරන ලදී.] [அக்கிரொசனக் கட்டமளப்படி அகற்றப்பட்டுள்ளது] [Expunged on the order of the Chair.]

ඕ්න ිරකකද. ාා දතද පැහැිරලිව්‍ ශ ද ණක ිරක්ව්‍ද. ක්‍රි ට් ් ඳ්ධ්‍ ප්‍ර ථ්ශය්දී පදකලිශ ්තුශය ආණ්ඩු පක්ෂශය්්, විපක්ෂශය්්, ියකලුශා්ද තු ශව්‍කද තායි ශ්‍රී කා ද ක්‍රි ට් ආකත්ශය් ්ාදපිර ඇතුළු ිරකධ්‍දිප ාණ්ඩකක දව්‍්, ිරීමා ්ඳහද වූ ශකෝන්දව්‍ ් ාත ගශ්, ්,. න්දධිපිරතුාද ාැ් ාැිරහ්, ශව්‍කද ද්ශ් ක්‍රි ට් තහ්ා අයි් ග්්යි. තහ්ා අයි් ග්් තායි තුාද ාැිරහ්, ශව්‍කද ද්ශ්. හැඳැයි

811 812

පදකලිශ ්තුව්‍",ිරශඳ්ව්‍ද. 202].11.15ව්‍ැිර ිර් ප්‍රා ශය් පැිප්ථ නුව්‍ පිහිස් UNESCO මූක්ථාද්ශය් පැව්‍ැිර අධ්‍යක්ෂ ා,2023-11-17,2023-11-17-2023-11-17,"ිරශඳ්ව්‍ද. 202].11.15ව්‍ැිර ිර් ප්‍රා ශය් පැිප්ථ නුව්‍ පිහිස් UNESCO මූක්ථාද්ශය් පැව්‍ැිර අධ්‍යක්ෂ ාණ්ඩකක ්ඳහද ව්‍් ඡ්ා විාසීශ දී UNESCO අධ්‍යක්ෂ ාණ්ඩකකට ශ්‍රී කා දව්‍ ශව්‍නුශව්‍් දිරිපප්, වූ අධ්‍යදප් අාදතය ගරු ජීියල් ශප්‍රේානක්ත ාැිරතුාද ඡ්ා හිමි ටව්‍ල් 188් 144 - ියකකට 76 ප්‍රිර තකක් ්හිතව්‍ - ඡ්ා කඳදශග් ආියකදනු ද්ිර කදපශක් ශ්,ීම ප්, ශව්‍කද ිරශඳ්ව්‍ද. අනුව්‍ 2024 ියට 2027 ාක්ව්‍ද UNESCO අධ්‍යක්ෂ ාණ්ඩකක ිරශකෝන්ක ිරීමාට ශ්‍රී කා දව්‍ට අව්‍්ථාදව්‍ හිමි ශව්‍කද ිරශඳ්ව්‍ද. ශාතුාද මීට ශප අධ්‍යදප් අාදතයව්‍ කද ව්‍ ශක් ියස්කදී්, - 2008 ව්‍කෂශය්දී්, - ශ ්ඳහද දිරිපප්, වූ අත ශාව්‍ ශාව්‍් ව්‍තදව්‍ට්, UNESCO අධ්‍යක්ෂ ාණ්ඩකකට ශ්,ීම ප්, ශව්‍කද ිරශඳ්ව්‍ද. අශටි ාදතෘ භූමික ිරශකෝන්ක මි් ශක් ශ්,ීම ප්,වීා ගැ් අශටි ශුාදශිා්් තුාදට පිිප්ා්ව්‍ද. තව්‍්, ටක් ්ා තායි ශ්,ීම ප්, වී ිරශඳ්ශ්. ිර්ද ගරු ජීියල් ශප්‍රේානක්ත ඇාිරතුාදට අශටි ශුාදශිා්් පිිප්ා්ව්‍ද.

ගරු ාද්දක තුාිර ශ ්ාදශය ාතු වූ ද ණකක් පිිබඳඳ ිරව්‍ැ ිර ිරීමාක් ්් ඕ්න. ශ ්ාදශය ගරු න්දධිපිරතුාද ්ැහැ. න්දධිපිරතුාද ශ ්ාදශය ්ැිර ශව්‍කදශය තුාදට ශචෝා්දව්‍ක් ළද ICC ශ ් ශ්‍රී කා ාදශය ක්‍රි ට් තහ් පු ට

[මූලා නන අත පරිදි නවත් කරන ලදී.] [அக்கிரொசனக் கட்டமளப்படி அகற்றப்பட்டுள்ளது] [Expunged on the order of the Chair.]

ඕ්න ිරකකද. ාා දතද පැහැිරලිව්‍ ශ ද ණක ිරක්ව්‍ද. ක්‍රි ට් ් ඳ්ධ්‍ ප්‍ර ථ්ශය්දී පදකලිශ ්තුශය ආණ්ඩු පක්ෂශය්්, විපක්ෂශය්්, ියකලුශා්ද තු ශව්‍කද තායි ශ්‍රී කා ද ක්‍රි ට් ආකත්ශය් ්ාදපිර ඇතුළු ිරකධ්‍දිප ාණ්ඩකක දව්‍්, ිරීමා ්ඳහද වූ ශකෝන්දව්‍ ් ාත ගශ්, ්,. න්දධිපිරතුාද ාැ් ාැිරහ්, ශව්‍කද ද්ශ් ක්‍රි ට් තහ්ා අයි් ග්්යි. තහ්ා අයි් ග්් තායි තුාද ාැිරහ්, ශව්‍කද ද්ශ්. හැඳැයි

811 812

පදකලිශ ්තුව්‍",hansard,1.0,1
lk_hansard_2020s,2023-11-17-2023-11-17,2023-11-17,2023-11-17,"Hansard of November 17, 2023",https://www.parliament.lk/en/business-of-parliament/hansards,si-ta-en,https://www.parliament.lk/uploads/documents/hansard/1701515168057680.pdf,2023-11-17-2023-11-17-0045,45,si-ta-en,fe17f305fa1c60c8096919d5f0490ccf,4904,"ඕ්න ිරකකද. ාා දතද පැහැිරලිව්‍ ශ ද ණක ිරක්ව්‍ද. ක්‍රි ට් ් ඳ්ධ්‍ ප්‍ර ථ්ශය්දී පදකලිශ ්තුශය ආණ්ඩු පක්ෂශය්්, විපක්ෂශය්්, ියකලුශා්ද තු ශව්‍කද තායි ශ්‍රී කා ද ක්‍රි ට් ආකත්ශය් ්ාදපිර ඇතුළු ිරකධ්‍දිප ාණ්ඩකක දව්‍්, ිරීමා ්ඳහද වූ ශකෝන්දව්‍ ් ාත ගශ්, ්,. න්දධිපිරතුාද ාැ් ාැිරහ්, ශව්‍කද ද්ශ් ක්‍රි ට් තහ්ා අයි් ග්්යි. තහ්ා අයි් ග්් තායි තුාද ාැිරහ්, ශව්‍කද ද්ශ්. හැඳැයි

811 812

පදකලිශ ්තුව්‍

හැඳැයි ICC ශ ් Sri Lanka Cricket තහ් ශළේ යට ද්ථශ්ල්කද. ා ිර්ද ව්‍ ා ිරව්‍ැ ිර ්් ඕ්න. ICC ශ ් Sri Lanka Cricket තහ් ශළේ අප ශාතැ්ට ඇවිල්කද ශකෝන්දව්‍ට පක්ෂ වුණදා විපක්ෂ වුණදා ිරක් ද ණදව්‍ ාත ශ්ොශව්‍යි. ාැ් ශාතුා්කද ිරක් විධිකට Sri Lanka Cricket ආකත්ක දල්ලී කද ් ICC අශටි ක්‍රි ට් තහ් ශළේ පිිබඳඳව්‍ ශව්‍්ා පීමක්ෂණකක් මු. හැඳැයි න්දධිපිරතුාද කට ාැිරහ්, ශව්‍කද ්ැහැ. න්දධිපිරතුාද ාැිරහ්, ශව්‍කද ිරශඳ්ශ් ICC ශක් ක්‍රි ට් තහ්ා දව්‍්, ග්්. ්ඳහද ැබි්ට් අාදතයව්‍රු්ශ මිටුව්‍ක් ප්, කද ිරශඳ්ව්‍ද. ගරු ාද්දක තුාිර ා ිරව්‍ැ ිර ිරීමා ්ඳහද තායි ාා ඔඳතුාදශග් අව්‍්ථාදව්‍ කඳද ග්,ශ්,.

ගු නදාර්ය) බ් ෂ්ල ගුතවර්නන හරා (ைொண்புைிகு (கலொநிதி) பந்துல குணவர்தன) (The Hon. (Dr.) Bandula Gunawardana) ගරු ාද්දක තුාිර හිටපු අධ්‍යදප් අාදතයව්‍ කද ව්‍ ශක් ාා ව්‍කතාද් නශය් අධ්‍යදප් අාදතය ගරු ආචදකක ජීියල් ශප්‍රේානක්ත ාැිරතුාද නදතය්ත ටව්‍ලි් වි දක ඡ්ා ප්‍රාදණකක් කඳදශග් UNESCO විධ්‍දක ්ාදව්‍ට ප්, වීා ගැ් ට ශව්‍නුශව්‍් පදකලිශ ්තුව්‍ ශව්‍නුශව්‍් උණුජී ජීඳ පැතු පුා ්් ැාිරයි. අපි ියකලුශා්ද අධ්‍යදප්ක පිිබඳඳ ා ්ාවිධ්‍ද්ශය් ප්‍රිරප්,ිර හද ක්‍රිකද ාදකග පිිබඳඳ ්ද ච්ඡද ් ා්ත්‍රණ හද ව්‍ැඩමුළු පව්‍්,ව්‍්ව්‍ද.

හි විධ්‍දක ්ාදව්‍ට ප්, වීා අාදරු දකකකක්. ාා අධ්‍යදප් ඇාිරව්‍ කද ව්‍ ශක් ව්‍ ක් හි විධ්‍දක ්ාදව්‍ට ශ්‍රී කා දශව්‍් ප්, වුණද. අව්‍්ථාදශය දිප්ද ශඳො ශ ෝව්‍ද ාැිරිරක තායි හි ්ාදපිර ධු ක ාැරුශය. හි විධ්‍දක ්ාදශය ටයුතුව්‍කට ්ක්‍රික ශක් ාදක වීශ ප්‍රිරඵකකක් ශක් ාකුණු ආියකදනු ගුරු ්ාව්‍කධ්‍් ාධ්‍ය්ථාද්ක - South Asian Centre for Teacher Development - කා දව්‍ට කඳද ග්් ාට පුළුව්‍් ා කැබුණද. ක මීශටි ්ථාදපිත ළද. ක ශ ශට් ්ථාදපිත ිරීමාට අව්‍්ථාදව්‍ කැබුශණ් ාද ා විධ්‍දක ්ාදශය ටයුතු පු ිර්ද. දුකකා ත්තු ක්; අාදරුශව්‍් කඳද ගත යුතු ත්තු ක්.","ඕ්න ිරකකද. ාා දතද පැහැිරලිව්‍ ශ ද ණක ිරක්ව්‍ද. ක්‍රි ට් ් ඳ්ධ්‍ ප්‍ර ථ්ශය්දී පදකලිශ ්තුශය ආණ්ඩු පක්ෂශය්්, විපක්ෂශය්්, ියකලුශා්ද තු ශව්‍කද තායි ශ්‍රී කා ද ක්‍රි ට් ආකත්ශය් ්ාදපිර ඇතුළු ිරකධ්‍දිප ාණ්ඩකක දව්‍්, ිරීමා ්ඳහද වූ ශකෝන්දව්‍ ් ාත ගශ්, ්,. න්දධිපිරතුාද ාැ් ාැිරහ්, ශව්‍කද ද්ශ් ක්‍රි ට් තහ්ා අයි් ග්්යි. තහ්ා අයි් ග්් තායි තුාද ාැිරහ්, ශව්‍කද ද්ශ්. හැඳැයි

811 812

පදකලිශ ්තුව්‍

හැඳැයි ICC ශ ් Sri Lanka Cricket තහ් ශළේ යට ද්ථශ්ල්කද. ා ිර්ද ව්‍ ා ිරව්‍ැ ිර ්් ඕ්න. ICC ශ ් Sri Lanka Cricket තහ් ශළේ අප ශාතැ්ට ඇවිල්කද ශකෝන්දව්‍ට පක්ෂ වුණදා විපක්ෂ වුණදා ිරක් ද ණදව්‍ ාත ශ්ොශව්‍යි. ාැ් ශාතුා්කද ිරක් විධිකට Sri Lanka Cricket ආකත්ක දල්ලී කද ් ICC අශටි ක්‍රි ට් තහ් ශළේ පිිබඳඳව්‍ ශව්‍්ා පීමක්ෂණකක් මු. හැඳැයි න්දධිපිරතුාද කට ාැිරහ්, ශව්‍කද ්ැහැ. න්දධිපිරතුාද ාැිරහ්, ශව්‍කද ිරශඳ්ශ් ICC ශක් ක්‍රි ට් තහ්ා දව්‍්, ග්්. ්ඳහද ැබි්ට් අාදතයව්‍රු්ශ මිටුව්‍ක් ප්, කද ිරශඳ්ව්‍ද. ගරු ාද්දක තුාිර ා ිරව්‍ැ ිර ිරීමා ්ඳහද තායි ාා ඔඳතුාදශග් අව්‍්ථාදව්‍ කඳද ග්,ශ්,.

ගු නදාර්ය) බ් ෂ්ල ගුතවර්නන හරා (ைொண்புைிகு (கலொநிதி) பந்துல குணவர்தன) (The Hon. (Dr.) Bandula Gunawardana) ගරු ාද්දක තුාිර හිටපු අධ්‍යදප් අාදතයව්‍ කද ව්‍ ශක් ාා ව්‍කතාද් නශය් අධ්‍යදප් අාදතය ගරු ආචදකක ජීියල් ශප්‍රේානක්ත ාැිරතුාද නදතය්ත ටව්‍ලි් වි දක ඡ්ා ප්‍රාදණකක් කඳදශග් UNESCO විධ්‍දක ්ාදව්‍ට ප්, වීා ගැ් ට ශව්‍නුශව්‍් පදකලිශ ්තුව්‍ ශව්‍නුශව්‍් උණුජී ජීඳ පැතු පුා ්් ැාිරයි. අපි ියකලුශා්ද අධ්‍යදප්ක පිිබඳඳ ා ්ාවිධ්‍ද්ශය් ප්‍රිරප්,ිර හද ක්‍රිකද ාදකග පිිබඳඳ ්ද ච්ඡද ් ා්ත්‍රණ හද ව්‍ැඩමුළු පව්‍්,ව්‍්ව්‍ද.

හි විධ්‍දක ්ාදව්‍ට ප්, වීා අාදරු දකකකක්. ාා අධ්‍යදප් ඇාිරව්‍ කද ව්‍ ශක් ව්‍ ක් හි විධ්‍දක ්ාදව්‍ට ශ්‍රී කා දශව්‍් ප්, වුණද. අව්‍්ථාදශය දිප්ද ශඳො ශ ෝව්‍ද ාැිරිරක තායි හි ්ාදපිර ධු ක ාැරුශය. හි විධ්‍දක ්ාදශය ටයුතුව්‍කට ්ක්‍රික ශක් ාදක වීශ ප්‍රිරඵකකක් ශක් ාකුණු ආියකදනු ගුරු ්ාව්‍කධ්‍් ාධ්‍ය්ථාද්ක - South Asian Centre for Teacher Development - කා දව්‍ට කඳද ග්් ාට පුළුව්‍් ා කැබුණද. ක මීශටි ්ථාදපිත ළද. ක ශ ශට් ්ථාදපිත ිරීමාට අව්‍්ථාදව්‍ කැබුශණ් ාද ා විධ්‍දක ්ාදශය ටයුතු පු ිර්ද. දුකකා ත්තු ක්; අාදරුශව්‍් කඳද ගත යුතු ත්තු ක්.",ඕ්න ිරකකද. ාා දතද පැහැිරලිව්‍ ශ ද ණක ිරක්ව්‍ද. ක්‍රි ට් ් ඳ්ධ්‍ ප්‍ර ථ්ශය්දී පදකලිශ ්තුශය ආණ්ඩු පක්ෂ,2023-11-17,2023-11-17-2023-11-17,"ඕ්න ිරකකද. ාා දතද පැහැිරලිව්‍ ශ ද ණක ිරක්ව්‍ද. ක්‍රි ට් ් ඳ්ධ්‍ ප්‍ර ථ්ශය්දී පදකලිශ ්තුශය ආණ්ඩු පක්ෂශය්්, විපක්ෂශය්්, ියකලුශා්ද තු ශව්‍කද තායි ශ්‍රී කා ද ක්‍රි ට් ආකත්ශය් ්ාදපිර ඇතුළු ිරකධ්‍දිප ාණ්ඩකක දව්‍්, ිරීමා ්ඳහද වූ ශකෝන්දව්‍ ් ාත ගශ්, ්,. න්දධිපිරතුාද ාැ් ාැිරහ්, ශව්‍කද ද්ශ් ක්‍රි ට් තහ්ා අයි් ග්්යි. තහ්ා අයි් ග්් තායි තුාද ාැිරහ්, ශව්‍කද ද්ශ්. හැඳැයි

811 812

පදකලිශ ්තුව්‍

හැඳැයි ICC ශ ් Sri Lanka Cricket තහ් ශළේ යට ද්ථශ්ල්කද. ා ිර්ද ව්‍ ා ිරව්‍ැ ිර ්් ඕ්න. ICC ශ ් Sri Lanka Cricket තහ් ශළේ අප ශාතැ්ට ඇවිල්කද ශකෝන්දව්‍ට පක්ෂ වුණදා විපක්ෂ වුණදා ිරක් ද ණදව්‍ ාත ශ්ොශව්‍යි. ාැ් ශාතුා්කද ිරක් විධිකට Sri Lanka Cricket ආකත්ක දල්ලී කද ් ICC අශටි ක්‍රි ට් තහ් ශළේ පිිබඳඳව්‍ ශව්‍්ා පීමක්ෂණකක් මු. හැඳැයි න්දධිපිරතුාද කට ාැිරහ්, ශව්‍කද ්ැහැ. න්දධිපිරතුාද ාැිරහ්, ශව්‍කද ිරශඳ්ශ් ICC ශක් ක්‍රි ට් තහ්ා දව්‍්, ග්්. ්ඳහද ැබි්ට් අාදතයව්‍රු්ශ මිටුව්‍ක් ප්, කද ිරශඳ්ව්‍ද. ගරු ාද්දක තුාිර ා ිරව්‍ැ ිර ිරීමා ්ඳහද තායි ාා ඔඳතුාදශග් අව්‍්ථාදව්‍ කඳද ග්,ශ්,.

ගු නදාර්ය) බ් ෂ්ල ගුතවර්නන හරා (ைொண்புைிகு (கலொநிதி) பந்துல குணவர்தன) (The Hon. (Dr.) Bandula Gunawardana) ගරු ාද්දක තුාිර හිටපු අධ්‍යදප් අාදතයව්‍ කද ව්‍ ශක් ාා ව්‍කතාද් නශය් අධ්‍යදප් අාදතය ගරු ආචදකක ජීියල් ශප්‍රේානක්ත ාැිරතුාද නදතය්ත ටව්‍ලි් වි දක ඡ්ා ප්‍රාදණකක් කඳදශග් UNESCO විධ්‍දක ්ාදව්‍ට ප්, වීා ගැ් ට ශව්‍නුශව්‍් පදකලිශ ්තුව්‍ ශව්‍නුශව්‍් උණුජී ජීඳ පැතු පුා ්් ැාිරයි. අපි ියකලුශා්ද අධ්‍යදප්ක පිිබඳඳ ා ්ාවිධ්‍ද්ශය් ප්‍රිරප්,ිර හද ක්‍රිකද ාදකග පිිබඳඳ ්ද ච්ඡද ් ා්ත්‍රණ හද ව්‍ැඩමුළු පව්‍්,ව්‍්ව්‍ද.

හි විධ්‍දක ්ාදව්‍ට ප්, වීා අාදරු දකකකක්. ාා අධ්‍යදප් ඇාිරව්‍ කද ව්‍ ශක් ව්‍ ක් හි විධ්‍දක ්ාදව්‍ට ශ්‍රී කා දශව්‍් ප්, වුණද. අව්‍්ථාදශය දිප්ද ශඳො ශ ෝව්‍ද ාැිරිරක තායි හි ්ාදපිර ධු ක ාැරුශය. හි විධ්‍දක ්ාදශය ටයුතුව්‍කට ්ක්‍රික ශක් ාදක වීශ ප්‍රිරඵකකක් ශක් ාකුණු ආියකදනු ගුරු ්ාව්‍කධ්‍් ාධ්‍ය්ථාද්ක - South Asian Centre for Teacher Development - කා දව්‍ට කඳද ග්් ාට පුළුව්‍් ා කැබුණද. ක මීශටි ්ථාදපිත ළද. ක ශ ශට් ්ථාදපිත ිරීමාට අව්‍්ථාදව්‍ කැබුශණ් ාද ා විධ්‍දක ්ාදශය ටයුතු පු ිර්ද. දුකකා ත්තු ක්; අාදරුශව්‍් කඳද ගත යුතු ත්තු ක්.",hansard,1.0,1
lk_hansard_2020s,2023-11-17-2023-11-17,2023-11-17,2023-11-17,"Hansard of November 17, 2023",https://www.parliament.lk/en/business-of-parliament/hansards,si-ta-en,https://www.parliament.lk/uploads/documents/hansard/1701515168057680.pdf,2023-11-17-2023-11-17-0046,46,si-ta-en,6fe734bb808f2c23e58ad2519f51061a,4522,"හි විධ්‍දක ්ාදව්‍ට ප්, වීා අාදරු දකකකක්. ාා අධ්‍යදප් ඇාිරව්‍ කද ව්‍ ශක් ව්‍ ක් හි විධ්‍දක ්ාදව්‍ට ශ්‍රී කා දශව්‍් ප්, වුණද. අව්‍්ථාදශය දිප්ද ශඳො ශ ෝව්‍ද ාැිරිරක තායි හි ්ාදපිර ධු ක ාැරුශය. හි විධ්‍දක ්ාදශය ටයුතුව්‍කට ්ක්‍රික ශක් ාදක වීශ ප්‍රිරඵකකක් ශක් ාකුණු ආියකදනු ගුරු ්ාව්‍කධ්‍් ාධ්‍ය්ථාද්ක - South Asian Centre for Teacher Development - කා දව්‍ට කඳද ග්් ාට පුළුව්‍් ා කැබුණද. ක මීශටි ්ථාදපිත ළද. ක ශ ශට් ්ථාදපිත ිරීමාට අව්‍්ථාදව්‍ කැබුශණ් ාද ා විධ්‍දක ්ාදශය ටයුතු පු ිර්ද. දුකකා ත්තු ක්; අාදරුශව්‍් කඳද ගත යුතු ත්තු ක්.

ගු ජිත් නප්‍රේ දා හරා (ைொண்புைிகு சஜித் பிமரைதொஸ) (The Hon. Sajith Premadasa) ගරු ාද්දක තුාිර විශ ේෂශක් විපක්ෂශය් අප ියකලුශා්ද්, ගරු ජීියල් ශප්‍රේානක්ත ාැිරතුාදට හෘාකාගා ජීඳ පැතු පුා ියස්්ව්‍ද. ගරු ජීියල් ශප්‍රේානක්ත ඇාිරතුාිර ඔඳතුාද ශපෞශගලි ව්‍්, ට ශව්‍නුශව්‍නු්, අිරවිශිෂථට නකග්‍රහණකක් කඳද ග්,තද. ාා විශ ේෂශක් ශ ද ණක ්ඳහ් ්් ඕ්න. ාද ඔඳතුාදශ ාිර් ශහොඳ ගුණදාගකක් තායි ඔඳතුාද ප්‍ර ථ්ව්‍ලි් පැ් ක්ශ් ්ැිර . ඕ්නා තක ක ට ඕ්නා ශකෝන්දව්‍ ට ඕ්නා ්ද ච්ඡදව්‍ ට ්ව්‍් දීකද ව්‍දට උ්,ත කඳද ශා්් ත පිපණතාදව්‍කක් ිරශඳ් ව්‍ච්ශය් පිප්ාදටිත අකාශක් ආචදකකව්‍ කද ිරකකද ිරක්් පුළුව්‍් අශටි ආචදකක ජීියල් ශප්‍රේානක්ත ාැිරතුාදට ශ අව්‍්ථාදශය අපශ උණුජී ජීඳ පැතු පුා ්ව්‍ද.

ගු කථානායකුර ා (ைொண்புைிகு சபொநொயகர் அவர்கள்) (The Hon. Speaker) අප ියකලුශා්දශ ජීඳ පැතු තුාදට හිමි ශව්‍්ව්‍ද. ගු නීියඥ නදාර්ය) සුසිල් නප්‍රේ ජය් ර හරා අන‍ාපන අ ාර‍ හ පාර්ලිනම්් ුරනේ ානායකුර ා) (ைொண்புைிகு சட்டத்தரணி (கலொநிதி) சுசில் பிமரைஜயந்த - கல்வி அமைச்சரும் பொரொளுைன்றச் சமப முதல்வரும்) (The Hon. (Dr.) Susil Premajayantha, Attorney-at-Law - Minister of Education and the Leader of the House of Parliament) ගරු ාද්දක තුාිර අා ප්‍රධ්‍ද් ව්‍ැඩ ටයුතු දිරිපප්, ිරීමාට ා්,ශත් මිිර්,තු ශා විත දකකක් ාා ග්්ව්‍ද. ප්‍රාාශක් ාා ඔඳතුාදට්, අශටි ගරු අාදතයතුා්කදට්, ගරු විපක්ෂ ්දක තුාද ඇතුළු ගරු ා්ත්‍රීතුා්කදට්, ්ථතුිරව්‍්ත ශව්‍්ව්‍ද ාද ශව්‍ත උණුජී ජීඳ පැතු පිිප්ැමීා ් ඳ්ධ්‍ශක්.","හි විධ්‍දක ්ාදව්‍ට ප්, වීා අාදරු දකකකක්. ාා අධ්‍යදප් ඇාිරව්‍ කද ව්‍ ශක් ව්‍ ක් හි විධ්‍දක ්ාදව්‍ට ශ්‍රී කා දශව්‍් ප්, වුණද. අව්‍්ථාදශය දිප්ද ශඳො ශ ෝව්‍ද ාැිරිරක තායි හි ්ාදපිර ධු ක ාැරුශය. හි විධ්‍දක ්ාදශය ටයුතුව්‍කට ්ක්‍රික ශක් ාදක වීශ ප්‍රිරඵකකක් ශක් ාකුණු ආියකදනු ගුරු ්ාව්‍කධ්‍් ාධ්‍ය්ථාද්ක - South Asian Centre for Teacher Development - කා දව්‍ට කඳද ග්් ාට පුළුව්‍් ා කැබුණද. ක මීශටි ්ථාදපිත ළද. ක ශ ශට් ්ථාදපිත ිරීමාට අව්‍්ථාදව්‍ කැබුශණ් ාද ා විධ්‍දක ්ාදශය ටයුතු පු ිර්ද. දුකකා ත්තු ක්; අාදරුශව්‍් කඳද ගත යුතු ත්තු ක්.

ගු ජිත් නප්‍රේ දා හරා (ைொண்புைிகு சஜித் பிமரைதொஸ) (The Hon. Sajith Premadasa) ගරු ාද්දක තුාිර විශ ේෂශක් විපක්ෂශය් අප ියකලුශා්ද්, ගරු ජීියල් ශප්‍රේානක්ත ාැිරතුාදට හෘාකාගා ජීඳ පැතු පුා ියස්්ව්‍ද. ගරු ජීියල් ශප්‍රේානක්ත ඇාිරතුාිර ඔඳතුාද ශපෞශගලි ව්‍්, ට ශව්‍නුශව්‍නු්, අිරවිශිෂථට නකග්‍රහණකක් කඳද ග්,තද. ාා විශ ේෂශක් ශ ද ණක ්ඳහ් ්් ඕ්න. ාද ඔඳතුාදශ ාිර් ශහොඳ ගුණදාගකක් තායි ඔඳතුාද ප්‍ර ථ්ව්‍ලි් පැ් ක්ශ් ්ැිර . ඕ්නා තක ක ට ඕ්නා ශකෝන්දව්‍ ට ඕ්නා ්ද ච්ඡදව්‍ ට ්ව්‍් දීකද ව්‍දට උ්,ත කඳද ශා්් ත පිපණතාදව්‍කක් ිරශඳ් ව්‍ච්ශය් පිප්ාදටිත අකාශක් ආචදකකව්‍ කද ිරකකද ිරක්් පුළුව්‍් අශටි ආචදකක ජීියල් ශප්‍රේානක්ත ාැිරතුාදට ශ අව්‍්ථාදශය අපශ උණුජී ජීඳ පැතු පුා ්ව්‍ද.

ගු කථානායකුර ා (ைொண்புைிகு சபொநொயகர் அவர்கள்) (The Hon. Speaker) අප ියකලුශා්දශ ජීඳ පැතු තුාදට හිමි ශව්‍්ව්‍ද. ගු නීියඥ නදාර්ය) සුසිල් නප්‍රේ ජය් ර හරා අන‍ාපන අ ාර‍ හ පාර්ලිනම්් ුරනේ ානායකුර ා) (ைொண்புைிகு சட்டத்தரணி (கலொநிதி) சுசில் பிமரைஜயந்த - கல்வி அமைச்சரும் பொரொளுைன்றச் சமப முதல்வரும்) (The Hon. (Dr.) Susil Premajayantha, Attorney-at-Law - Minister of Education and the Leader of the House of Parliament) ගරු ාද්දක තුාිර අා ප්‍රධ්‍ද් ව්‍ැඩ ටයුතු දිරිපප්, ිරීමාට ා්,ශත් මිිර්,තු ශා විත දකකක් ාා ග්්ව්‍ද. ප්‍රාාශක් ාා ඔඳතුාදට්, අශටි ගරු අාදතයතුා්කදට්, ගරු විපක්ෂ ්දක තුාද ඇතුළු ගරු ා්ත්‍රීතුා්කදට්, ්ථතුිරව්‍්ත ශව්‍්ව්‍ද ාද ශව්‍ත උණුජී ජීඳ පැතු පිිප්ැමීා ් ඳ්ධ්‍ශක්.","හි විධ්‍දක ්ාදව්‍ට ප්, වීා අාදරු දකකකක්. ාා අධ්‍යදප් ඇාිරව්‍ කද ව්‍ ශක් ව්‍ ක් හි විධ්‍දක ්ාදව්‍ට ශ්",2023-11-17,2023-11-17-2023-11-17,"හි විධ්‍දක ්ාදව්‍ට ප්, වීා අාදරු දකකකක්. ාා අධ්‍යදප් ඇාිරව්‍ කද ව්‍ ශක් ව්‍ ක් හි විධ්‍දක ්ාදව්‍ට ශ්‍රී කා දශව්‍් ප්, වුණද. අව්‍්ථාදශය දිප්ද ශඳො ශ ෝව්‍ද ාැිරිරක තායි හි ්ාදපිර ධු ක ාැරුශය. හි විධ්‍දක ්ාදශය ටයුතුව්‍කට ්ක්‍රික ශක් ාදක වීශ ප්‍රිරඵකකක් ශක් ාකුණු ආියකදනු ගුරු ්ාව්‍කධ්‍් ාධ්‍ය්ථාද්ක - South Asian Centre for Teacher Development - කා දව්‍ට කඳද ග්් ාට පුළුව්‍් ා කැබුණද. ක මීශටි ්ථාදපිත ළද. ක ශ ශට් ්ථාදපිත ිරීමාට අව්‍්ථාදව්‍ කැබුශණ් ාද ා විධ්‍දක ්ාදශය ටයුතු පු ිර්ද. දුකකා ත්තු ක්; අාදරුශව්‍් කඳද ගත යුතු ත්තු ක්.

ගු ජිත් නප්‍රේ දා හරා (ைொண்புைிகு சஜித் பிமரைதொஸ) (The Hon. Sajith Premadasa) ගරු ාද්දක තුාිර විශ ේෂශක් විපක්ෂශය් අප ියකලුශා්ද්, ගරු ජීියල් ශප්‍රේානක්ත ාැිරතුාදට හෘාකාගා ජීඳ පැතු පුා ියස්්ව්‍ද. ගරු ජීියල් ශප්‍රේානක්ත ඇාිරතුාිර ඔඳතුාද ශපෞශගලි ව්‍්, ට ශව්‍නුශව්‍නු්, අිරවිශිෂථට නකග්‍රහණකක් කඳද ග්,තද. ාා විශ ේෂශක් ශ ද ණක ්ඳහ් ්් ඕ්න. ාද ඔඳතුාදශ ාිර් ශහොඳ ගුණදාගකක් තායි ඔඳතුාද ප්‍ර ථ්ව්‍ලි් පැ් ක්ශ් ්ැිර . ඕ්නා තක ක ට ඕ්නා ශකෝන්දව්‍ ට ඕ්නා ්ද ච්ඡදව්‍ ට ්ව්‍් දීකද ව්‍දට උ්,ත කඳද ශා්් ත පිපණතාදව්‍කක් ිරශඳ් ව්‍ච්ශය් පිප්ාදටිත අකාශක් ආචදකකව්‍ කද ිරකකද ිරක්් පුළුව්‍් අශටි ආචදකක ජීියල් ශප්‍රේානක්ත ාැිරතුාදට ශ අව්‍්ථාදශය අපශ උණුජී ජීඳ පැතු පුා ්ව්‍ද.

ගු කථානායකුර ා (ைொண்புைிகு சபொநொயகர் அவர்கள்) (The Hon. Speaker) අප ියකලුශා්දශ ජීඳ පැතු තුාදට හිමි ශව්‍්ව්‍ද. ගු නීියඥ නදාර්ය) සුසිල් නප්‍රේ ජය් ර හරා අන‍ාපන අ ාර‍ හ පාර්ලිනම්් ුරනේ ානායකුර ා) (ைொண்புைிகு சட்டத்தரணி (கலொநிதி) சுசில் பிமரைஜயந்த - கல்வி அமைச்சரும் பொரொளுைன்றச் சமப முதல்வரும்) (The Hon. (Dr.) Susil Premajayantha, Attorney-at-Law - Minister of Education and the Leader of the House of Parliament) ගරු ාද්දක තුාිර අා ප්‍රධ්‍ද් ව්‍ැඩ ටයුතු දිරිපප්, ිරීමාට ා්,ශත් මිිර්,තු ශා විත දකකක් ාා ග්්ව්‍ද. ප්‍රාාශක් ාා ඔඳතුාදට්, අශටි ගරු අාදතයතුා්කදට්, ගරු විපක්ෂ ්දක තුාද ඇතුළු ගරු ා්ත්‍රීතුා්කදට්, ්ථතුිරව්‍්ත ශව්‍්ව්‍ද ාද ශව්‍ත උණුජී ජීඳ පැතු පිිප්ැමීා ් ඳ්ධ්‍ශක්.",hansard,1.0,1
lk_hansard_2020s,2023-11-17-2023-11-17,2023-11-17,2023-11-17,"Hansard of November 17, 2023",https://www.parliament.lk/en/business-of-parliament/hansards,si-ta-en,https://www.parliament.lk/uploads/documents/hansard/1701515168057680.pdf,2023-11-17-2023-11-17-0047,47,si-ta-en,8800deabd165c04e88f28992e46dc13c,4200,"ගු කථානායකුර ා (ைொண்புைிகு சபொநொயகர் அவர்கள்) (The Hon. Speaker) අප ියකලුශා්දශ ජීඳ පැතු තුාදට හිමි ශව්‍්ව්‍ද. ගු නීියඥ නදාර්ය) සුසිල් නප්‍රේ ජය් ර හරා අන‍ාපන අ ාර‍ හ පාර්ලිනම්් ුරනේ ානායකුර ා) (ைொண்புைிகு சட்டத்தரணி (கலொநிதி) சுசில் பிமரைஜயந்த - கல்வி அமைச்சரும் பொரொளுைன்றச் சமப முதல்வரும்) (The Hon. (Dr.) Susil Premajayantha, Attorney-at-Law - Minister of Education and the Leader of the House of Parliament) ගරු ාද්දක තුාිර අා ප්‍රධ්‍ද් ව්‍ැඩ ටයුතු දිරිපප්, ිරීමාට ා්,ශත් මිිර්,තු ශා විත දකකක් ාා ග්්ව්‍ද. ප්‍රාාශක් ාා ඔඳතුාදට්, අශටි ගරු අාදතයතුා්කදට්, ගරු විපක්ෂ ්දක තුාද ඇතුළු ගරු ා්ත්‍රීතුා්කදට්, ්ථතුිරව්‍්ත ශව්‍්ව්‍ද ාද ශව්‍ත උණුජී ජීඳ පැතු පිිප්ැමීා ් ඳ්ධ්‍ශක්.

දිර් ාද කැබූ නකග්‍රහණක ට ව්‍ඩද ට කැබූ නකග්‍රහණකක් ිරකකදයි ාද හිත්ශ්. හිදී අපට කඳද දු් ්හශකෝගක ශව්‍නුශව්‍් ාද ්ථතුිරව්‍්ත ශව්‍්් ඕ්න විශශ ටයුතු ඇාිරතුාදට්, විශශ ටයුතු අාදතයදා කට්, ප්‍රා ශය් ශ්‍රී කා ද තද්දපිරතුමික ්හ UNESCO ශක් ිරතය ිරශකෝිකතව්‍ිපක ව්‍් ානීෂද ගුණශ්ේ ාැිරිරක ඇතුළු දකක ාණ්ඩකකට්, අධ්‍යදප් අාදතයදා කට්, නදිර අධ්‍යදප් ශ ොමිෂ් ්ාදව්‍ට්,. ශ්‍රී කා දව්‍ ශව්‍නුශව්‍් ප්, ළ ියකලු තද්දපිරතුා්කදශ ්හශකෝගක ිරියදු ශේාකිර් ශතො ව්‍ අපට කැබුණු ඳව්‍්, ශ අව්‍්ථාදශය ්ඳහ් ්් ඕ්න.

ගරු ඳ්දුක ගුණව්‍කධ්‍් ඇාිරතුාද ිරයව්‍ද ව්‍දශ අපි මීශටි SACTD හැදුශය නශය් මුාල්ව්‍ලි්. ක UNESCO ශක් Category 2 ආකත්කක්. ාද හිත් විධිකට කා දශය Category 2 ආකත්ක ට ිරශඳ්ශ් ආකත්ක විත යි. ඳ්දුක ගුණව්‍කධ්‍් ාැිරතුාද ව්‍ ක් හි විධ්‍දක ්ාදශයදී දිරිපප්, ළ ශකෝන්දව්‍ ප්‍රිරඵකකක් . මීට ාද් ිරහිපක ට ලි් ආකත්ක අපට ්ැිර ශව්‍්් කකද. ්මු්, ාා ්ැව්‍ත ක ස්

813 814

[ගරු ිරාල් කද්්ද ාහතද]

202] ශ්ොව්‍ැ ඳක 17

ග්,තද. ාැ් අපි ක ්ාව්‍කධ්‍්ක කද දිරිපකට ශග් ක්ව්‍ද. අධ්‍යදප්ක ව්‍ැඩි ිරයුණු ිරීමශ දී ශශශීක ශා්ා නදතය්ත ් ඳ්ධ්‍තද්, අව්‍ යයි. අපි ප්‍රමිතී් පව්‍්,ව්‍දශග් කද යුතුව්‍ ිරශඳ්ව්‍ද.","ගු කථානායකුර ා (ைொண்புைிகு சபொநொயகர் அவர்கள்) (The Hon. Speaker) අප ියකලුශා්දශ ජීඳ පැතු තුාදට හිමි ශව්‍්ව්‍ද. ගු නීියඥ නදාර්ය) සුසිල් නප්‍රේ ජය් ර හරා අන‍ාපන අ ාර‍ හ පාර්ලිනම්් ුරනේ ානායකුර ා) (ைொண்புைிகு சட்டத்தரணி (கலொநிதி) சுசில் பிமரைஜயந்த - கல்வி அமைச்சரும் பொரொளுைன்றச் சமப முதல்வரும்) (The Hon. (Dr.) Susil Premajayantha, Attorney-at-Law - Minister of Education and the Leader of the House of Parliament) ගරු ාද්දක තුාිර අා ප්‍රධ්‍ද් ව්‍ැඩ ටයුතු දිරිපප්, ිරීමාට ා්,ශත් මිිර්,තු ශා විත දකකක් ාා ග්්ව්‍ද. ප්‍රාාශක් ාා ඔඳතුාදට්, අශටි ගරු අාදතයතුා්කදට්, ගරු විපක්ෂ ්දක තුාද ඇතුළු ගරු ා්ත්‍රීතුා්කදට්, ්ථතුිරව්‍්ත ශව්‍්ව්‍ද ාද ශව්‍ත උණුජී ජීඳ පැතු පිිප්ැමීා ් ඳ්ධ්‍ශක්.

දිර් ාද කැබූ නකග්‍රහණක ට ව්‍ඩද ට කැබූ නකග්‍රහණකක් ිරකකදයි ාද හිත්ශ්. හිදී අපට කඳද දු් ්හශකෝගක ශව්‍නුශව්‍් ාද ්ථතුිරව්‍්ත ශව්‍්් ඕ්න විශශ ටයුතු ඇාිරතුාදට්, විශශ ටයුතු අාදතයදා කට්, ප්‍රා ශය් ශ්‍රී කා ද තද්දපිරතුමික ්හ UNESCO ශක් ිරතය ිරශකෝිකතව්‍ිපක ව්‍් ානීෂද ගුණශ්ේ ාැිරිරක ඇතුළු දකක ාණ්ඩකකට්, අධ්‍යදප් අාදතයදා කට්, නදිර අධ්‍යදප් ශ ොමිෂ් ්ාදව්‍ට්,. ශ්‍රී කා දව්‍ ශව්‍නුශව්‍් ප්, ළ ියකලු තද්දපිරතුා්කදශ ්හශකෝගක ිරියදු ශේාකිර් ශතො ව්‍ අපට කැබුණු ඳව්‍්, ශ අව්‍්ථාදශය ්ඳහ් ්් ඕ්න.

ගරු ඳ්දුක ගුණව්‍කධ්‍් ඇාිරතුාද ිරයව්‍ද ව්‍දශ අපි මීශටි SACTD හැදුශය නශය් මුාල්ව්‍ලි්. ක UNESCO ශක් Category 2 ආකත්කක්. ාද හිත් විධිකට කා දශය Category 2 ආකත්ක ට ිරශඳ්ශ් ආකත්ක විත යි. ඳ්දුක ගුණව්‍කධ්‍් ාැිරතුාද ව්‍ ක් හි විධ්‍දක ්ාදශයදී දිරිපප්, ළ ශකෝන්දව්‍ ප්‍රිරඵකකක් . මීට ාද් ිරහිපක ට ලි් ආකත්ක අපට ්ැිර ශව්‍්් කකද. ්මු්, ාා ්ැව්‍ත ක ස්

813 814

[ගරු ිරාල් කද්්ද ාහතද]

202] ශ්ොව්‍ැ ඳක 17

ග්,තද. ාැ් අපි ක ්ාව්‍කධ්‍්ක කද දිරිපකට ශග් ක්ව්‍ද. අධ්‍යදප්ක ව්‍ැඩි ිරයුණු ිරීමශ දී ශශශීක ශා්ා නදතය්ත ් ඳ්ධ්‍තද්, අව්‍ යයි. අපි ප්‍රමිතී් පව්‍්,ව්‍දශග් කද යුතුව්‍ ිරශඳ්ව්‍ද.",ගු කථානායකුර ා (ைொண்புைிகு சபொநொயகர் அவர்கள்) (The Hon. Speaker) අප ියකලුශා්දශ ජීඳ පැතු තුාදට හිම,2023-11-17,2023-11-17-2023-11-17,"ගු කථානායකුර ා (ைொண்புைிகு சபொநொயகர் அவர்கள்) (The Hon. Speaker) අප ියකලුශා්දශ ජීඳ පැතු තුාදට හිමි ශව්‍්ව්‍ද. ගු නීියඥ නදාර්ය) සුසිල් නප්‍රේ ජය් ර හරා අන‍ාපන අ ාර‍ හ පාර්ලිනම්් ුරනේ ානායකුර ා) (ைொண்புைிகு சட்டத்தரணி (கலொநிதி) சுசில் பிமரைஜயந்த - கல்வி அமைச்சரும் பொரொளுைன்றச் சமப முதல்வரும்) (The Hon. (Dr.) Susil Premajayantha, Attorney-at-Law - Minister of Education and the Leader of the House of Parliament) ගරු ාද්දක තුාිර අා ප්‍රධ්‍ද් ව්‍ැඩ ටයුතු දිරිපප්, ිරීමාට ා්,ශත් මිිර්,තු ශා විත දකකක් ාා ග්්ව්‍ද. ප්‍රාාශක් ාා ඔඳතුාදට්, අශටි ගරු අාදතයතුා්කදට්, ගරු විපක්ෂ ්දක තුාද ඇතුළු ගරු ා්ත්‍රීතුා්කදට්, ්ථතුිරව්‍්ත ශව්‍්ව්‍ද ාද ශව්‍ත උණුජී ජීඳ පැතු පිිප්ැමීා ් ඳ්ධ්‍ශක්.

දිර් ාද කැබූ නකග්‍රහණක ට ව්‍ඩද ට කැබූ නකග්‍රහණකක් ිරකකදයි ාද හිත්ශ්. හිදී අපට කඳද දු් ්හශකෝගක ශව්‍නුශව්‍් ාද ්ථතුිරව්‍්ත ශව්‍්් ඕ්න විශශ ටයුතු ඇාිරතුාදට්, විශශ ටයුතු අාදතයදා කට්, ප්‍රා ශය් ශ්‍රී කා ද තද්දපිරතුමික ්හ UNESCO ශක් ිරතය ිරශකෝිකතව්‍ිපක ව්‍් ානීෂද ගුණශ්ේ ාැිරිරක ඇතුළු දකක ාණ්ඩකකට්, අධ්‍යදප් අාදතයදා කට්, නදිර අධ්‍යදප් ශ ොමිෂ් ්ාදව්‍ට්,. ශ්‍රී කා දව්‍ ශව්‍නුශව්‍් ප්, ළ ියකලු තද්දපිරතුා්කදශ ්හශකෝගක ිරියදු ශේාකිර් ශතො ව්‍ අපට කැබුණු ඳව්‍්, ශ අව්‍්ථාදශය ්ඳහ් ්් ඕ්න.

ගරු ඳ්දුක ගුණව්‍කධ්‍් ඇාිරතුාද ිරයව්‍ද ව්‍දශ අපි මීශටි SACTD හැදුශය නශය් මුාල්ව්‍ලි්. ක UNESCO ශක් Category 2 ආකත්කක්. ාද හිත් විධිකට කා දශය Category 2 ආකත්ක ට ිරශඳ්ශ් ආකත්ක විත යි. ඳ්දුක ගුණව්‍කධ්‍් ාැිරතුාද ව්‍ ක් හි විධ්‍දක ්ාදශයදී දිරිපප්, ළ ශකෝන්දව්‍ ප්‍රිරඵකකක් . මීට ාද් ිරහිපක ට ලි් ආකත්ක අපට ්ැිර ශව්‍්් කකද. ්මු්, ාා ්ැව්‍ත ක ස්

813 814

[ගරු ිරාල් කද්්ද ාහතද]

202] ශ්ොව්‍ැ ඳක 17

ග්,තද. ාැ් අපි ක ්ාව්‍කධ්‍්ක කද දිරිපකට ශග් ක්ව්‍ද. අධ්‍යදප්ක ව්‍ැඩි ිරයුණු ිරීමශ දී ශශශීක ශා්ා නදතය්ත ් ඳ්ධ්‍තද්, අව්‍ යයි. අපි ප්‍රමිතී් පව්‍්,ව්‍දශග් කද යුතුව්‍ ිරශඳ්ව්‍ද.",hansard,1.0,1
lk_hansard_2020s,2023-11-17-2023-11-17,2023-11-17,2023-11-17,"Hansard of November 17, 2023",https://www.parliament.lk/en/business-of-parliament/hansards,si-ta-en,https://www.parliament.lk/uploads/documents/hansard/1701515168057680.pdf,2023-11-17-2023-11-17-0049,49,si-ta-en,f7402f2be9987a4dc610d7898060398e,4922,"ව්‍දශ ා කකුණු 197ක් කඳද ග්, ාරුව්‍් 4ශාශ්ක් ද්්ව්‍ද. කකුණු 196ක් කඳද ග්, ාරුව්‍් 8ශාශ්ක් ද්්ව්‍ද. ශ විශිෂථට නකග්‍රහණ කඳපු ාරුව්‍්ට අපි ජීඳ ප්‍රදකා්ද ්ව්‍ද. ශ විාදගශක් ප්ථශ්ේ විවිධ්‍ ආ ද ශය් ාත ප්‍ර ද ිරබුණද. අපි පුව්‍්,ප්,ව්‍ලිනු්, ාැක් ද. ශ විාදගක අාදරුයි ාරුව්‍් ශ ොශහොාා ශ ලික්ශ්? කනුශව්‍් විවිධ්‍ ාත ප්‍ර ද ිරබුණද. අක ශහා ිරයව්‍දට ාරුව්‍් ශහොඳට කකුණු අ ශග් ිරශඳ්ව්‍ද. ව්‍දශ ා ශ අවුරුශශශ cut-off mark ්, කකුණිර් ව්‍ැඩි ශව්‍කද ිරශඳ්ව්‍ද. ලි් අවුරුශශශ cut-off mark 15]යි. ශ අවුරුශශශ 154යි. ිරක්ශ් ත ගක ව්‍ැඩියි කකුණු ප්‍රාදණක දහළට කහිල්කද ිරශඳ්ව්‍ද.

ගරු ාද්දක තුාිර ා ද ණක්, ්ඳහ් මි් අා ිර් ්ාදශය ප්‍රධ්‍ද් ව්‍ැඩ ටයුතු අත -

ගු ඩල න අලහප්නපු හරා (ைொண்புைிகு டலஸ் அழஹப்தபருை) (The Hon. Dullas Alahapperuma) ගරු ාද්දක තුාිර ශ අව්‍්ථාදව්‍ කඳද දු්්දට ශඳශහවි්ා ්ථතුිරයි.

පදකලිශ ්තු ා්ත්‍රීව්‍රු් විධිකට ගරු අධ්‍යදප් ඇාිර ජීියල් ශප්‍රේානක්ත ාැිරතුාදට අපි ජීඳ පත්් ඕ්න. ාද ා්්ද විධිකට ඡ්ා 188ිර් තුාද ඡ්ා 144ක් -ියකකට 76ක් පාණ- කඳද ශග් යුශ්්ථශ ෝශය අධ්‍යක්ෂ ාණ්ඩකකට ප්, ශව්‍කද ිරශඳ්ව්‍ද. පිිබඳඳව්‍ ටක් විධිකට අශටි ්ථතුිරක ්හ ශගෞ ව්‍ක තුාදට පුා ්් ඕ්න.

ව්‍දශ ා තුාද අා අශටි දූ ාරුව්‍්ශ ශිෂය්,ව්‍ ප්‍රිරඵක ගැ් ිරයව්‍ද. ගරු ාද්දක තුාිර ඇ්,ත ව්‍ ශක්ා ශට් ාතකක් ිරබුණද ශිෂය්,ව්‍ විාදගශය් පළමුව්‍ැිර paper ශක් දතදා අසීරු ප්‍ර ථ් ිරබුණද ිරකකද. ගැ් විග්‍රහකක් ්් ාැ්ා ඳැහැ. ්මු්, ාා දල්ලීාක් ්් ැාැිරයි. ශිෂය්,ව්‍ ප්‍රිරකදභි් ද්ශ් 20 000යි. ආකථි දුෂථ තද ිරශඳ් පවුල්ව්‍ක ද්් ාරුව්‍් 20 000 ට තායි ශා්ශ්. හැඳැයි ාදිය දීා්දව්‍ ව්‍ ශක් 2019 දඳකද ශ ාක්ව්‍ද ශා්ශ් රුපිකල් 750යි. ාරුව්‍් 20 000 සීාදව්‍ ]0 000 ශළෝ, ශහොඳයි ිරකකද ාා හිත්ව්‍ද. ශාො ා 2019 දඳකද ශ ශව්‍්ශ ොට ශට් ඳ පතළ ආකථි අව්‍පදතකක් ිරශඳ්ව්‍ද. අව්‍ා ව්‍ ශක් ශ ාරුව්‍් 20 000 සීාදව්‍ ]0 000 ාක්ව්‍ද ව්‍ැඩි ් යුක්ිර ්හගතයි ිරකකද ාා හිත්ව්‍ද. පළමු ව්‍ැිර ද ණක.

ගරු ඇාිරතුාිර ශාව්‍ැිර ද ණක තායි රුපිකල් 750 ාදිය දීා්දව්‍ අව්‍ා ව්‍ ශක් රුපිකල් 1 000ක් ළ යුතුයි ිරක් . තශ ොට ාද්ක ට තව්‍ ව්‍ැක ශව්‍්ශ් රුපිකල් 250 ඳැක් 20 000යි. ිරක්ශ් රුපිකල් මිලික් 5යි. ශ ශට් ාරුව්‍් මුහුණ පද ිරශඳ් ඳ පතළ අකබුාක ිරහද ඳැලුව්‍දා වි දක ද ණදව්‍ක් ශව්‍යි ිරකකද ාා හිත්ශ් ්ැහැ.","ව්‍දශ ා කකුණු 197ක් කඳද ග්, ාරුව්‍් 4ශාශ්ක් ද්්ව්‍ද. කකුණු 196ක් කඳද ග්, ාරුව්‍් 8ශාශ්ක් ද්්ව්‍ද. ශ විශිෂථට නකග්‍රහණ කඳපු ාරුව්‍්ට අපි ජීඳ ප්‍රදකා්ද ්ව්‍ද. ශ විාදගශක් ප්ථශ්ේ විවිධ්‍ ආ ද ශය් ාත ප්‍ර ද ිරබුණද. අපි පුව්‍්,ප්,ව්‍ලිනු්, ාැක් ද. ශ විාදගක අාදරුයි ාරුව්‍් ශ ොශහොාා ශ ලික්ශ්? කනුශව්‍් විවිධ්‍ ාත ප්‍ර ද ිරබුණද. අක ශහා ිරයව්‍දට ාරුව්‍් ශහොඳට කකුණු අ ශග් ිරශඳ්ව්‍ද. ව්‍දශ ා ශ අවුරුශශශ cut-off mark ්, කකුණිර් ව්‍ැඩි ශව්‍කද ිරශඳ්ව්‍ද. ලි් අවුරුශශශ cut-off mark 15]යි. ශ අවුරුශශශ 154යි. ිරක්ශ් ත ගක ව්‍ැඩියි කකුණු ප්‍රාදණක දහළට කහිල්කද ිරශඳ්ව්‍ද.

ගරු ාද්දක තුාිර ා ද ණක්, ්ඳහ් මි් අා ිර් ්ාදශය ප්‍රධ්‍ද් ව්‍ැඩ ටයුතු අත -

ගු ඩල න අලහප්නපු හරා (ைொண்புைிகு டலஸ் அழஹப்தபருை) (The Hon. Dullas Alahapperuma) ගරු ාද්දක තුාිර ශ අව්‍්ථාදව්‍ කඳද දු්්දට ශඳශහවි්ා ්ථතුිරයි.

පදකලිශ ්තු ා්ත්‍රීව්‍රු් විධිකට ගරු අධ්‍යදප් ඇාිර ජීියල් ශප්‍රේානක්ත ාැිරතුාදට අපි ජීඳ පත්් ඕ්න. ාද ා්්ද විධිකට ඡ්ා 188ිර් තුාද ඡ්ා 144ක් -ියකකට 76ක් පාණ- කඳද ශග් යුශ්්ථශ ෝශය අධ්‍යක්ෂ ාණ්ඩකකට ප්, ශව්‍කද ිරශඳ්ව්‍ද. පිිබඳඳව්‍ ටක් විධිකට අශටි ්ථතුිරක ්හ ශගෞ ව්‍ක තුාදට පුා ්් ඕ්න.

ව්‍දශ ා තුාද අා අශටි දූ ාරුව්‍්ශ ශිෂය්,ව්‍ ප්‍රිරඵක ගැ් ිරයව්‍ද. ගරු ාද්දක තුාිර ඇ්,ත ව්‍ ශක්ා ශට් ාතකක් ිරබුණද ශිෂය්,ව්‍ විාදගශය් පළමුව්‍ැිර paper ශක් දතදා අසීරු ප්‍ර ථ් ිරබුණද ිරකකද. ගැ් විග්‍රහකක් ්් ාැ්ා ඳැහැ. ්මු්, ාා දල්ලීාක් ්් ැාැිරයි. ශිෂය්,ව්‍ ප්‍රිරකදභි් ද්ශ් 20 000යි. ආකථි දුෂථ තද ිරශඳ් පවුල්ව්‍ක ද්් ාරුව්‍් 20 000 ට තායි ශා්ශ්. හැඳැයි ාදිය දීා්දව්‍ ව්‍ ශක් 2019 දඳකද ශ ාක්ව්‍ද ශා්ශ් රුපිකල් 750යි. ාරුව්‍් 20 000 සීාදව්‍ ]0 000 ශළෝ, ශහොඳයි ිරකකද ාා හිත්ව්‍ද. ශාො ා 2019 දඳකද ශ ශව්‍්ශ ොට ශට් ඳ පතළ ආකථි අව්‍පදතකක් ිරශඳ්ව්‍ද. අව්‍ා ව්‍ ශක් ශ ාරුව්‍් 20 000 සීාදව්‍ ]0 000 ාක්ව්‍ද ව්‍ැඩි ් යුක්ිර ්හගතයි ිරකකද ාා හිත්ව්‍ද. පළමු ව්‍ැිර ද ණක.

ගරු ඇාිරතුාිර ශාව්‍ැිර ද ණක තායි රුපිකල් 750 ාදිය දීා්දව්‍ අව්‍ා ව්‍ ශක් රුපිකල් 1 000ක් ළ යුතුයි ිරක් . තශ ොට ාද්ක ට තව්‍ ව්‍ැක ශව්‍්ශ් රුපිකල් 250 ඳැක් 20 000යි. ිරක්ශ් රුපිකල් මිලික් 5යි. ශ ශට් ාරුව්‍් මුහුණ පද ිරශඳ් ඳ පතළ අකබුාක ිරහද ඳැලුව්‍දා වි දක ද ණදව්‍ක් ශව්‍යි ිරකකද ාා හිත්ශ් ්ැහැ.","ව්‍දශ ා කකුණු 197ක් කඳද ග්, ාරුව්‍් 4ශාශ්ක් ද්්ව්‍ද. කකුණු 196ක් කඳද ග්, ාරුව්‍් 8ශාශ්ක් ද්්ව්‍ද. ශ ",2023-11-17,2023-11-17-2023-11-17,"ව්‍දශ ා කකුණු 197ක් කඳද ග්, ාරුව්‍් 4ශාශ්ක් ද්්ව්‍ද. කකුණු 196ක් කඳද ග්, ාරුව්‍් 8ශාශ්ක් ද්්ව්‍ද. ශ විශිෂථට නකග්‍රහණ කඳපු ාරුව්‍්ට අපි ජීඳ ප්‍රදකා්ද ්ව්‍ද. ශ විාදගශක් ප්ථශ්ේ විවිධ්‍ ආ ද ශය් ාත ප්‍ර ද ිරබුණද. අපි පුව්‍්,ප්,ව්‍ලිනු්, ාැක් ද. ශ විාදගක අාදරුයි ාරුව්‍් ශ ොශහොාා ශ ලික්ශ්? කනුශව්‍් විවිධ්‍ ාත ප්‍ර ද ිරබුණද. අක ශහා ිරයව්‍දට ාරුව්‍් ශහොඳට කකුණු අ ශග් ිරශඳ්ව්‍ද. ව්‍දශ ා ශ අවුරුශශශ cut-off mark ්, කකුණිර් ව්‍ැඩි ශව්‍කද ිරශඳ්ව්‍ද. ලි් අවුරුශශශ cut-off mark 15]යි. ශ අවුරුශශශ 154යි. ිරක්ශ් ත ගක ව්‍ැඩියි කකුණු ප්‍රාදණක දහළට කහිල්කද ිරශඳ්ව්‍ද.

ගරු ාද්දක තුාිර ා ද ණක්, ්ඳහ් මි් අා ිර් ්ාදශය ප්‍රධ්‍ද් ව්‍ැඩ ටයුතු අත -

ගු ඩල න අලහප්නපු හරා (ைொண்புைிகு டலஸ் அழஹப்தபருை) (The Hon. Dullas Alahapperuma) ගරු ාද්දක තුාිර ශ අව්‍්ථාදව්‍ කඳද දු්්දට ශඳශහවි්ා ්ථතුිරයි.

පදකලිශ ්තු ා්ත්‍රීව්‍රු් විධිකට ගරු අධ්‍යදප් ඇාිර ජීියල් ශප්‍රේානක්ත ාැිරතුාදට අපි ජීඳ පත්් ඕ්න. ාද ා්්ද විධිකට ඡ්ා 188ිර් තුාද ඡ්ා 144ක් -ියකකට 76ක් පාණ- කඳද ශග් යුශ්්ථශ ෝශය අධ්‍යක්ෂ ාණ්ඩකකට ප්, ශව්‍කද ිරශඳ්ව්‍ද. පිිබඳඳව්‍ ටක් විධිකට අශටි ්ථතුිරක ්හ ශගෞ ව්‍ක තුාදට පුා ්් ඕ්න.

ව්‍දශ ා තුාද අා අශටි දූ ාරුව්‍්ශ ශිෂය්,ව්‍ ප්‍රිරඵක ගැ් ිරයව්‍ද. ගරු ාද්දක තුාිර ඇ්,ත ව්‍ ශක්ා ශට් ාතකක් ිරබුණද ශිෂය්,ව්‍ විාදගශය් පළමුව්‍ැිර paper ශක් දතදා අසීරු ප්‍ර ථ් ිරබුණද ිරකකද. ගැ් විග්‍රහකක් ්් ාැ්ා ඳැහැ. ්මු්, ාා දල්ලීාක් ්් ැාැිරයි. ශිෂය්,ව්‍ ප්‍රිරකදභි් ද්ශ් 20 000යි. ආකථි දුෂථ තද ිරශඳ් පවුල්ව්‍ක ද්් ාරුව්‍් 20 000 ට තායි ශා්ශ්. හැඳැයි ාදිය දීා්දව්‍ ව්‍ ශක් 2019 දඳකද ශ ාක්ව්‍ද ශා්ශ් රුපිකල් 750යි. ාරුව්‍් 20 000 සීාදව්‍ ]0 000 ශළෝ, ශහොඳයි ිරකකද ාා හිත්ව්‍ද. ශාො ා 2019 දඳකද ශ ශව්‍්ශ ොට ශට් ඳ පතළ ආකථි අව්‍පදතකක් ිරශඳ්ව්‍ද. අව්‍ා ව්‍ ශක් ශ ාරුව්‍් 20 000 සීාදව්‍ ]0 000 ාක්ව්‍ද ව්‍ැඩි ් යුක්ිර ්හගතයි ිරකකද ාා හිත්ව්‍ද. පළමු ව්‍ැිර ද ණක.

ගරු ඇාිරතුාිර ශාව්‍ැිර ද ණක තායි රුපිකල් 750 ාදිය දීා්දව්‍ අව්‍ා ව්‍ ශක් රුපිකල් 1 000ක් ළ යුතුයි ිරක් . තශ ොට ාද්ක ට තව්‍ ව්‍ැක ශව්‍්ශ් රුපිකල් 250 ඳැක් 20 000යි. ිරක්ශ් රුපිකල් මිලික් 5යි. ශ ශට් ාරුව්‍් මුහුණ පද ිරශඳ් ඳ පතළ අකබුාක ිරහද ඳැලුව්‍දා වි දක ද ණදව්‍ක් ශව්‍යි ිරකකද ාා හිත්ශ් ්ැහැ.",hansard,1.0,1
lk_hansard_2020s,2023-11-17-2023-11-17,2023-11-17,2023-11-17,"Hansard of November 17, 2023",https://www.parliament.lk/en/business-of-parliament/hansards,si-ta-en,https://www.parliament.lk/uploads/documents/hansard/1701515168057680.pdf,2023-11-17-2023-11-17-0050,50,si-ta-en,5af724762115c4c7aed5d5c6bd11ae51,4489,"ගරු ඇාිරතුාිර ශාව්‍ැිර ද ණක තායි රුපිකල් 750 ාදිය දීා්දව්‍ අව්‍ා ව්‍ ශක් රුපිකල් 1 000ක් ළ යුතුයි ිරක් . තශ ොට ාද්ක ට තව්‍ ව්‍ැක ශව්‍්ශ් රුපිකල් 250 ඳැක් 20 000යි. ිරක්ශ් රුපිකල් මිලික් 5යි. ශ ශට් ාරුව්‍් මුහුණ පද ිරශඳ් ඳ පතළ අකබුාක ිරහද ඳැලුව්‍දා වි දක ද ණදව්‍ක් ශව්‍යි ිරකකද ාා හිත්ශ් ්ැහැ.

අධ්‍යදප් ඇාිරව්‍ කද විධිකට ාා ාද ්්්, පූිකත විාදග ශ ොා්දිප්ථතුාදශග් දල්ලීාක් ළද ාරුව්‍්ට ්හ්කක් ශාමු ිරකකද. දීපු ්හ්ක ශාො ක්ා? වි්දඩි 45ක් ශව්‍් ිරබුණු පළමු ප්‍ර ථ් පත්‍රකට පැක දකකක් කඳද දු්්ද; වි්දඩි 15ක් ව්‍ැඩි වුණද. දිරහද්ශය් පළමු ව්‍තදව්‍ට ව්‍ ණ 4 ව්‍ ණ ] ඳව්‍ට ප්, වුණද. ගරු ාද්දක තුාිර ශ ් ාරුශව්‍ෝ ග්,ත ව්‍දියක ශ ොයි ත ා ිරක්ව්‍ද ් දිරහද්ශය් පළමු ව්‍තදව්‍ට ා විාදගශය්දී කකුණු 200් 200 ග්,ත දූ පුතු් 1]ශාශ්ක් ියස්කද. තායි ාරුව්‍්ට ්හ්ක දීශා් කැබුණු ප්‍රිරඵකක.

ාරුශව්‍ෝ ශ විාදගක ලියශය අසීරුතද ාැා. ව්‍යද ණ ශාෝෂ විත ක් 25ක් ිරබුණදක ිරකකද කා දදීප පුව්‍්, පශ්, ්ඳහ්ව්‍ ිරබුණද ාා ාැක් ද. හැඳැයි විාදග ශාපදකතශ ්තුව්‍ට ශාෝථ ිරක්්්, ඳැහැ. ශාො ා තුා්කද දතදා දුෂථ ත්,්,ව්‍කක් කටශ්, ශ විාදගක පැව්‍ැ්,වීා ගැ් අපි ්ථතුිරව්‍්ත ශව්‍්්ට ඕ්න. හැඳැයි ශ ියකල්ක ්ක ද ඳකද ශිෂය්,ව්‍ ප්‍රිරකදභි්ශ

815 816

පදකලිශ ්තුව්‍

ප්‍රාදණක ]0 000 ාක්ව්‍ද ව්‍ැඩි ිරීමාට්, රුපිකල් 750 ාදිය දීා්දව්‍ රුපිකල් 1 000 ාක්ව්‍ද ව්‍ැඩි ිරීමාට්, ශ ප්‍ර ථ් පත්‍රශය් ක අසීරුතදව්‍ක් ිරශඳ්ව්‍ද ් ාද අපි ශ ොවිඩ් ව්‍්ාගතක ාැා කඳද දු් ්හ්ක ව්‍දශ ිරියක යුක්ිර්හගත ්හ්කක් ශ ආා ණීක දූ පුතු්ට කඳද ශා්්ට්, ඔඳතුාද ්දක ්,ව්‍ක ග්් ිරකකද ශ අව්‍්ථාදශය දී දල්ලීාක් ්ව්‍ද.

ගු නදාර්ය) හර්ක ද සිල්වා හරා (ைொண்புைிகு (கலொநிதி) ஹர்ஷ த சில்வொ) (The Hon. (Dr.) Harsha de Silva) ගරු ාද්දක තුාිර තුාද දිරිපප්, පු ශකෝන්දව්‍ අපි ් ාත ්ව්‍ද. ඇ්,ත ව්‍ ශක්ා ා මුාක රුපිකල් 1 000ක් ශ්ොශව්‍යි රුපිකල් 2 000ක් ාක්ව්‍ද ව්‍ැඩි ්්. නශය් මුාල් පිිබඳඳ ද ්ාදශව්‍් අපි ඔඳතුාදට ශකෝන්දව්‍ක් කඳද ශා්් රුපිකල් 750 මුාක රුපිකල් 2 000 ාක්ව්‍ද ව්‍ැඩි ්ශ් ශ ොශහොාා ිරකකද. [ඳදධ්‍ද ිරීමාක්]","ගරු ඇාිරතුාිර ශාව්‍ැිර ද ණක තායි රුපිකල් 750 ාදිය දීා්දව්‍ අව්‍ා ව්‍ ශක් රුපිකල් 1 000ක් ළ යුතුයි ිරක් . තශ ොට ාද්ක ට තව්‍ ව්‍ැක ශව්‍්ශ් රුපිකල් 250 ඳැක් 20 000යි. ිරක්ශ් රුපිකල් මිලික් 5යි. ශ ශට් ාරුව්‍් මුහුණ පද ිරශඳ් ඳ පතළ අකබුාක ිරහද ඳැලුව්‍දා වි දක ද ණදව්‍ක් ශව්‍යි ිරකකද ාා හිත්ශ් ්ැහැ.

අධ්‍යදප් ඇාිරව්‍ කද විධිකට ාා ාද ්්්, පූිකත විාදග ශ ොා්දිප්ථතුාදශග් දල්ලීාක් ළද ාරුව්‍්ට ්හ්කක් ශාමු ිරකකද. දීපු ්හ්ක ශාො ක්ා? වි්දඩි 45ක් ශව්‍් ිරබුණු පළමු ප්‍ර ථ් පත්‍රකට පැක දකකක් කඳද දු්්ද; වි්දඩි 15ක් ව්‍ැඩි වුණද. දිරහද්ශය් පළමු ව්‍තදව්‍ට ව්‍ ණ 4 ව්‍ ණ ] ඳව්‍ට ප්, වුණද. ගරු ාද්දක තුාිර ශ ් ාරුශව්‍ෝ ග්,ත ව්‍දියක ශ ොයි ත ා ිරක්ව්‍ද ් දිරහද්ශය් පළමු ව්‍තදව්‍ට ා විාදගශය්දී කකුණු 200් 200 ග්,ත දූ පුතු් 1]ශාශ්ක් ියස්කද. තායි ාරුව්‍්ට ්හ්ක දීශා් කැබුණු ප්‍රිරඵකක.

ාරුශව්‍ෝ ශ විාදගක ලියශය අසීරුතද ාැා. ව්‍යද ණ ශාෝෂ විත ක් 25ක් ිරබුණදක ිරකකද කා දදීප පුව්‍්, පශ්, ්ඳහ්ව්‍ ිරබුණද ාා ාැක් ද. හැඳැයි විාදග ශාපදකතශ ්තුව්‍ට ශාෝථ ිරක්්්, ඳැහැ. ශාො ා තුා්කද දතදා දුෂථ ත්,්,ව්‍කක් කටශ්, ශ විාදගක පැව්‍ැ්,වීා ගැ් අපි ්ථතුිරව්‍්ත ශව්‍්්ට ඕ්න. හැඳැයි ශ ියකල්ක ්ක ද ඳකද ශිෂය්,ව්‍ ප්‍රිරකදභි්ශ

815 816

පදකලිශ ්තුව්‍

ප්‍රාදණක ]0 000 ාක්ව්‍ද ව්‍ැඩි ිරීමාට්, රුපිකල් 750 ාදිය දීා්දව්‍ රුපිකල් 1 000 ාක්ව්‍ද ව්‍ැඩි ිරීමාට්, ශ ප්‍ර ථ් පත්‍රශය් ක අසීරුතදව්‍ක් ිරශඳ්ව්‍ද ් ාද අපි ශ ොවිඩ් ව්‍්ාගතක ාැා කඳද දු් ්හ්ක ව්‍දශ ිරියක යුක්ිර්හගත ්හ්කක් ශ ආා ණීක දූ පුතු්ට කඳද ශා්්ට්, ඔඳතුාද ්දක ්,ව්‍ක ග්් ිරකකද ශ අව්‍්ථාදශය දී දල්ලීාක් ්ව්‍ද.

ගු නදාර්ය) හර්ක ද සිල්වා හරා (ைொண்புைிகு (கலொநிதி) ஹர்ஷ த சில்வொ) (The Hon. (Dr.) Harsha de Silva) ගරු ාද්දක තුාිර තුාද දිරිපප්, පු ශකෝන්දව්‍ අපි ් ාත ්ව්‍ද. ඇ්,ත ව්‍ ශක්ා ා මුාක රුපිකල් 1 000ක් ශ්ොශව්‍යි රුපිකල් 2 000ක් ාක්ව්‍ද ව්‍ැඩි ්්. නශය් මුාල් පිිබඳඳ ද ්ාදශව්‍් අපි ඔඳතුාදට ශකෝන්දව්‍ක් කඳද ශා්් රුපිකල් 750 මුාක රුපිකල් 2 000 ාක්ව්‍ද ව්‍ැඩි ්ශ් ශ ොශහොාා ිරකකද. [ඳදධ්‍ද ිරීමාක්]",ගරු ඇාිරතුාිර ශාව්‍ැිර ද ණක තායි රුපිකල් 750 ාදිය දීා්දව්‍ අව්‍ා ව්‍ ශක් රුපිකල් 1 000ක් ළ යුතුයි ිර,2023-11-17,2023-11-17-2023-11-17,"ගරු ඇාිරතුාිර ශාව්‍ැිර ද ණක තායි රුපිකල් 750 ාදිය දීා්දව්‍ අව්‍ා ව්‍ ශක් රුපිකල් 1 000ක් ළ යුතුයි ිරක් . තශ ොට ාද්ක ට තව්‍ ව්‍ැක ශව්‍්ශ් රුපිකල් 250 ඳැක් 20 000යි. ිරක්ශ් රුපිකල් මිලික් 5යි. ශ ශට් ාරුව්‍් මුහුණ පද ිරශඳ් ඳ පතළ අකබුාක ිරහද ඳැලුව්‍දා වි දක ද ණදව්‍ක් ශව්‍යි ිරකකද ාා හිත්ශ් ්ැහැ.

අධ්‍යදප් ඇාිරව්‍ කද විධිකට ාා ාද ්්්, පූිකත විාදග ශ ොා්දිප්ථතුාදශග් දල්ලීාක් ළද ාරුව්‍්ට ්හ්කක් ශාමු ිරකකද. දීපු ්හ්ක ශාො ක්ා? වි්දඩි 45ක් ශව්‍් ිරබුණු පළමු ප්‍ර ථ් පත්‍රකට පැක දකකක් කඳද දු්්ද; වි්දඩි 15ක් ව්‍ැඩි වුණද. දිරහද්ශය් පළමු ව්‍තදව්‍ට ව්‍ ණ 4 ව්‍ ණ ] ඳව්‍ට ප්, වුණද. ගරු ාද්දක තුාිර ශ ් ාරුශව්‍ෝ ග්,ත ව්‍දියක ශ ොයි ත ා ිරක්ව්‍ද ් දිරහද්ශය් පළමු ව්‍තදව්‍ට ා විාදගශය්දී කකුණු 200් 200 ග්,ත දූ පුතු් 1]ශාශ්ක් ියස්කද. තායි ාරුව්‍්ට ්හ්ක දීශා් කැබුණු ප්‍රිරඵකක.

ාරුශව්‍ෝ ශ විාදගක ලියශය අසීරුතද ාැා. ව්‍යද ණ ශාෝෂ විත ක් 25ක් ිරබුණදක ිරකකද කා දදීප පුව්‍්, පශ්, ්ඳහ්ව්‍ ිරබුණද ාා ාැක් ද. හැඳැයි විාදග ශාපදකතශ ්තුව්‍ට ශාෝථ ිරක්්්, ඳැහැ. ශාො ා තුා්කද දතදා දුෂථ ත්,්,ව්‍කක් කටශ්, ශ විාදගක පැව්‍ැ්,වීා ගැ් අපි ්ථතුිරව්‍්ත ශව්‍්්ට ඕ්න. හැඳැයි ශ ියකල්ක ්ක ද ඳකද ශිෂය්,ව්‍ ප්‍රිරකදභි්ශ

815 816

පදකලිශ ්තුව්‍

ප්‍රාදණක ]0 000 ාක්ව්‍ද ව්‍ැඩි ිරීමාට්, රුපිකල් 750 ාදිය දීා්දව්‍ රුපිකල් 1 000 ාක්ව්‍ද ව්‍ැඩි ිරීමාට්, ශ ප්‍ර ථ් පත්‍රශය් ක අසීරුතදව්‍ක් ිරශඳ්ව්‍ද ් ාද අපි ශ ොවිඩ් ව්‍්ාගතක ාැා කඳද දු් ්හ්ක ව්‍දශ ිරියක යුක්ිර්හගත ්හ්කක් ශ ආා ණීක දූ පුතු්ට කඳද ශා්්ට්, ඔඳතුාද ්දක ්,ව්‍ක ග්් ිරකකද ශ අව්‍්ථාදශය දී දල්ලීාක් ්ව්‍ද.

ගු නදාර්ය) හර්ක ද සිල්වා හරා (ைொண்புைிகு (கலொநிதி) ஹர்ஷ த சில்வொ) (The Hon. (Dr.) Harsha de Silva) ගරු ාද්දක තුාිර තුාද දිරිපප්, පු ශකෝන්දව්‍ අපි ් ාත ්ව්‍ද. ඇ්,ත ව්‍ ශක්ා ා මුාක රුපිකල් 1 000ක් ශ්ොශව්‍යි රුපිකල් 2 000ක් ාක්ව්‍ද ව්‍ැඩි ්්. නශය් මුාල් පිිබඳඳ ද ්ාදශව්‍් අපි ඔඳතුාදට ශකෝන්දව්‍ක් කඳද ශා්් රුපිකල් 750 මුාක රුපිකල් 2 000 ාක්ව්‍ද ව්‍ැඩි ්ශ් ශ ොශහොාා ිරකකද. [ඳදධ්‍ද ිරීමාක්]",hansard,1.0,1
lk_hansard_2020s,2023-11-17-2023-11-17,2023-11-17,2023-11-17,"Hansard of November 17, 2023",https://www.parliament.lk/en/business-of-parliament/hansards,si-ta-en,https://www.parliament.lk/uploads/documents/hansard/1701515168057680.pdf,2023-11-17-2023-11-17-0051,51,si-ta-en,a8dc0ae480bdb3e330c7aedc44928005,4231,"ගු නදාර්ය) හර්ක ද සිල්වා හරා (ைொண்புைிகு (கலொநிதி) ஹர்ஷ த சில்வொ) (The Hon. (Dr.) Harsha de Silva) ගරු ාද්දක තුාිර තුාද දිරිපප්, පු ශකෝන්දව්‍ අපි ් ාත ්ව්‍ද. ඇ්,ත ව්‍ ශක්ා ා මුාක රුපිකල් 1 000ක් ශ්ොශව්‍යි රුපිකල් 2 000ක් ාක්ව්‍ද ව්‍ැඩි ්්. නශය් මුාල් පිිබඳඳ ද ්ාදශව්‍් අපි ඔඳතුාදට ශකෝන්දව්‍ක් කඳද ශා්් රුපිකල් 750 මුාක රුපිකල් 2 000 ාක්ව්‍ද ව්‍ැඩි ්ශ් ශ ොශහොාා ිරකකද. [ඳදධ්‍ද ිරීමාක්]

ගරු ඇාිරතුාිර ශ ිරක් ද ණක ඔඳතුාදට ඍජුව්‍ අාදළ ්ැත්, ්ාද්දක තුාද හැස්කට ශ ගැ් අාදතය ාණ්ඩකක තුළ ්ද ච්ඡදව්‍ට ග්් ඔඳතුාදට පුළුව්‍් ශව්‍යි ිරකද ාද හිත්ව්‍ද. ාා මීට ශප ්, ලිඛිතව්‍ ශ දල්ලීා ළද. ාැ් ාද් ශා ක් ිර්ථශ්ේ ආඳදධිත ාරුව්‍්ට කැශඳ් දීා්දව්‍ ව්‍කුගඩු ශ ෝ ව්ට කැශඳ් දීා්දව්‍ අඩු ආාදක කදභී ව්‍ක්ථගත ශනයෂථධ පු ව්‍ැියක්ට කැශඳ් දීා්දව්‍ කඳද දීා ියදුව්‍්ශ් ්ැහැ ගරු ඇාිරතුාිර. හිපා ශේාන් ත්,්,ව්‍කක්. ට අපි ප්‍රමුඛතදව්‍ ශා්්ට ඕ්න. ාැ් ාද් ශා ක් ිර්ථශ්ේ ා දීා්ද ශගව්‍කද ්ැහැ. ා දකක ාද් තු්ක් ාක්ව්‍ද දීකඝ ශව්‍යිා ිරකකද ාා ා්ශ් ්ැහැ. අත හද්යන් ද ණක තායි ශාව්‍ අක ව්‍ැශක් හැශාෝටා කඳදශා් දීා්දව්‍ ව්‍ැඩි කද ිරශඳ් . දීා්ද ව්‍ැඩි කද ශා්් ලි් පජීකක ාද්ව්‍කට අාදළව්‍ කඳද ිරක යුතු දීා්ද ඩි්මි් කඳද දීා ්ඳහද පිකව්‍ ග්්ක ිරකකද ඔඳතුාදශග් දල්කද ියස්්ව්‍ද.

ගු නීියඥ නදාර්ය) සුසිල් නප්‍රේ ජය් ර හරා (ைொண்புைிகு சட்டத்தரணி (கலொநிதி) சுசில் பிமரைஜயந்த) (The Hon. (Dr.) Susil Premajayantha, Attorney-at-Law) ගරු ාද්දක තුාිර ගරු විාල් වී ව්‍ා ා්ත්‍රීතුාදශ අාහ් ාා අාදතය ාණ්ඩකශය් දී දිරිපප්, ්් . අශටි ගරු ඳ්දුක ගුණව්‍කධ්‍් ඇාිරතුාද්, ශ අව්‍්ථාදශය ්ාදශය ියස්්ව්‍ද.

ව්‍දශ ා ගරු ඩක්ථ අකහටිශප රුා ාැිරතුාද ාතු පු ද ණක්, ගරු හකෂ ා ියල්ව්‍ද ාැිරතුාද ාතු පු ද ණක්, ක් ග්්ශ ොට ියාහක ාදධ්‍යශක් ාරුව්‍් 20 000කු්, ාමිළ ාදධ්‍යශක් ාරුව්‍් 5 000කු්, ිරකකද තායි cut-off mark ්ශ්. cut-off mark ශ ් අාහ්ථ ්ශ් ්ැහැ ාරුශව්‍ෝ අ්ා්, ිරක් . ාරුව්‍්ට ශිෂය්,ව්‍ ශා්් හාදග්,ත","ගු නදාර්ය) හර්ක ද සිල්වා හරා (ைொண்புைிகு (கலொநிதி) ஹர்ஷ த சில்வொ) (The Hon. (Dr.) Harsha de Silva) ගරු ාද්දක තුාිර තුාද දිරිපප්, පු ශකෝන්දව්‍ අපි ් ාත ්ව්‍ද. ඇ්,ත ව්‍ ශක්ා ා මුාක රුපිකල් 1 000ක් ශ්ොශව්‍යි රුපිකල් 2 000ක් ාක්ව්‍ද ව්‍ැඩි ්්. නශය් මුාල් පිිබඳඳ ද ්ාදශව්‍් අපි ඔඳතුාදට ශකෝන්දව්‍ක් කඳද ශා්් රුපිකල් 750 මුාක රුපිකල් 2 000 ාක්ව්‍ද ව්‍ැඩි ්ශ් ශ ොශහොාා ිරකකද. [ඳදධ්‍ද ිරීමාක්]

ගරු ඇාිරතුාිර ශ ිරක් ද ණක ඔඳතුාදට ඍජුව්‍ අාදළ ්ැත්, ්ාද්දක තුාද හැස්කට ශ ගැ් අාදතය ාණ්ඩකක තුළ ්ද ච්ඡදව්‍ට ග්් ඔඳතුාදට පුළුව්‍් ශව්‍යි ිරකද ාද හිත්ව්‍ද. ාා මීට ශප ්, ලිඛිතව්‍ ශ දල්ලීා ළද. ාැ් ාද් ශා ක් ිර්ථශ්ේ ආඳදධිත ාරුව්‍්ට කැශඳ් දීා්දව්‍ ව්‍කුගඩු ශ ෝ ව්ට කැශඳ් දීා්දව්‍ අඩු ආාදක කදභී ව්‍ක්ථගත ශනයෂථධ පු ව්‍ැියක්ට කැශඳ් දීා්දව්‍ කඳද දීා ියදුව්‍්ශ් ්ැහැ ගරු ඇාිරතුාිර. හිපා ශේාන් ත්,්,ව්‍කක්. ට අපි ප්‍රමුඛතදව්‍ ශා්්ට ඕ්න. ාැ් ාද් ශා ක් ිර්ථශ්ේ ා දීා්ද ශගව්‍කද ්ැහැ. ා දකක ාද් තු්ක් ාක්ව්‍ද දීකඝ ශව්‍යිා ිරකකද ාා ා්ශ් ්ැහැ. අත හද්යන් ද ණක තායි ශාව්‍ අක ව්‍ැශක් හැශාෝටා කඳදශා් දීා්දව්‍ ව්‍ැඩි කද ිරශඳ් . දීා්ද ව්‍ැඩි කද ශා්් ලි් පජීකක ාද්ව්‍කට අාදළව්‍ කඳද ිරක යුතු දීා්ද ඩි්මි් කඳද දීා ්ඳහද පිකව්‍ ග්්ක ිරකකද ඔඳතුාදශග් දල්කද ියස්්ව්‍ද.

ගු නීියඥ නදාර්ය) සුසිල් නප්‍රේ ජය් ර හරා (ைொண்புைிகு சட்டத்தரணி (கலொநிதி) சுசில் பிமரைஜயந்த) (The Hon. (Dr.) Susil Premajayantha, Attorney-at-Law) ගරු ාද්දක තුාිර ගරු විාල් වී ව්‍ා ා්ත්‍රීතුාදශ අාහ් ාා අාදතය ාණ්ඩකශය් දී දිරිපප්, ්් . අශටි ගරු ඳ්දුක ගුණව්‍කධ්‍් ඇාිරතුාද්, ශ අව්‍්ථාදශය ්ාදශය ියස්්ව්‍ද.

ව්‍දශ ා ගරු ඩක්ථ අකහටිශප රුා ාැිරතුාද ාතු පු ද ණක්, ගරු හකෂ ා ියල්ව්‍ද ාැිරතුාද ාතු පු ද ණක්, ක් ග්්ශ ොට ියාහක ාදධ්‍යශක් ාරුව්‍් 20 000කු්, ාමිළ ාදධ්‍යශක් ාරුව්‍් 5 000කු්, ිරකකද තායි cut-off mark ්ශ්. cut-off mark ශ ් අාහ්ථ ්ශ් ්ැහැ ාරුශව්‍ෝ අ්ා්, ිරක් . ාරුව්‍්ට ශිෂය්,ව්‍ ශා්් හාදග්,ත",ගු නදාර්ය) හර්ක ද සිල්වා හරා (ைொண்புைிகு (கலொநிதி) ஹர்ஷ த சில்வொ) (The Hon. (Dr.) Harsha de Silva,2023-11-17,2023-11-17-2023-11-17,"ගු නදාර්ය) හර්ක ද සිල්වා හරා (ைொண்புைிகு (கலொநிதி) ஹர்ஷ த சில்வொ) (The Hon. (Dr.) Harsha de Silva) ගරු ාද්දක තුාිර තුාද දිරිපප්, පු ශකෝන්දව්‍ අපි ් ාත ්ව්‍ද. ඇ්,ත ව්‍ ශක්ා ා මුාක රුපිකල් 1 000ක් ශ්ොශව්‍යි රුපිකල් 2 000ක් ාක්ව්‍ද ව්‍ැඩි ්්. නශය් මුාල් පිිබඳඳ ද ්ාදශව්‍් අපි ඔඳතුාදට ශකෝන්දව්‍ක් කඳද ශා්් රුපිකල් 750 මුාක රුපිකල් 2 000 ාක්ව්‍ද ව්‍ැඩි ්ශ් ශ ොශහොාා ිරකකද. [ඳදධ්‍ද ිරීමාක්]

ගරු ඇාිරතුාිර ශ ිරක් ද ණක ඔඳතුාදට ඍජුව්‍ අාදළ ්ැත්, ්ාද්දක තුාද හැස්කට ශ ගැ් අාදතය ාණ්ඩකක තුළ ්ද ච්ඡදව්‍ට ග්් ඔඳතුාදට පුළුව්‍් ශව්‍යි ිරකද ාද හිත්ව්‍ද. ාා මීට ශප ්, ලිඛිතව්‍ ශ දල්ලීා ළද. ාැ් ාද් ශා ක් ිර්ථශ්ේ ආඳදධිත ාරුව්‍්ට කැශඳ් දීා්දව්‍ ව්‍කුගඩු ශ ෝ ව්ට කැශඳ් දීා්දව්‍ අඩු ආාදක කදභී ව්‍ක්ථගත ශනයෂථධ පු ව්‍ැියක්ට කැශඳ් දීා්දව්‍ කඳද දීා ියදුව්‍්ශ් ්ැහැ ගරු ඇාිරතුාිර. හිපා ශේාන් ත්,්,ව්‍කක්. ට අපි ප්‍රමුඛතදව්‍ ශා්්ට ඕ්න. ාැ් ාද් ශා ක් ිර්ථශ්ේ ා දීා්ද ශගව්‍කද ්ැහැ. ා දකක ාද් තු්ක් ාක්ව්‍ද දීකඝ ශව්‍යිා ිරකකද ාා ා්ශ් ්ැහැ. අත හද්යන් ද ණක තායි ශාව්‍ අක ව්‍ැශක් හැශාෝටා කඳදශා් දීා්දව්‍ ව්‍ැඩි කද ිරශඳ් . දීා්ද ව්‍ැඩි කද ශා්් ලි් පජීකක ාද්ව්‍කට අාදළව්‍ කඳද ිරක යුතු දීා්ද ඩි්මි් කඳද දීා ්ඳහද පිකව්‍ ග්්ක ිරකකද ඔඳතුාදශග් දල්කද ියස්්ව්‍ද.

ගු නීියඥ නදාර්ය) සුසිල් නප්‍රේ ජය් ර හරා (ைொண்புைிகு சட்டத்தரணி (கலொநிதி) சுசில் பிமரைஜயந்த) (The Hon. (Dr.) Susil Premajayantha, Attorney-at-Law) ගරු ාද්දක තුාිර ගරු විාල් වී ව්‍ා ා්ත්‍රීතුාදශ අාහ් ාා අාදතය ාණ්ඩකශය් දී දිරිපප්, ්් . අශටි ගරු ඳ්දුක ගුණව්‍කධ්‍් ඇාිරතුාද්, ශ අව්‍්ථාදශය ්ාදශය ියස්්ව්‍ද.

ව්‍දශ ා ගරු ඩක්ථ අකහටිශප රුා ාැිරතුාද ාතු පු ද ණක්, ගරු හකෂ ා ියල්ව්‍ද ාැිරතුාද ාතු පු ද ණක්, ක් ග්්ශ ොට ියාහක ාදධ්‍යශක් ාරුව්‍් 20 000කු්, ාමිළ ාදධ්‍යශක් ාරුව්‍් 5 000කු්, ිරකකද තායි cut-off mark ්ශ්. cut-off mark ශ ් අාහ්ථ ්ශ් ්ැහැ ාරුශව්‍ෝ අ්ා්, ිරක් . ාරුව්‍්ට ශිෂය්,ව්‍ ශා්් හාදග්,ත",hansard,1.0,1
lk_hansard_2020s,2023-11-17-2023-11-17,2023-11-17,2023-11-17,"Hansard of November 17, 2023",https://www.parliament.lk/en/business-of-parliament/hansards,si-ta-en,https://www.parliament.lk/uploads/documents/hansard/1701515168057680.pdf,2023-11-17-2023-11-17-0053,53,si-ta-en,dd000d22750ea7cb9b18ed78952995d2,4186,"අශ්ක් පැ්,ශත් ශපළ ශපෝ, මුද්‍රණක ිරීමා ්ඳහද රුපිකල් බිලික් 20ක් ශව්‍් කද ිරශඳ්ව්‍ද. හැඳැයි ශ අවුරුශශශ අපි මුද්‍රණ රුව්‍්ට ශට්ඩක ශා්ශ ොට තව්‍ අඩු වුණද. ිර්ද තැ්්, විකා ව්‍් ප්‍රාදණශක් තව්‍ ප්‍රාදණකක් මුාල් දිරිප ශව්‍්ව්‍ද. ිර්ද අපට ්ඳහද ශ අක ව්‍ැක තුිබ්ා ප්‍රිරපදා් ශව්‍් ග්් අාදරු ශව්‍් ක් ්ැහැ. ාා ්ඳහද ඔඳතුා්කදශ අව්‍ධ්‍ද්ක ශකොමු ව්‍්් ැාැිරයි. ාා ව්‍තදව්‍ක් ඔක ව්‍ැශඩ් ළද. ාා අධ්‍යදප් ඇාිර ශක් ද්්ශ ොට ාදණ්ඩදගද කට ාද කද ක මුාල් ප්‍රාදණකක් ව්‍ැඩි ශග් තව්‍්, ශිෂයදධ්‍ද කඳද ශා් ාරුව්‍් 5 000ක් ව්‍ැඩි ළද. තශ ොට තායි 20 000 වුශණ්. යට ලි් ිරබුශණ් 15 000යි. ශකෝන්ද ශා ා ාා යළ ට ්ක ද ඳක්් .

ගු නීියඥ නදාර්ය) සුසිල් නප්‍රේ ජය් ර හරා (ைொண்புைிகு சட்டத்தரணி (கலொநிதி) சுசில் பிமரைஜயந்த) (The Hon. (Dr.) Susil Premajayantha, Attorney-at-Law) ාා යළ ට ාදව්‍ට අව්‍තීකණ ශව්‍්් . ගරු ාද්දක තුාිර විත ක් ශ්ශව්‍යි. ාා අභිශකෝග ිරහිපකක් ාැශශශ ාරුව්‍් කක්ෂ 8 ට ශ්ොමිශල් පදව්‍හ් කඳද ගැනීා ්ඳහද ශා්ැ ඳක ාද්ශය් ාැා ාදගක ශව්‍්් ලි් ව්‍වුචකප්, ශඳාද දීාට ාැ්ට ටයුතු කද අව්‍්ද්යි. අාදතය ාණ්ඩක

817 818

[ගරු ඩක්ථ අකහටිශපරුා ාහතද]

202] ශ්ොව්‍ැ ඳක 17

්ාශශ ක්, කැබිකද ිරශඳ්ව්‍ද; ාදණ්ඩදගද අනුාැිරක්, කැබිකද ිරශඳ්ව්‍ද. අපි කඳ් අවුරුශාට්, ප්‍රාදණකා ශා්් ාැ්ට ටයුතු ශග් ක්ව්‍ද. අා උශශ ාා ්් ප්‍රාදා වුශණ් තව්‍්, විශශ මූකය ප්‍රාව්‍කිර් ාරුව්‍්ශ ිරව්‍ද ආහද ක ශව්‍නුශව්‍් ්හශකෝගකක් කඳද ගැනීා ්ඳහද ්ද ච්ඡදව්‍ ට ් ඳ්ධ්‍ වූ ිර්දයි.

ගු වීරසු න වීරසිාංහ හරා (ைொண்புைிகு வீரசுைன வீரசிங்ஹ) (The Hon. Weerasumana Weerasinghe) ගරු ාද්දක තුාිර -

ගු කථානායකුර ා (ைொண்புைிகு சபொநொயகர் அவர்கள்) (The Hon. Speaker) ගරු වී ජීා් වී ියාහ ා්ත්‍රීතුාද දක්ාිර් ිරක්්.

ගු වීරසු න වීරසිාංහ හරා (ைொண்புைிகு வீரசுைன வீரசிங்ஹ) (The Hon. Weerasumana Weerasinghe) ගරු අධ්‍යදප් ඇාිරතුාිර යුශ්්ථශ ෝ ්ාවිධ්‍ද්ශය් අධ්‍යක්ෂ ාණ්ඩකකට ශ්,ීමා පිිබඳාව්‍ අපි ඔඳතුාදට ජීඳ පත්ව්‍ද.","අශ්ක් පැ්,ශත් ශපළ ශපෝ, මුද්‍රණක ිරීමා ්ඳහද රුපිකල් බිලික් 20ක් ශව්‍් කද ිරශඳ්ව්‍ද. හැඳැයි ශ අවුරුශශශ අපි මුද්‍රණ රුව්‍්ට ශට්ඩක ශා්ශ ොට තව්‍ අඩු වුණද. ිර්ද තැ්්, විකා ව්‍් ප්‍රාදණශක් තව්‍ ප්‍රාදණකක් මුාල් දිරිප ශව්‍්ව්‍ද. ිර්ද අපට ්ඳහද ශ අක ව්‍ැක තුිබ්ා ප්‍රිරපදා් ශව්‍් ග්් අාදරු ශව්‍් ක් ්ැහැ. ාා ්ඳහද ඔඳතුා්කදශ අව්‍ධ්‍ද්ක ශකොමු ව්‍්් ැාැිරයි. ාා ව්‍තදව්‍ක් ඔක ව්‍ැශඩ් ළද. ාා අධ්‍යදප් ඇාිර ශක් ද්්ශ ොට ාදණ්ඩදගද කට ාද කද ක මුාල් ප්‍රාදණකක් ව්‍ැඩි ශග් තව්‍්, ශිෂයදධ්‍ද කඳද ශා් ාරුව්‍් 5 000ක් ව්‍ැඩි ළද. තශ ොට තායි 20 000 වුශණ්. යට ලි් ිරබුශණ් 15 000යි. ශකෝන්ද ශා ා ාා යළ ට ්ක ද ඳක්් .

ගු නීියඥ නදාර්ය) සුසිල් නප්‍රේ ජය් ර හරා (ைொண்புைிகு சட்டத்தரணி (கலொநிதி) சுசில் பிமரைஜயந்த) (The Hon. (Dr.) Susil Premajayantha, Attorney-at-Law) ාා යළ ට ාදව්‍ට අව්‍තීකණ ශව්‍්් . ගරු ාද්දක තුාිර විත ක් ශ්ශව්‍යි. ාා අභිශකෝග ිරහිපකක් ාැශශශ ාරුව්‍් කක්ෂ 8 ට ශ්ොමිශල් පදව්‍හ් කඳද ගැනීා ්ඳහද ශා්ැ ඳක ාද්ශය් ාැා ාදගක ශව්‍්් ලි් ව්‍වුචකප්, ශඳාද දීාට ාැ්ට ටයුතු කද අව්‍්ද්යි. අාදතය ාණ්ඩක

817 818

[ගරු ඩක්ථ අකහටිශපරුා ාහතද]

202] ශ්ොව්‍ැ ඳක 17

්ාශශ ක්, කැබිකද ිරශඳ්ව්‍ද; ාදණ්ඩදගද අනුාැිරක්, කැබිකද ිරශඳ්ව්‍ද. අපි කඳ් අවුරුශාට්, ප්‍රාදණකා ශා්් ාැ්ට ටයුතු ශග් ක්ව්‍ද. අා උශශ ාා ්් ප්‍රාදා වුශණ් තව්‍්, විශශ මූකය ප්‍රාව්‍කිර් ාරුව්‍්ශ ිරව්‍ද ආහද ක ශව්‍නුශව්‍් ්හශකෝගකක් කඳද ගැනීා ්ඳහද ්ද ච්ඡදව්‍ ට ් ඳ්ධ්‍ වූ ිර්දයි.

ගු වීරසු න වීරසිාංහ හරා (ைொண்புைிகு வீரசுைன வீரசிங்ஹ) (The Hon. Weerasumana Weerasinghe) ගරු ාද්දක තුාිර -

ගු කථානායකුර ා (ைொண்புைிகு சபொநொயகர் அவர்கள்) (The Hon. Speaker) ගරු වී ජීා් වී ියාහ ා්ත්‍රීතුාද දක්ාිර් ිරක්්.

ගු වීරසු න වීරසිාංහ හරා (ைொண்புைிகு வீரசுைன வீரசிங்ஹ) (The Hon. Weerasumana Weerasinghe) ගරු අධ්‍යදප් ඇාිරතුාිර යුශ්්ථශ ෝ ්ාවිධ්‍ද්ශය් අධ්‍යක්ෂ ාණ්ඩකකට ශ්,ීමා පිිබඳාව්‍ අපි ඔඳතුාදට ජීඳ පත්ව්‍ද.","අශ්ක් පැ්,ශත් ශපළ ශපෝ, මුද්‍රණක ිරීමා ්ඳහද රුපිකල් බිලික් 20ක් ශව්‍් කද ිරශඳ්ව්‍ද. හැඳැයි ශ අවුරුශශ",2023-11-17,2023-11-17-2023-11-17,"අශ්ක් පැ්,ශත් ශපළ ශපෝ, මුද්‍රණක ිරීමා ්ඳහද රුපිකල් බිලික් 20ක් ශව්‍් කද ිරශඳ්ව්‍ද. හැඳැයි ශ අවුරුශශශ අපි මුද්‍රණ රුව්‍්ට ශට්ඩක ශා්ශ ොට තව්‍ අඩු වුණද. ිර්ද තැ්්, විකා ව්‍් ප්‍රාදණශක් තව්‍ ප්‍රාදණකක් මුාල් දිරිප ශව්‍්ව්‍ද. ිර්ද අපට ්ඳහද ශ අක ව්‍ැක තුිබ්ා ප්‍රිරපදා් ශව්‍් ග්් අාදරු ශව්‍් ක් ්ැහැ. ාා ්ඳහද ඔඳතුා්කදශ අව්‍ධ්‍ද්ක ශකොමු ව්‍්් ැාැිරයි. ාා ව්‍තදව්‍ක් ඔක ව්‍ැශඩ් ළද. ාා අධ්‍යදප් ඇාිර ශක් ද්්ශ ොට ාදණ්ඩදගද කට ාද කද ක මුාල් ප්‍රාදණකක් ව්‍ැඩි ශග් තව්‍්, ශිෂයදධ්‍ද කඳද ශා් ාරුව්‍් 5 000ක් ව්‍ැඩි ළද. තශ ොට තායි 20 000 වුශණ්. යට ලි් ිරබුශණ් 15 000යි. ශකෝන්ද ශා ා ාා යළ ට ්ක ද ඳක්් .

ගු නීියඥ නදාර්ය) සුසිල් නප්‍රේ ජය් ර හරා (ைொண்புைிகு சட்டத்தரணி (கலொநிதி) சுசில் பிமரைஜயந்த) (The Hon. (Dr.) Susil Premajayantha, Attorney-at-Law) ාා යළ ට ාදව්‍ට අව්‍තීකණ ශව්‍්් . ගරු ාද්දක තුාිර විත ක් ශ්ශව්‍යි. ාා අභිශකෝග ිරහිපකක් ාැශශශ ාරුව්‍් කක්ෂ 8 ට ශ්ොමිශල් පදව්‍හ් කඳද ගැනීා ්ඳහද ශා්ැ ඳක ාද්ශය් ාැා ාදගක ශව්‍්් ලි් ව්‍වුචකප්, ශඳාද දීාට ාැ්ට ටයුතු කද අව්‍්ද්යි. අාදතය ාණ්ඩක

817 818

[ගරු ඩක්ථ අකහටිශපරුා ාහතද]

202] ශ්ොව්‍ැ ඳක 17

්ාශශ ක්, කැබිකද ිරශඳ්ව්‍ද; ාදණ්ඩදගද අනුාැිරක්, කැබිකද ිරශඳ්ව්‍ද. අපි කඳ් අවුරුශාට්, ප්‍රාදණකා ශා්් ාැ්ට ටයුතු ශග් ක්ව්‍ද. අා උශශ ාා ්් ප්‍රාදා වුශණ් තව්‍්, විශශ මූකය ප්‍රාව්‍කිර් ාරුව්‍්ශ ිරව්‍ද ආහද ක ශව්‍නුශව්‍් ්හශකෝගකක් කඳද ගැනීා ්ඳහද ්ද ච්ඡදව්‍ ට ් ඳ්ධ්‍ වූ ිර්දයි.

ගු වීරසු න වීරසිාංහ හරා (ைொண்புைிகு வீரசுைன வீரசிங்ஹ) (The Hon. Weerasumana Weerasinghe) ගරු ාද්දක තුාිර -

ගු කථානායකුර ා (ைொண்புைிகு சபொநொயகர் அவர்கள்) (The Hon. Speaker) ගරු වී ජීා් වී ියාහ ා්ත්‍රීතුාද දක්ාිර් ිරක්්.

ගු වීරසු න වීරසිාංහ හරා (ைொண்புைிகு வீரசுைன வீரசிங்ஹ) (The Hon. Weerasumana Weerasinghe) ගරු අධ්‍යදප් ඇාිරතුාිර යුශ්්ථශ ෝ ්ාවිධ්‍ද්ශය් අධ්‍යක්ෂ ාණ්ඩකකට ශ්,ීමා පිිබඳාව්‍ අපි ඔඳතුාදට ජීඳ පත්ව්‍ද.",hansard,1.0,1
lk_hansard_2020s,2023-11-17-2023-11-17,2023-11-17,2023-11-17,"Hansard of November 17, 2023",https://www.parliament.lk/en/business-of-parliament/hansards,si-ta-en,https://www.parliament.lk/uploads/documents/hansard/1701515168057680.pdf,2023-11-17-2023-11-17-0054,54,si-ta-en,1c01456d05e22a59f1948c63c0672680,4142,"ගු කථානායකුර ා (ைொண்புைிகு சபொநொயகர் அவர்கள்) (The Hon. Speaker) ගරු වී ජීා් වී ියාහ ා්ත්‍රීතුාද දක්ාිර් ිරක්්.

ගු වීරසු න වීරසිාංහ හරා (ைொண்புைிகு வீரசுைன வீரசிங்ஹ) (The Hon. Weerasumana Weerasinghe) ගරු අධ්‍යදප් ඇාිරතුාිර යුශ්්ථශ ෝ ්ාවිධ්‍ද්ශය් අධ්‍යක්ෂ ාණ්ඩකකට ශ්,ීමා පිිබඳාව්‍ අපි ඔඳතුාදට ජීඳ පත්ව්‍ද.

ගු ඩල න අලහප්නපු හරා (ைொண்புைிகு டலஸ் அழஹப்தபருை) (The Hon. Dullas Alahapperuma) ගරු ඇාිරතුාිර කඳ් අවුරුශශශ cut-off mark ශපොඩ්ඩක් පහළට කයි ිරකකද හිත්ව්‍ද. අා උශශ කැබුණු ශිෂය්,ව්‍ විාදගශය් ප්‍රිරඵකව්‍ක cut-off mark 154යි. ිරක්ශ් ියකකට 76ක්; B plus ක්. ිරක්ශ් අක දහළ තැ් ද්් ාරුශව්‍ෝ. අපි හිතමු ාරුව්‍් ]0 000 සීාදව්‍ට ශග් කහිල්කද cut-off mark 140 වුණද ිරකකද. ිරක්ශ් ියකකට 70 ට ආ්්් ප්‍රාදණකක්. ාරුව්‍් අිර විශිෂථට ාරුව්‍්. ගැ් ිරිය තක කක් ්ැහැ.

ගු නීියඥ නදාර්ය) සුසිල් නප්‍රේ ජය් ර හරා (ைொண்புைிகு சட்டத்தரணி (கலொநிதி) சுசில் பிமரைஜயந்த) (The Hon. (Dr.) Susil Premajayantha, Attorney-at-Law) ගරු ාද්දක තුාිර ාැ්ට අාදතය ාණ්ඩකක අනුාත කද ිරශඳ් අධ්‍යදප් ප්‍රිර්ා්ථ ණ කඳ් ්ිරශය් ාා ආාශි අධීක්ෂණ ද ්ාදව්‍ට ශකොමු ්ව්‍ද. ක අනුාත ශව්‍්ව්‍ද්, ක් ා පශහේ ශිෂය්,ව්‍ විාදගක මීට ව්‍ඩද ් ක ිරීමා ්ඳහද

ාරුව්‍්ට ් පීඩ්ක අව්‍ා ිරීමා ්ඳහද අව්‍ ය ව්‍් ශකෝන්ද දිරිපප්, ශව්‍්ව්‍ද. ාා ශා්ැ ඳක ාද්ශය් 2ව්‍ැිර ාදට ියකලු පදකලිශ ්තු ා්ත්‍රීව්‍රු්ට ව්‍ැඩමුළුව්‍ක් පව්‍්,ව්‍ද අක ව්‍ැක ප්‍රිරපදා් ්හ ශ ියකල්ක පිිබඳඳව්‍ පැහැිරලි ිරීමාක් ්ව්‍ද.

ගු කථානායකුර ා (ைொண்புைிகு சபொநொயகர் அவர்கள்) (The Hon. Speaker) ප්‍රධ්‍ද් ව්‍ැඩ ටයුතු ආ ාශය්දී ශකෝන්ද පිිබඳඳ ාැනු දීා ගරු ්ාද්දක තුාද.

අ ාර‍ාාංශ් උය ේපන ශ්ක කාරක ා அமைச்சுசொர் ஆமலொசமனக் குழுக்கள் MINISTERIAL CONSULTATIVE COMMITTEES

ගු නීියඥ නදාර්ය) සුසිල් නප්‍රේ ජය් ර හරා (ைொண்புைிகு சட்டத்தரணி (கலொநிதி) சுசில் பிமரைஜயந்த) (The Hon. (Dr.) Susil Premajayantha, Attorney-at-Law) ගරු ාද්දක තුාිර ාද පහත ්ඳහ් ශකෝන්දව්‍ දිරිපප්, ්ව්‍ද","ගු කථානායකුර ා (ைொண்புைிகு சபொநொயகர் அவர்கள்) (The Hon. Speaker) ගරු වී ජීා් වී ියාහ ා්ත්‍රීතුාද දක්ාිර් ිරක්්.

ගු වීරසු න වීරසිාංහ හරා (ைொண்புைிகு வீரசுைன வீரசிங்ஹ) (The Hon. Weerasumana Weerasinghe) ගරු අධ්‍යදප් ඇාිරතුාිර යුශ්්ථශ ෝ ්ාවිධ්‍ද්ශය් අධ්‍යක්ෂ ාණ්ඩකකට ශ්,ීමා පිිබඳාව්‍ අපි ඔඳතුාදට ජීඳ පත්ව්‍ද.

ගු ඩල න අලහප්නපු හරා (ைொண்புைிகு டலஸ் அழஹப்தபருை) (The Hon. Dullas Alahapperuma) ගරු ඇාිරතුාිර කඳ් අවුරුශශශ cut-off mark ශපොඩ්ඩක් පහළට කයි ිරකකද හිත්ව්‍ද. අා උශශ කැබුණු ශිෂය්,ව්‍ විාදගශය් ප්‍රිරඵකව්‍ක cut-off mark 154යි. ිරක්ශ් ියකකට 76ක්; B plus ක්. ිරක්ශ් අක දහළ තැ් ද්් ාරුශව්‍ෝ. අපි හිතමු ාරුව්‍් ]0 000 සීාදව්‍ට ශග් කහිල්කද cut-off mark 140 වුණද ිරකකද. ිරක්ශ් ියකකට 70 ට ආ්්් ප්‍රාදණකක්. ාරුව්‍් අිර විශිෂථට ාරුව්‍්. ගැ් ිරිය තක කක් ්ැහැ.

ගු නීියඥ නදාර්ය) සුසිල් නප්‍රේ ජය් ර හරා (ைொண்புைிகு சட்டத்தரணி (கலொநிதி) சுசில் பிமரைஜயந்த) (The Hon. (Dr.) Susil Premajayantha, Attorney-at-Law) ගරු ාද්දක තුාිර ාැ්ට අාදතය ාණ්ඩකක අනුාත කද ිරශඳ් අධ්‍යදප් ප්‍රිර්ා්ථ ණ කඳ් ්ිරශය් ාා ආාශි අධීක්ෂණ ද ්ාදව්‍ට ශකොමු ්ව්‍ද. ක අනුාත ශව්‍්ව්‍ද්, ක් ා පශහේ ශිෂය්,ව්‍ විාදගක මීට ව්‍ඩද ් ක ිරීමා ්ඳහද

ාරුව්‍්ට ් පීඩ්ක අව්‍ා ිරීමා ්ඳහද අව්‍ ය ව්‍් ශකෝන්ද දිරිපප්, ශව්‍්ව්‍ද. ාා ශා්ැ ඳක ාද්ශය් 2ව්‍ැිර ාදට ියකලු පදකලිශ ්තු ා්ත්‍රීව්‍රු්ට ව්‍ැඩමුළුව්‍ක් පව්‍්,ව්‍ද අක ව්‍ැක ප්‍රිරපදා් ්හ ශ ියකල්ක පිිබඳඳව්‍ පැහැිරලි ිරීමාක් ්ව්‍ද.

ගු කථානායකුර ා (ைொண்புைிகு சபொநொயகர் அவர்கள்) (The Hon. Speaker) ප්‍රධ්‍ද් ව්‍ැඩ ටයුතු ආ ාශය්දී ශකෝන්ද පිිබඳඳ ාැනු දීා ගරු ්ාද්දක තුාද.

අ ාර‍ාාංශ් උය ේපන ශ්ක කාරක ා அமைச்சுசொர் ஆமலொசமனக் குழுக்கள் MINISTERIAL CONSULTATIVE COMMITTEES

ගු නීියඥ නදාර්ය) සුසිල් නප්‍රේ ජය් ර හරා (ைொண்புைிகு சட்டத்தரணி (கலொநிதி) சுசில் பிமரைஜயந்த) (The Hon. (Dr.) Susil Premajayantha, Attorney-at-Law) ගරු ාද්දක තුාිර ාද පහත ්ඳහ් ශකෝන්දව්‍ දිරිපප්, ්ව්‍ද",ගු කථානායකුර ා (ைொண்புைிகு சபொநொயகர் அவர்கள்) (The Hon. Speaker) ගරු වී ජීා් වී ියාහ ා්ත්‍රීතුාද ,2023-11-17,2023-11-17-2023-11-17,"ගු කථානායකුර ා (ைொண்புைிகு சபொநொயகர் அவர்கள்) (The Hon. Speaker) ගරු වී ජීා් වී ියාහ ා්ත්‍රීතුාද දක්ාිර් ිරක්්.

ගු වීරසු න වීරසිාංහ හරා (ைொண்புைிகு வீரசுைன வீரசிங்ஹ) (The Hon. Weerasumana Weerasinghe) ගරු අධ්‍යදප් ඇාිරතුාිර යුශ්්ථශ ෝ ්ාවිධ්‍ද්ශය් අධ්‍යක්ෂ ාණ්ඩකකට ශ්,ීමා පිිබඳාව්‍ අපි ඔඳතුාදට ජීඳ පත්ව්‍ද.

ගු ඩල න අලහප්නපු හරා (ைொண்புைிகு டலஸ் அழஹப்தபருை) (The Hon. Dullas Alahapperuma) ගරු ඇාිරතුාිර කඳ් අවුරුශශශ cut-off mark ශපොඩ්ඩක් පහළට කයි ිරකකද හිත්ව්‍ද. අා උශශ කැබුණු ශිෂය්,ව්‍ විාදගශය් ප්‍රිරඵකව්‍ක cut-off mark 154යි. ිරක්ශ් ියකකට 76ක්; B plus ක්. ිරක්ශ් අක දහළ තැ් ද්් ාරුශව්‍ෝ. අපි හිතමු ාරුව්‍් ]0 000 සීාදව්‍ට ශග් කහිල්කද cut-off mark 140 වුණද ිරකකද. ිරක්ශ් ියකකට 70 ට ආ්්් ප්‍රාදණකක්. ාරුව්‍් අිර විශිෂථට ාරුව්‍්. ගැ් ිරිය තක කක් ්ැහැ.

ගු නීියඥ නදාර්ය) සුසිල් නප්‍රේ ජය් ර හරා (ைொண்புைிகு சட்டத்தரணி (கலொநிதி) சுசில் பிமரைஜயந்த) (The Hon. (Dr.) Susil Premajayantha, Attorney-at-Law) ගරු ාද්දක තුාිර ාැ්ට අාදතය ාණ්ඩකක අනුාත කද ිරශඳ් අධ්‍යදප් ප්‍රිර්ා්ථ ණ කඳ් ්ිරශය් ාා ආාශි අධීක්ෂණ ද ්ාදව්‍ට ශකොමු ්ව්‍ද. ක අනුාත ශව්‍්ව්‍ද්, ක් ා පශහේ ශිෂය්,ව්‍ විාදගක මීට ව්‍ඩද ් ක ිරීමා ්ඳහද

ාරුව්‍්ට ් පීඩ්ක අව්‍ා ිරීමා ්ඳහද අව්‍ ය ව්‍් ශකෝන්ද දිරිපප්, ශව්‍්ව්‍ද. ාා ශා්ැ ඳක ාද්ශය් 2ව්‍ැිර ාදට ියකලු පදකලිශ ්තු ා්ත්‍රීව්‍රු්ට ව්‍ැඩමුළුව්‍ක් පව්‍්,ව්‍ද අක ව්‍ැක ප්‍රිරපදා් ්හ ශ ියකල්ක පිිබඳඳව්‍ පැහැිරලි ිරීමාක් ්ව්‍ද.

ගු කථානායකුර ා (ைொண்புைிகு சபொநொயகர் அவர்கள்) (The Hon. Speaker) ප්‍රධ්‍ද් ව්‍ැඩ ටයුතු ආ ාශය්දී ශකෝන්ද පිිබඳඳ ාැනු දීා ගරු ්ාද්දක තුාද.

අ ාර‍ාාංශ් උය ේපන ශ්ක කාරක ා அமைச்சுசொர் ஆமலொசமனக் குழுக்கள் MINISTERIAL CONSULTATIVE COMMITTEES

ගු නීියඥ නදාර්ය) සුසිල් නප්‍රේ ජය් ර හරා (ைொண்புைிகு சட்டத்தரணி (கலொநிதி) சுசில் பிமரைஜயந்த) (The Hon. (Dr.) Susil Premajayantha, Attorney-at-Law) ගරු ාද්දක තුාිර ාද පහත ්ඳහ් ශකෝන්දව්‍ දිරිපප්, ්ව්‍ද",hansard,1.0,1
lk_hansard_2020s,2023-11-17-2023-11-17,2023-11-17,2023-11-17,"Hansard of November 17, 2023",https://www.parliament.lk/en/business-of-parliament/hansards,si-ta-en,https://www.parliament.lk/uploads/documents/hansard/1701515168057680.pdf,2023-11-17-2023-11-17-0055,55,si-ta-en,c6cf13eac48083af99067175362e4862,4545,"ගු නීියඥ නදාර්ය) සුසිල් නප්‍රේ ජය් ර හරා (ைொண்புைிகு சட்டத்தரணி (கலொநிதி) சுசில் பிமரைஜயந்த) (The Hon. (Dr.) Susil Premajayantha, Attorney-at-Law) ගරු ාද්දක තුාිර ාද පහත ්ඳහ් ශකෝන්දව්‍ දිරිපප්, ්ව්‍ද

II ගු නීියඥ නදාර්ය) සුසිල් නප්‍රේ ජය් ර හරා (ைொண்புைிகு சட்டத்தரணி (கலொநிதி) சுசில் பிமரைஜயந்த) (The Hon. (Dr.) Susil Premajayantha, Attorney-at-Law) ගරු ාද්දක තුාිර ාද පහත ්ඳහ් ශකෝන්දව්‍ දිරිපප්, ්ව්‍ද

""පදකලිශ ්තුශය ්ථාදව්‍ ිරශකෝග 112(1)හි විධිවිධ්‍ද්ව්‍ක කුාක් ්ඳහ්ව්‍ ිරබුණ ා 202] ශ්ොව්‍ැ ඳක 16 ිර් ශ්,ීම ද ්ාදශය තී ණක ්හ අා ිර් ් ාත ් කා ශකෝන්දව්‍ පිපිර ෘෂි කා ්හ ව්‍ැවිලි කාද්ත ටයුතු පිිබඳඳ අාදතයදා යීක උපශශ ද ්ාදව්‍ අාදතය ාණ්ඩකශය් අාදළ විෂක ාද අාදතයව්‍ කද ්ාදපිරව්‍ කද වූා දනය අාදතයව්‍ කද ිරශකෝනය අාදතයව්‍ කද ්හ ශ්,ීම ද ්ාදව්‍ විිය් ් නු කඳ් ශව්‍්්, පදකලිශ ්තු ා්ත්‍රීව්‍ ක් ා් ශාශ්කුශග් (10) ්ා්විත වික යුතුක. ප්‍රශ්නනය වි න ලදි් , ා ම් ර විය. வினொ விடுக்கப்பட்டு ஏற்றுக்தகொள்ளப்பட்டது. Question put, and agreed to. ගු කථානායකුර ා (ைொண்புைிகு சபொநொயகர் அவர்கள்) (The Hon. Speaker) ිර්ට ිරකමිත ටයුතු ආ ා ්් ලි් ්ාදව්‍ට ාැනු ිරක යුතු ද ණකක් ිරශඳ්ව්‍ද. අා ාහව්‍ල් 1.00ට පව්‍්,ව්‍්් ිරකමිතව්‍ ිරබුණු COPE ස්්ථවීා ශ්ොපැව්‍ැ්,ශව්‍් ඳව්‍්, ්ැව්‍ත ාැනු ශා්තුරු COPE ස්්ථවී ශ්ොපැව්‍ැ්,ශව්‍් ඳව්‍්, ශ ගරු ්ාදව්‍ට ගරු ා්ත්‍රීව්‍රු්ට ාැනු ශා්ව්‍ද.

819 820

පදකලිශ ්තුව්‍

ගු නීියඥ ලතිකන ් ිරරිඇල්ල හරා (ைொண்புைிகு சட்டத்தரணி லக்ஷ்ைன் கிொிஎல்ல) (The Hon. Lakshman Kiriella, Attorney-at-Law) Sir, I rise to a point of Order.

ගරු ාද්දක තුාිර ඔඳතුාද ස්්ථශව්‍් ිර්කක් ිරක්්. ගු කථානායකුර ා (ைொண்புைிகு சபொநொயகர் அவர்கள்) (The Hon. Speaker) ගැ් අපි ල්ප්ද ඳකද ජීදුජී තී ණකක් ග්් . ගු නීියඥ ලතිකන ් ිරරිඇල්ල හරා (ைொண்புைிகு சட்டத்தரணி லக்ஷ்ைன் கிொிஎல்ல) (The Hon. Lakshman Kiriella, Attorney-at-Law) ගරු ාද්දක තුාිර ශ දලී් ප්‍ර ථ්කක්. ටා ඳකදශග් ද්්ව්‍ද ශාො ක්ා ශව්‍්ශ් ිරකකද. ඔඳතුාද ාද්දක . ශ ද ණක ඔඳතුාද අතට ග්් පුළුව්‍්. ිර්ද ිර්කක් ිරකා ්්.

ගු කථානායකුර ා (ைொண்புைிகு சபொநொயகர் அவர்கள்) (The Hon. Speaker) ගැ් ් පූකණ රුණු ්ක ද ඳකද ජීදුජී තී ණකක් ග්් .","ගු නීියඥ නදාර්ය) සුසිල් නප්‍රේ ජය් ර හරා (ைொண்புைிகு சட்டத்தரணி (கலொநிதி) சுசில் பிமரைஜயந்த) (The Hon. (Dr.) Susil Premajayantha, Attorney-at-Law) ගරු ාද්දක තුාිර ාද පහත ්ඳහ් ශකෝන්දව්‍ දිරිපප්, ්ව්‍ද

II ගු නීියඥ නදාර්ය) සුසිල් නප්‍රේ ජය් ර හරා (ைொண்புைிகு சட்டத்தரணி (கலொநிதி) சுசில் பிமரைஜயந்த) (The Hon. (Dr.) Susil Premajayantha, Attorney-at-Law) ගරු ාද්දක තුාිර ාද පහත ්ඳහ් ශකෝන්දව්‍ දිරිපප්, ්ව්‍ද

""පදකලිශ ්තුශය ්ථාදව්‍ ිරශකෝග 112(1)හි විධිවිධ්‍ද්ව්‍ක කුාක් ්ඳහ්ව්‍ ිරබුණ ා 202] ශ්ොව්‍ැ ඳක 16 ිර් ශ්,ීම ද ්ාදශය තී ණක ්හ අා ිර් ් ාත ් කා ශකෝන්දව්‍ පිපිර ෘෂි කා ්හ ව්‍ැවිලි කාද්ත ටයුතු පිිබඳඳ අාදතයදා යීක උපශශ ද ්ාදව්‍ අාදතය ාණ්ඩකශය් අාදළ විෂක ාද අාදතයව්‍ කද ්ාදපිරව්‍ කද වූා දනය අාදතයව්‍ කද ිරශකෝනය අාදතයව්‍ කද ්හ ශ්,ීම ද ්ාදව්‍ විිය් ් නු කඳ් ශව්‍්්, පදකලිශ ්තු ා්ත්‍රීව්‍ ක් ා් ශාශ්කුශග් (10) ්ා්විත වික යුතුක. ප්‍රශ්නනය වි න ලදි් , ා ම් ර විය. வினொ விடுக்கப்பட்டு ஏற்றுக்தகொள்ளப்பட்டது. Question put, and agreed to. ගු කථානායකුර ා (ைொண்புைிகு சபொநொயகர் அவர்கள்) (The Hon. Speaker) ිර්ට ිරකමිත ටයුතු ආ ා ්් ලි් ්ාදව්‍ට ාැනු ිරක යුතු ද ණකක් ිරශඳ්ව්‍ද. අා ාහව්‍ල් 1.00ට පව්‍්,ව්‍්් ිරකමිතව්‍ ිරබුණු COPE ස්්ථවීා ශ්ොපැව්‍ැ්,ශව්‍් ඳව්‍්, ්ැව්‍ත ාැනු ශා්තුරු COPE ස්්ථවී ශ්ොපැව්‍ැ්,ශව්‍් ඳව්‍්, ශ ගරු ්ාදව්‍ට ගරු ා්ත්‍රීව්‍රු්ට ාැනු ශා්ව්‍ද.

819 820

පදකලිශ ්තුව්‍

ගු නීියඥ ලතිකන ් ිරරිඇල්ල හරා (ைொண்புைிகு சட்டத்தரணி லக்ஷ்ைன் கிொிஎல்ல) (The Hon. Lakshman Kiriella, Attorney-at-Law) Sir, I rise to a point of Order.

ගරු ාද්දක තුාිර ඔඳතුාද ස්්ථශව්‍් ිර්කක් ිරක්්. ගු කථානායකුර ා (ைொண்புைிகு சபொநொயகர் அவர்கள்) (The Hon. Speaker) ගැ් අපි ල්ප්ද ඳකද ජීදුජී තී ණකක් ග්් . ගු නීියඥ ලතිකන ් ිරරිඇල්ල හරා (ைொண்புைிகு சட்டத்தரணி லக்ஷ்ைன் கிொிஎல்ல) (The Hon. Lakshman Kiriella, Attorney-at-Law) ගරු ාද්දක තුාිර ශ දලී් ප්‍ර ථ්කක්. ටා ඳකදශග් ද්්ව්‍ද ශාො ක්ා ශව්‍්ශ් ිරකකද. ඔඳතුාද ාද්දක . ශ ද ණක ඔඳතුාද අතට ග්් පුළුව්‍්. ිර්ද ිර්කක් ිරකා ්්.

ගු කථානායකුර ා (ைொண்புைிகு சபொநொயகர் அவர்கள்) (The Hon. Speaker) ගැ් ් පූකණ රුණු ්ක ද ඳකද ජීදුජී තී ණකක් ග්් .",ගු නීියඥ නදාර්ය) සුසිල් නප්‍රේ ජය් ර හරා (ைொண்புைிகு சட்டத்தரணி (கலொநிதி) சுசில் பிமரைஜயந்த) (The ,2023-11-17,2023-11-17-2023-11-17,"ගු නීියඥ නදාර්ය) සුසිල් නප්‍රේ ජය් ර හරා (ைொண்புைிகு சட்டத்தரணி (கலொநிதி) சுசில் பிமரைஜயந்த) (The Hon. (Dr.) Susil Premajayantha, Attorney-at-Law) ගරු ාද්දක තුාිර ාද පහත ්ඳහ් ශකෝන්දව්‍ දිරිපප්, ්ව්‍ද

II ගු නීියඥ නදාර්ය) සුසිල් නප්‍රේ ජය් ර හරා (ைொண்புைிகு சட்டத்தரணி (கலொநிதி) சுசில் பிமரைஜயந்த) (The Hon. (Dr.) Susil Premajayantha, Attorney-at-Law) ගරු ාද්දක තුාිර ාද පහත ්ඳහ් ශකෝන්දව්‍ දිරිපප්, ්ව්‍ද

""පදකලිශ ්තුශය ්ථාදව්‍ ිරශකෝග 112(1)හි විධිවිධ්‍ද්ව්‍ක කුාක් ්ඳහ්ව්‍ ිරබුණ ා 202] ශ්ොව්‍ැ ඳක 16 ිර් ශ්,ීම ද ්ාදශය තී ණක ්හ අා ිර් ් ාත ් කා ශකෝන්දව්‍ පිපිර ෘෂි කා ්හ ව්‍ැවිලි කාද්ත ටයුතු පිිබඳඳ අාදතයදා යීක උපශශ ද ්ාදව්‍ අාදතය ාණ්ඩකශය් අාදළ විෂක ාද අාදතයව්‍ කද ්ාදපිරව්‍ කද වූා දනය අාදතයව්‍ කද ිරශකෝනය අාදතයව්‍ කද ්හ ශ්,ීම ද ්ාදව්‍ විිය් ් නු කඳ් ශව්‍්්, පදකලිශ ්තු ා්ත්‍රීව්‍ ක් ා් ශාශ්කුශග් (10) ්ා්විත වික යුතුක. ප්‍රශ්නනය වි න ලදි් , ා ම් ර විය. வினொ விடுக்கப்பட்டு ஏற்றுக்தகொள்ளப்பட்டது. Question put, and agreed to. ගු කථානායකුර ා (ைொண்புைிகு சபொநொயகர் அவர்கள்) (The Hon. Speaker) ිර්ට ිරකමිත ටයුතු ආ ා ්් ලි් ්ාදව්‍ට ාැනු ිරක යුතු ද ණකක් ිරශඳ්ව්‍ද. අා ාහව්‍ල් 1.00ට පව්‍්,ව්‍්් ිරකමිතව්‍ ිරබුණු COPE ස්්ථවීා ශ්ොපැව්‍ැ්,ශව්‍් ඳව්‍්, ්ැව්‍ත ාැනු ශා්තුරු COPE ස්්ථවී ශ්ොපැව්‍ැ්,ශව්‍් ඳව්‍්, ශ ගරු ්ාදව්‍ට ගරු ා්ත්‍රීව්‍රු්ට ාැනු ශා්ව්‍ද.

819 820

පදකලිශ ්තුව්‍

ගු නීියඥ ලතිකන ් ිරරිඇල්ල හරා (ைொண்புைிகு சட்டத்தரணி லக்ஷ்ைன் கிொிஎல்ல) (The Hon. Lakshman Kiriella, Attorney-at-Law) Sir, I rise to a point of Order.

ගරු ාද්දක තුාිර ඔඳතුාද ස්්ථශව්‍් ිර්කක් ිරක්්. ගු කථානායකුර ා (ைொண்புைிகு சபொநொயகர் அவர்கள்) (The Hon. Speaker) ගැ් අපි ල්ප්ද ඳකද ජීදුජී තී ණකක් ග්් . ගු නීියඥ ලතිකන ් ිරරිඇල්ල හරා (ைொண்புைிகு சட்டத்தரணி லக்ஷ்ைன் கிொிஎல்ல) (The Hon. Lakshman Kiriella, Attorney-at-Law) ගරු ාද්දක තුාිර ශ දලී් ප්‍ර ථ්කක්. ටා ඳකදශග් ද්්ව්‍ද ශාො ක්ා ශව්‍්ශ් ිරකකද. ඔඳතුාද ාද්දක . ශ ද ණක ඔඳතුාද අතට ග්් පුළුව්‍්. ිර්ද ිර්කක් ිරකා ්්.

ගු කථානායකුර ා (ைொண்புைிகு சபொநொயகர் அவர்கள்) (The Hon. Speaker) ගැ් ් පූකණ රුණු ්ක ද ඳකද ජීදුජී තී ණකක් ග්් .",hansard,1.0,1
lk_hansard_2020s,2023-11-17-2023-11-17,2023-11-17,2023-11-17,"Hansard of November 17, 2023",https://www.parliament.lk/en/business-of-parliament/hansards,si-ta-en,https://www.parliament.lk/uploads/documents/hansard/1701515168057680.pdf,2023-11-17-2023-11-17-0056,56,si-ta-en,c2d56e84479c524765de5b4d13653714,4489,"ගරු ාද්දක තුාිර ඔඳතුාද ස්්ථශව්‍් ිර්කක් ිරක්්. ගු කථානායකුර ා (ைொண்புைிகு சபொநொயகர் அவர்கள்) (The Hon. Speaker) ගැ් අපි ල්ප්ද ඳකද ජීදුජී තී ණකක් ග්් . ගු නීියඥ ලතිකන ් ිරරිඇල්ල හරා (ைொண்புைிகு சட்டத்தரணி லக்ஷ்ைன் கிொிஎல்ல) (The Hon. Lakshman Kiriella, Attorney-at-Law) ගරු ාද්දක තුාිර ශ දලී් ප්‍ර ථ්කක්. ටා ඳකදශග් ද්්ව්‍ද ශාො ක්ා ශව්‍්ශ් ිරකකද. ඔඳතුාද ාද්දක . ශ ද ණක ඔඳතුාද අතට ග්් පුළුව්‍්. ිර්ද ිර්කක් ිරකා ්්.

ගු කථානායකුර ා (ைொண்புைிகு சபொநொயகர் அவர்கள்) (The Hon. Speaker) ගැ් ් පූකණ රුණු ්ක ද ඳකද ජීදුජී තී ණකක් ග්් .

ගු කථානායකුර ා (ைொண்புைிகு சபொநொயகர் அவர்கள்) (The Hon. Speaker) ිරශඳ් අවුල් ්හගත ත්,්,ව්‍ක වි්ඳකද තායි යළ ස්්ථවීා පව්‍්,ව්‍්ශ්.

ගු නීියඥ ලතිකන ් ිරරිඇල්ල හරා (ைொண்புைிகு சட்டத்தரணி லக்ஷ்ைன் கிொிஎல்ல) (The Hon. Lakshman Kiriella, Attorney-at-Law) වි්ඳ්ව්‍ද ිරකකද ිර ක පිටුප් ශශ පදක්ක ශකොාව්‍ද ශ ප්‍ර ථ් වි්ඳ්් ක්් පද. ල් ාැ ශ ට. ශහා ශළේ ිර ක පිටුප් ශශ පදක් ඳකක ශකොාව්‍ද ශව්‍් පැ්,ත ට කව්‍්්. ාා ිරක්ශ් ශ තී ණක ග්් ්දාදික ක්ට දඩ ශා්් ිරකකදයි. පක්ෂ විපක්ෂ ශාපැ්,ශ්,ා ්දාදික ක් ද්්ව්‍ද ශ්. Allow the Hon. Members to decide; ්ාදික ක්ට දඩ ශා්් ගරු ාද්දක තුාිර. ාැ් ශ හා්ශ් ිර ක පිටුප් ශශ පදක්ක පදවිච්චි කද ක ිරිය ක්‍රිකදාදකගකක් ග්්. ාා ා්්ව්‍ද ශ් ඔඳතුාද හැශ ්ශ ොට.

ගු කථානායකුර ා (ைொண்புைிகு சபொநொயகர் அவர்கள்) (The Hon. Speaker) ාා හැශ ්ශ ොට ඔඳතුාද ාැ්ග්ශ් ශ ොශහොාා? ගු නීියඥ ලතිකන ් ිරරිඇල්ල හරා (ைொண்புைிகு சட்டத்தரணி லக்ஷ்ைன் கிொிஎல்ல) (The Hon. Lakshman Kiriella, Attorney-at-Law) ාා අවුරුදු ගණ්ක් ශාතැ් හිස්කදශ්. ඔඳතුාද ක් අා්දපකක් ්ැහැ. ්මු්, තායි ඇ්,ත. තී ණක ්් ්දාදික ක්ට දඩ ශා්්; allow the Hon. Members to decide.

ගු කථානායකුර ා (ைொண்புைிகு சபொநொயகர் அவர்கள்) (The Hon. Speaker) ්දාදික ක්ට තායි අව්‍්ද් තී ණක ග්් ිරශඳ්ශ්. තායි ීමිරක. අනුව්‍ ටයුතු ්ව්‍ද ඇිර. ශතක් දව්‍්දශග් ද්්.

්යදක පත්‍රශය් විෂක අා 1. වි්කන් ප්්, ශ ටු පත 2024 ියයව්‍ැිර ශව්‍් ළ ිර්ක.

වි ර්ජන පනත් නකටුම්පර, 2024

ஒதுக்கீட்டுச் சட்டமூலம், 2024

APPROPRIATION BILL, 2024

කල් රබන ලද විවාදය රවෂ්ර ත් පවත්වනු ිළණි නිනය ගය ිරයවන ලදී.","ගරු ාද්දක තුාිර ඔඳතුාද ස්්ථශව්‍් ිර්කක් ිරක්්. ගු කථානායකුර ා (ைொண்புைிகு சபொநொயகர் அவர்கள்) (The Hon. Speaker) ගැ් අපි ල්ප්ද ඳකද ජීදුජී තී ණකක් ග්් . ගු නීියඥ ලතිකන ් ිරරිඇල්ල හරා (ைொண்புைிகு சட்டத்தரணி லக்ஷ்ைன் கிொிஎல்ல) (The Hon. Lakshman Kiriella, Attorney-at-Law) ගරු ාද්දක තුාිර ශ දලී් ප්‍ර ථ්කක්. ටා ඳකදශග් ද්්ව්‍ද ශාො ක්ා ශව්‍්ශ් ිරකකද. ඔඳතුාද ාද්දක . ශ ද ණක ඔඳතුාද අතට ග්් පුළුව්‍්. ිර්ද ිර්කක් ිරකා ්්.

ගු කථානායකුර ා (ைொண்புைிகு சபொநொயகர் அவர்கள்) (The Hon. Speaker) ගැ් ් පූකණ රුණු ්ක ද ඳකද ජීදුජී තී ණකක් ග්් .

ගු කථානායකුර ා (ைொண்புைிகு சபொநொயகர் அவர்கள்) (The Hon. Speaker) ිරශඳ් අවුල් ්හගත ත්,්,ව්‍ක වි්ඳකද තායි යළ ස්්ථවීා පව්‍්,ව්‍්ශ්.

ගු නීියඥ ලතිකන ් ිරරිඇල්ල හරා (ைொண்புைிகு சட்டத்தரணி லக்ஷ்ைன் கிொிஎல்ல) (The Hon. Lakshman Kiriella, Attorney-at-Law) වි්ඳ්ව්‍ද ිරකකද ිර ක පිටුප් ශශ පදක්ක ශකොාව්‍ද ශ ප්‍ර ථ් වි්ඳ්් ක්් පද. ල් ාැ ශ ට. ශහා ශළේ ිර ක පිටුප් ශශ පදක් ඳකක ශකොාව්‍ද ශව්‍් පැ්,ත ට කව්‍්්. ාා ිරක්ශ් ශ තී ණක ග්් ්දාදික ක්ට දඩ ශා්් ිරකකදයි. පක්ෂ විපක්ෂ ශාපැ්,ශ්,ා ්දාදික ක් ද්්ව්‍ද ශ්. Allow the Hon. Members to decide; ්ාදික ක්ට දඩ ශා්් ගරු ාද්දක තුාිර. ාැ් ශ හා්ශ් ිර ක පිටුප් ශශ පදක්ක පදවිච්චි කද ක ිරිය ක්‍රිකදාදකගකක් ග්්. ාා ා්්ව්‍ද ශ් ඔඳතුාද හැශ ්ශ ොට.

ගු කථානායකුර ා (ைொண்புைிகு சபொநொயகர் அவர்கள்) (The Hon. Speaker) ාා හැශ ්ශ ොට ඔඳතුාද ාැ්ග්ශ් ශ ොශහොාා? ගු නීියඥ ලතිකන ් ිරරිඇල්ල හරා (ைொண்புைிகு சட்டத்தரணி லக்ஷ்ைன் கிொிஎல்ல) (The Hon. Lakshman Kiriella, Attorney-at-Law) ාා අවුරුදු ගණ්ක් ශාතැ් හිස්කදශ්. ඔඳතුාද ක් අා්දපකක් ්ැහැ. ්මු්, තායි ඇ්,ත. තී ණක ්් ්දාදික ක්ට දඩ ශා්්; allow the Hon. Members to decide.

ගු කථානායකුර ා (ைொண்புைிகு சபொநொயகர் அவர்கள்) (The Hon. Speaker) ්දාදික ක්ට තායි අව්‍්ද් තී ණක ග්් ිරශඳ්ශ්. තායි ීමිරක. අනුව්‍ ටයුතු ්ව්‍ද ඇිර. ශතක් දව්‍්දශග් ද්්.

්යදක පත්‍රශය් විෂක අා 1. වි්කන් ප්්, ශ ටු පත 2024 ියයව්‍ැිර ශව්‍් ළ ිර්ක.

වි ර්ජන පනත් නකටුම්පර, 2024

ஒதுக்கீட்டுச் சட்டமூலம், 2024

APPROPRIATION BILL, 2024

කල් රබන ලද විවාදය රවෂ්ර ත් පවත්වනු ිළණි නිනය ගය ිරයවන ලදී.",ගරු ාද්දක තුාිර ඔඳතුාද ස්්ථශව්‍් ිර්කක් ිරක්්. ගු කථානායකුර ා (ைொண்புைிகு சபொநொயகர் அவர்கள்) (The,2023-11-17,2023-11-17-2023-11-17,"ගරු ාද්දක තුාිර ඔඳතුාද ස්්ථශව්‍් ිර්කක් ිරක්්. ගු කථානායකුර ා (ைொண்புைிகு சபொநொயகர் அவர்கள்) (The Hon. Speaker) ගැ් අපි ල්ප්ද ඳකද ජීදුජී තී ණකක් ග්් . ගු නීියඥ ලතිකන ් ිරරිඇල්ල හරා (ைொண்புைிகு சட்டத்தரணி லக்ஷ்ைன் கிொிஎல்ல) (The Hon. Lakshman Kiriella, Attorney-at-Law) ගරු ාද්දක තුාිර ශ දලී් ප්‍ර ථ්කක්. ටා ඳකදශග් ද්්ව්‍ද ශාො ක්ා ශව්‍්ශ් ිරකකද. ඔඳතුාද ාද්දක . ශ ද ණක ඔඳතුාද අතට ග්් පුළුව්‍්. ිර්ද ිර්කක් ිරකා ්්.

ගු කථානායකුර ා (ைொண்புைிகு சபொநொயகர் அவர்கள்) (The Hon. Speaker) ගැ් ් පූකණ රුණු ්ක ද ඳකද ජීදුජී තී ණකක් ග්් .

ගු කථානායකුර ා (ைொண்புைிகு சபொநொயகர் அவர்கள்) (The Hon. Speaker) ිරශඳ් අවුල් ්හගත ත්,්,ව්‍ක වි්ඳකද තායි යළ ස්්ථවීා පව්‍්,ව්‍්ශ්.

ගු නීියඥ ලතිකන ් ිරරිඇල්ල හරා (ைொண்புைிகு சட்டத்தரணி லக்ஷ்ைன் கிொிஎல்ல) (The Hon. Lakshman Kiriella, Attorney-at-Law) වි්ඳ්ව්‍ද ිරකකද ිර ක පිටුප් ශශ පදක්ක ශකොාව්‍ද ශ ප්‍ර ථ් වි්ඳ්් ක්් පද. ල් ාැ ශ ට. ශහා ශළේ ිර ක පිටුප් ශශ පදක් ඳකක ශකොාව්‍ද ශව්‍් පැ්,ත ට කව්‍්්. ාා ිරක්ශ් ශ තී ණක ග්් ්දාදික ක්ට දඩ ශා්් ිරකකදයි. පක්ෂ විපක්ෂ ශාපැ්,ශ්,ා ්දාදික ක් ද්්ව්‍ද ශ්. Allow the Hon. Members to decide; ්ාදික ක්ට දඩ ශා්් ගරු ාද්දක තුාිර. ාැ් ශ හා්ශ් ිර ක පිටුප් ශශ පදක්ක පදවිච්චි කද ක ිරිය ක්‍රිකදාදකගකක් ග්්. ාා ා්්ව්‍ද ශ් ඔඳතුාද හැශ ්ශ ොට.

ගු කථානායකුර ා (ைொண்புைிகு சபொநொயகர் அவர்கள்) (The Hon. Speaker) ාා හැශ ්ශ ොට ඔඳතුාද ාැ්ග්ශ් ශ ොශහොාා? ගු නීියඥ ලතිකන ් ිරරිඇල්ල හරා (ைொண்புைிகு சட்டத்தரணி லக்ஷ்ைன் கிொிஎல்ல) (The Hon. Lakshman Kiriella, Attorney-at-Law) ාා අවුරුදු ගණ්ක් ශාතැ් හිස්කදශ්. ඔඳතුාද ක් අා්දපකක් ්ැහැ. ්මු්, තායි ඇ්,ත. තී ණක ්් ්දාදික ක්ට දඩ ශා්්; allow the Hon. Members to decide.

ගු කථානායකුර ා (ைொண்புைிகு சபொநொயகர் அவர்கள்) (The Hon. Speaker) ්දාදික ක්ට තායි අව්‍්ද් තී ණක ග්් ිරශඳ්ශ්. තායි ීමිරක. අනුව්‍ ටයුතු ්ව්‍ද ඇිර. ශතක් දව්‍්දශග් ද්්.

්යදක පත්‍රශය් විෂක අා 1. වි්කන් ප්්, ශ ටු පත 2024 ියයව්‍ැිර ශව්‍් ළ ිර්ක.

වි ර්ජන පනත් නකටුම්පර, 2024

ஒதுக்கீட்டுச் சட்டமூலம், 2024

APPROPRIATION BILL, 2024

කල් රබන ලද විවාදය රවෂ්ර ත් පවත්වනු ිළණි නිනය ගය ිරයවන ලදී.",hansard,1.0,1
lk_hansard_2020s,2023-11-17-2023-11-17,2023-11-17,2023-11-17,"Hansard of November 17, 2023",https://www.parliament.lk/en/business-of-parliament/hansards,si-ta-en,https://www.parliament.lk/uploads/documents/hansard/1701515168057680.pdf,2023-11-17-2023-11-17-0057,57,si-ta-en,e138b8552c1157c856719c36a3db46e9,3813,"්යදක පත්‍රශය් විෂක අා 1. වි්කන් ප්්, ශ ටු පත 2024 ියයව්‍ැිර ශව්‍් ළ ිර්ක.

වි ර්ජන පනත් නකටුම්පර, 2024

ஒதுக்கீட்டுச் சட்டமூலம், 2024

APPROPRIATION BILL, 2024

කල් රබන ලද විවාදය රවෂ්ර ත් පවත්වනු ිළණි නිනය ගය ිරයවන ලදී.

ප්‍රශ්නනය යිතත් ාිමුඛඛ කරන ලදී. ஒத்திமவக்கப்பட்ட விவொதம் ைீளத் ததொடங்குதற்கொன கட்டமள வொசிக்கப்பட்டது.

சம்பந்தப்பட்ட வினொ - [நவம்பர் 13] ""சட்டமூலம் இப்தபொழுது இரண்டொம்முமற ைதிப்பிடப்படுைொக"" .- [ைொண்புைிகு ரணில் விக்கிரைசிங்ஹ]

வினொ ைீண்டும் எடுத்தியம்பப்பட்டது.

Order read for resuming Adjourned Debate on Question - [13th November]

""That the Bill be now read a Second time"".- [The Hon. Ranil Wickremesinghe]

Question again proposed. ගු කථානායකුර ා (ைொண்புைிகு சபொநொயகர் அவர்கள்) (The Hon. Speaker) විව්‍දාක ආ ා ිරීමා ගරු කක්ෂථා් ිරිපඇල්ක ාැිරතුාද. [පූ.ාද. 11.05] ගු නීියඥ ලතිකන ් ිරරිඇල්ල හරා (ைொண்புைிகு சட்டத்தரணி லக்ஷ்ைன் கிொிஎல்ல) (The Hon. Lakshman Kiriella, Attorney-at-Law) ගරු ාද්දක තුාිර ඇ්,ත ව්‍ ශක්ා ශ කැබිකද ිරශඳ් ශරේෂථධදධි ණ තී්දුව්‍ ගැ් වි දක ව්‍ ශක් ාද ළද. අපට්, පුදුාකක් වුණද 2019දී ශගෝධදාක දනපක්ෂ ාැිරතුාදශ පළමුව්‍ැිර අක ව්‍ැශක් රුපිකල් බිලික් 681ක් ඳදු පද හැිපකද ිරයව්‍දා. ශාෝ ආණ්ඩුව්‍ා කැශඳ් ආාදකා ්ැිර ග්ශ්? හැා ආණ්ඩුව්‍ක්ා ්ශ් ආාදකා ව්‍ැඩි ග්්. ඇ්,ත ව්‍ ශක්ා ් ඳ්ධ්‍ශක් අපි්, පුදුා වුණද. අක ව්‍ැක විව්‍දාශය්දී අපි ිරයව්‍ද ්් පද ිරකකද. ශහා වුශණ් ශව්‍් ිරියා ශාකක් ිර්ද ශ්ොශව්‍යි. න්දධිපිරව්‍ ණකට ලි් ශකොකු ්ාදග ව්‍ක ිරශකෝිකතක් ඔක්ශ ෝා ෂැාග්‍රි-කද ශහෝටකශය්දී ශගෝධදාක දනපක්ෂ ඇතුළු ණ්ඩදකා හ ඳ වුණද; වි දක උ්,්ව්‍කක් ිරබුණද. ශපොශ ෝදුව්‍ක් දු්්ද ශගෝධදාක දනපක්ෂ ිර්ව්‍්ව්‍ද ් ිරනුව්‍දට ප්ථශ්ේ ඳදු ඔක්ශ ෝා දව්‍්, ්ව්‍ද ිරකකද. යි ශහේතුව්‍. ශපොශ ෝදුව්‍ දු්ශ් ශාො ටා?

821 822

202] ශ්ොව්‍ැ ඳක 17","්යදක පත්‍රශය් විෂක අා 1. වි්කන් ප්්, ශ ටු පත 2024 ියයව්‍ැිර ශව්‍් ළ ිර්ක.

වි ර්ජන පනත් නකටුම්පර, 2024

ஒதுக்கீட்டுச் சட்டமூலம், 2024

APPROPRIATION BILL, 2024

කල් රබන ලද විවාදය රවෂ්ර ත් පවත්වනු ිළණි නිනය ගය ිරයවන ලදී.

ප්‍රශ්නනය යිතත් ාිමුඛඛ කරන ලදී. ஒத்திமவக்கப்பட்ட விவொதம் ைீளத் ததொடங்குதற்கொன கட்டமள வொசிக்கப்பட்டது.

சம்பந்தப்பட்ட வினொ - [நவம்பர் 13] ""சட்டமூலம் இப்தபொழுது இரண்டொம்முமற ைதிப்பிடப்படுைொக"" .- [ைொண்புைிகு ரணில் விக்கிரைசிங்ஹ]

வினொ ைீண்டும் எடுத்தியம்பப்பட்டது.

Order read for resuming Adjourned Debate on Question - [13th November]

""That the Bill be now read a Second time"".- [The Hon. Ranil Wickremesinghe]

Question again proposed. ගු කථානායකුර ා (ைொண்புைிகு சபொநொயகர் அவர்கள்) (The Hon. Speaker) විව්‍දාක ආ ා ිරීමා ගරු කක්ෂථා් ිරිපඇල්ක ාැිරතුාද. [පූ.ාද. 11.05] ගු නීියඥ ලතිකන ් ිරරිඇල්ල හරා (ைொண்புைிகு சட்டத்தரணி லக்ஷ்ைன் கிொிஎல்ல) (The Hon. Lakshman Kiriella, Attorney-at-Law) ගරු ාද්දක තුාිර ඇ්,ත ව්‍ ශක්ා ශ කැබිකද ිරශඳ් ශරේෂථධදධි ණ තී්දුව්‍ ගැ් වි දක ව්‍ ශක් ාද ළද. අපට්, පුදුාකක් වුණද 2019දී ශගෝධදාක දනපක්ෂ ාැිරතුාදශ පළමුව්‍ැිර අක ව්‍ැශක් රුපිකල් බිලික් 681ක් ඳදු පද හැිපකද ිරයව්‍දා. ශාෝ ආණ්ඩුව්‍ා කැශඳ් ආාදකා ්ැිර ග්ශ්? හැා ආණ්ඩුව්‍ක්ා ්ශ් ආාදකා ව්‍ැඩි ග්්. ඇ්,ත ව්‍ ශක්ා ් ඳ්ධ්‍ශක් අපි්, පුදුා වුණද. අක ව්‍ැක විව්‍දාශය්දී අපි ිරයව්‍ද ්් පද ිරකකද. ශහා වුශණ් ශව්‍් ිරියා ශාකක් ිර්ද ශ්ොශව්‍යි. න්දධිපිරව්‍ ණකට ලි් ශකොකු ්ාදග ව්‍ක ිරශකෝිකතක් ඔක්ශ ෝා ෂැාග්‍රි-කද ශහෝටකශය්දී ශගෝධදාක දනපක්ෂ ඇතුළු ණ්ඩදකා හ ඳ වුණද; වි දක උ්,්ව්‍කක් ිරබුණද. ශපොශ ෝදුව්‍ක් දු්්ද ශගෝධදාක දනපක්ෂ ිර්ව්‍්ව්‍ද ් ිරනුව්‍දට ප්ථශ්ේ ඳදු ඔක්ශ ෝා දව්‍්, ්ව්‍ද ිරකකද. යි ශහේතුව්‍. ශපොශ ෝදුව්‍ දු්ශ් ශාො ටා?

821 822

202] ශ්ොව්‍ැ ඳක 17","්යදක පත්‍රශය් විෂක අා 1. වි්කන් ප්්, ශ ටු පත 2024 ියයව්‍ැිර ශව්‍් ළ ිර්ක.

වි ර්ජන පනත් නකටුම්පර, 20",2023-11-17,2023-11-17-2023-11-17,"්යදක පත්‍රශය් විෂක අා 1. වි්කන් ප්්, ශ ටු පත 2024 ියයව්‍ැිර ශව්‍් ළ ිර්ක.

වි ර්ජන පනත් නකටුම්පර, 2024

ஒதுக்கீட்டுச் சட்டமூலம், 2024

APPROPRIATION BILL, 2024

කල් රබන ලද විවාදය රවෂ්ර ත් පවත්වනු ිළණි නිනය ගය ිරයවන ලදී.

ප්‍රශ්නනය යිතත් ාිමුඛඛ කරන ලදී. ஒத்திமவக்கப்பட்ட விவொதம் ைீளத் ததொடங்குதற்கொன கட்டமள வொசிக்கப்பட்டது.

சம்பந்தப்பட்ட வினொ - [நவம்பர் 13] ""சட்டமூலம் இப்தபொழுது இரண்டொம்முமற ைதிப்பிடப்படுைொக"" .- [ைொண்புைிகு ரணில் விக்கிரைசிங்ஹ]

வினொ ைீண்டும் எடுத்தியம்பப்பட்டது.

Order read for resuming Adjourned Debate on Question - [13th November]

""That the Bill be now read a Second time"".- [The Hon. Ranil Wickremesinghe]

Question again proposed. ගු කථානායකුර ා (ைொண்புைிகு சபொநொயகர் அவர்கள்) (The Hon. Speaker) විව්‍දාක ආ ා ිරීමා ගරු කක්ෂථා් ිරිපඇල්ක ාැිරතුාද. [පූ.ාද. 11.05] ගු නීියඥ ලතිකන ් ිරරිඇල්ල හරා (ைொண்புைிகு சட்டத்தரணி லக்ஷ்ைன் கிொிஎல்ல) (The Hon. Lakshman Kiriella, Attorney-at-Law) ගරු ාද්දක තුාිර ඇ්,ත ව්‍ ශක්ා ශ කැබිකද ිරශඳ් ශරේෂථධදධි ණ තී්දුව්‍ ගැ් වි දක ව්‍ ශක් ාද ළද. අපට්, පුදුාකක් වුණද 2019දී ශගෝධදාක දනපක්ෂ ාැිරතුාදශ පළමුව්‍ැිර අක ව්‍ැශක් රුපිකල් බිලික් 681ක් ඳදු පද හැිපකද ිරයව්‍දා. ශාෝ ආණ්ඩුව්‍ා කැශඳ් ආාදකා ්ැිර ග්ශ්? හැා ආණ්ඩුව්‍ක්ා ්ශ් ආාදකා ව්‍ැඩි ග්්. ඇ්,ත ව්‍ ශක්ා ් ඳ්ධ්‍ශක් අපි්, පුදුා වුණද. අක ව්‍ැක විව්‍දාශය්දී අපි ිරයව්‍ද ්් පද ිරකකද. ශහා වුශණ් ශව්‍් ිරියා ශාකක් ිර්ද ශ්ොශව්‍යි. න්දධිපිරව්‍ ණකට ලි් ශකොකු ්ාදග ව්‍ක ිරශකෝිකතක් ඔක්ශ ෝා ෂැාග්‍රි-කද ශහෝටකශය්දී ශගෝධදාක දනපක්ෂ ඇතුළු ණ්ඩදකා හ ඳ වුණද; වි දක උ්,්ව්‍කක් ිරබුණද. ශපොශ ෝදුව්‍ක් දු්්ද ශගෝධදාක දනපක්ෂ ිර්ව්‍්ව්‍ද ් ිරනුව්‍දට ප්ථශ්ේ ඳදු ඔක්ශ ෝා දව්‍්, ්ව්‍ද ිරකකද. යි ශහේතුව්‍. ශපොශ ෝදුව්‍ දු්ශ් ශාො ටා?

821 822

202] ශ්ොව්‍ැ ඳක 17",hansard,1.0,1
lk_hansard_2020s,2023-11-17-2023-11-17,2023-11-17,2023-11-17,"Hansard of November 17, 2023",https://www.parliament.lk/en/business-of-parliament/hansards,si-ta-en,https://www.parliament.lk/uploads/documents/hansard/1701515168057680.pdf,2023-11-17-2023-11-17-0058,58,si-ta-en,98dba5b669a8357d12e82933ef24d4b4,4960,"Question again proposed. ගු කථානායකුර ා (ைொண்புைிகு சபொநொயகர் அவர்கள்) (The Hon. Speaker) විව්‍දාක ආ ා ිරීමා ගරු කක්ෂථා් ිරිපඇල්ක ාැිරතුාද. [පූ.ාද. 11.05] ගු නීියඥ ලතිකන ් ිරරිඇල්ල හරා (ைொண்புைிகு சட்டத்தரணி லக்ஷ்ைன் கிொிஎல்ல) (The Hon. Lakshman Kiriella, Attorney-at-Law) ගරු ාද්දක තුාිර ඇ්,ත ව්‍ ශක්ා ශ කැබිකද ිරශඳ් ශරේෂථධදධි ණ තී්දුව්‍ ගැ් වි දක ව්‍ ශක් ාද ළද. අපට්, පුදුාකක් වුණද 2019දී ශගෝධදාක දනපක්ෂ ාැිරතුාදශ පළමුව්‍ැිර අක ව්‍ැශක් රුපිකල් බිලික් 681ක් ඳදු පද හැිපකද ිරයව්‍දා. ශාෝ ආණ්ඩුව්‍ා කැශඳ් ආාදකා ්ැිර ග්ශ්? හැා ආණ්ඩුව්‍ක්ා ්ශ් ආාදකා ව්‍ැඩි ග්්. ඇ්,ත ව්‍ ශක්ා ් ඳ්ධ්‍ශක් අපි්, පුදුා වුණද. අක ව්‍ැක විව්‍දාශය්දී අපි ිරයව්‍ද ්් පද ිරකකද. ශහා වුශණ් ශව්‍් ිරියා ශාකක් ිර්ද ශ්ොශව්‍යි. න්දධිපිරව්‍ ණකට ලි් ශකොකු ්ාදග ව්‍ක ිරශකෝිකතක් ඔක්ශ ෝා ෂැාග්‍රි-කද ශහෝටකශය්දී ශගෝධදාක දනපක්ෂ ඇතුළු ණ්ඩදකා හ ඳ වුණද; වි දක උ්,්ව්‍කක් ිරබුණද. ශපොශ ෝදුව්‍ක් දු්්ද ශගෝධදාක දනපක්ෂ ිර්ව්‍්ව්‍ද ් ිරනුව්‍දට ප්ථශ්ේ ඳදු ඔක්ශ ෝා දව්‍්, ්ව්‍ද ිරකකද. යි ශහේතුව්‍. ශපොශ ෝදුව්‍ දු්ශ් ශාො ටා?

821 822

202] ශ්ොව්‍ැ ඳක 17

ගරු ාද්දක තුාිර ාා ඔඳතුාදට ාගක්තශක් උාදහ ණකක් ශප්ව්‍්් . Boris Johnson ාැිරතුාද අගාැිර ධු ක ා පු දකක තුළ ශ ව්‍දශ වි දක ඳදු අක ළද මුාල් ිරශඳ් මිිර්ථජී්ශග්. ්මු්, තුාදට ධු ශක් ක්් වුණද ශ ොවිඩ් නීිර-ීමිර ැඩුව්‍ද ිරකකද. යළ ට අගාැිර ඳව්‍ට ප්, වුශණ් Liz Truss ාහ්,මික. තුමික ප්, වුණදට ප්ථශ්ේ ශකොකු ්ාදග ව්‍ලි් අක පු ඳදු ්ත ළද. තශ ොට ශාො ක්ා වුශණ්? ශට් පදකලිශ ්තු ා්ත්‍රීව්‍රු ඇහුව්‍ද ඳදු ැපුව්‍දට ප්ථශ්ේ ්ැිරශව්‍් මුාක ශ ොශහ්ා ශහොකද ග්ශ් ිරකකද. ාථ ට Liz Truss අගාැිරිරක ිරයශය ශාො ක්ා? තුමික ිරයව්‍ද ණක ග්්ව්‍ද ිරකකද. තශ ොට ා්ත්‍රීව්‍රු ිරයව්‍ද ශහා ්් ඳැහැ ණක ග්්ව්‍දට අපි විරුශධ්‍යි ඔඳතුමික ක්ශ ෝ ශ ඳශා ිරක්් ශහා ්ැිරව්‍ ණක ග්්ව්‍ද ් ඔඳතුමික ශගා ක්් ිරකකද. ිර්ද තුමිකට ශගා ක්් වුණද. ශහා වුශණ් ා්ත්‍රීව්‍රු් තුළ ිරබුණු ැපවීා ිර්දයි.

හැඳැයි අශටි ා්ත්‍රීව්‍රු ශාො ක්ා ශළේ? ශ ්ාදශය පළමුව්‍ැිර ශටිිබශය් ඳ්දුක ශූීම් ද්්ව්‍ද. ඔඳතුාද ට විරුශධ්‍ වුණා? විරුශධ්‍ වුශණ් ්ැහැ. ක් ශ ශ්ක්ව්‍්, විරුශධ්‍ වුශණ් ්ැහැ. ිර්ද ාද ශරේෂථධදධි ණක දු්් තී්දුව්‍ ඔඳතුා්කදට්, ව්‍කාගුයි. යි ාා ශ ිරක්ශ් ශ ට ඇා ව්‍ැටුශණ් ාද ිරකකද.","Question again proposed. ගු කථානායකුර ා (ைொண்புைிகு சபொநொயகர் அவர்கள்) (The Hon. Speaker) විව්‍දාක ආ ා ිරීමා ගරු කක්ෂථා් ිරිපඇල්ක ාැිරතුාද. [පූ.ාද. 11.05] ගු නීියඥ ලතිකන ් ිරරිඇල්ල හරා (ைொண்புைிகு சட்டத்தரணி லக்ஷ்ைன் கிொிஎல்ல) (The Hon. Lakshman Kiriella, Attorney-at-Law) ගරු ාද්දක තුාිර ඇ්,ත ව්‍ ශක්ා ශ කැබිකද ිරශඳ් ශරේෂථධදධි ණ තී්දුව්‍ ගැ් වි දක ව්‍ ශක් ාද ළද. අපට්, පුදුාකක් වුණද 2019දී ශගෝධදාක දනපක්ෂ ාැිරතුාදශ පළමුව්‍ැිර අක ව්‍ැශක් රුපිකල් බිලික් 681ක් ඳදු පද හැිපකද ිරයව්‍දා. ශාෝ ආණ්ඩුව්‍ා කැශඳ් ආාදකා ්ැිර ග්ශ්? හැා ආණ්ඩුව්‍ක්ා ්ශ් ආාදකා ව්‍ැඩි ග්්. ඇ්,ත ව්‍ ශක්ා ් ඳ්ධ්‍ශක් අපි්, පුදුා වුණද. අක ව්‍ැක විව්‍දාශය්දී අපි ිරයව්‍ද ්් පද ිරකකද. ශහා වුශණ් ශව්‍් ිරියා ශාකක් ිර්ද ශ්ොශව්‍යි. න්දධිපිරව්‍ ණකට ලි් ශකොකු ්ාදග ව්‍ක ිරශකෝිකතක් ඔක්ශ ෝා ෂැාග්‍රි-කද ශහෝටකශය්දී ශගෝධදාක දනපක්ෂ ඇතුළු ණ්ඩදකා හ ඳ වුණද; වි දක උ්,්ව්‍කක් ිරබුණද. ශපොශ ෝදුව්‍ක් දු්්ද ශගෝධදාක දනපක්ෂ ිර්ව්‍්ව්‍ද ් ිරනුව්‍දට ප්ථශ්ේ ඳදු ඔක්ශ ෝා දව්‍්, ්ව්‍ද ිරකකද. යි ශහේතුව්‍. ශපොශ ෝදුව්‍ දු්ශ් ශාො ටා?

821 822

202] ශ්ොව්‍ැ ඳක 17

ගරු ාද්දක තුාිර ාා ඔඳතුාදට ාගක්තශක් උාදහ ණකක් ශප්ව්‍්් . Boris Johnson ාැිරතුාද අගාැිර ධු ක ා පු දකක තුළ ශ ව්‍දශ වි දක ඳදු අක ළද මුාල් ිරශඳ් මිිර්ථජී්ශග්. ්මු්, තුාදට ධු ශක් ක්් වුණද ශ ොවිඩ් නීිර-ීමිර ැඩුව්‍ද ිරකකද. යළ ට අගාැිර ඳව්‍ට ප්, වුශණ් Liz Truss ාහ්,මික. තුමික ප්, වුණදට ප්ථශ්ේ ශකොකු ්ාදග ව්‍ලි් අක පු ඳදු ්ත ළද. තශ ොට ශාො ක්ා වුශණ්? ශට් පදකලිශ ්තු ා්ත්‍රීව්‍රු ඇහුව්‍ද ඳදු ැපුව්‍දට ප්ථශ්ේ ්ැිරශව්‍් මුාක ශ ොශහ්ා ශහොකද ග්ශ් ිරකකද. ාථ ට Liz Truss අගාැිරිරක ිරයශය ශාො ක්ා? තුමික ිරයව්‍ද ණක ග්්ව්‍ද ිරකකද. තශ ොට ා්ත්‍රීව්‍රු ිරයව්‍ද ශහා ්් ඳැහැ ණක ග්්ව්‍දට අපි විරුශධ්‍යි ඔඳතුමික ක්ශ ෝ ශ ඳශා ිරක්් ශහා ්ැිරව්‍ ණක ග්්ව්‍ද ් ඔඳතුමික ශගා ක්් ිරකකද. ිර්ද තුමිකට ශගා ක්් වුණද. ශහා වුශණ් ා්ත්‍රීව්‍රු් තුළ ිරබුණු ැපවීා ිර්දයි.

හැඳැයි අශටි ා්ත්‍රීව්‍රු ශාො ක්ා ශළේ? ශ ්ාදශය පළමුව්‍ැිර ශටිිබශය් ඳ්දුක ශූීම් ද්්ව්‍ද. ඔඳතුාද ට විරුශධ්‍ වුණා? විරුශධ්‍ වුශණ් ්ැහැ. ක් ශ ශ්ක්ව්‍්, විරුශධ්‍ වුශණ් ්ැහැ. ිර්ද ාද ශරේෂථධදධි ණක දු්් තී්දුව්‍ ඔඳතුා්කදට්, ව්‍කාගුයි. යි ාා ශ ිරක්ශ් ශ ට ඇා ව්‍ැටුශණ් ාද ිරකකද.",Question again proposed. ගු කථානායකුර ා (ைொண்புைிகு சபொநொயகர் அவர்கள்) (The Hon. Speaker) විව්‍දා,2023-11-17,2023-11-17-2023-11-17,"Question again proposed. ගු කථානායකුර ා (ைொண்புைிகு சபொநொயகர் அவர்கள்) (The Hon. Speaker) විව්‍දාක ආ ා ිරීමා ගරු කක්ෂථා් ිරිපඇල්ක ාැිරතුාද. [පූ.ාද. 11.05] ගු නීියඥ ලතිකන ් ිරරිඇල්ල හරා (ைொண்புைிகு சட்டத்தரணி லக்ஷ்ைன் கிொிஎல்ல) (The Hon. Lakshman Kiriella, Attorney-at-Law) ගරු ාද්දක තුාිර ඇ්,ත ව්‍ ශක්ා ශ කැබිකද ිරශඳ් ශරේෂථධදධි ණ තී්දුව්‍ ගැ් වි දක ව්‍ ශක් ාද ළද. අපට්, පුදුාකක් වුණද 2019දී ශගෝධදාක දනපක්ෂ ාැිරතුාදශ පළමුව්‍ැිර අක ව්‍ැශක් රුපිකල් බිලික් 681ක් ඳදු පද හැිපකද ිරයව්‍දා. ශාෝ ආණ්ඩුව්‍ා කැශඳ් ආාදකා ්ැිර ග්ශ්? හැා ආණ්ඩුව්‍ක්ා ්ශ් ආාදකා ව්‍ැඩි ග්්. ඇ්,ත ව්‍ ශක්ා ් ඳ්ධ්‍ශක් අපි්, පුදුා වුණද. අක ව්‍ැක විව්‍දාශය්දී අපි ිරයව්‍ද ්් පද ිරකකද. ශහා වුශණ් ශව්‍් ිරියා ශාකක් ිර්ද ශ්ොශව්‍යි. න්දධිපිරව්‍ ණකට ලි් ශකොකු ්ාදග ව්‍ක ිරශකෝිකතක් ඔක්ශ ෝා ෂැාග්‍රි-කද ශහෝටකශය්දී ශගෝධදාක දනපක්ෂ ඇතුළු ණ්ඩදකා හ ඳ වුණද; වි දක උ්,්ව්‍කක් ිරබුණද. ශපොශ ෝදුව්‍ක් දු්්ද ශගෝධදාක දනපක්ෂ ිර්ව්‍්ව්‍ද ් ිරනුව්‍දට ප්ථශ්ේ ඳදු ඔක්ශ ෝා දව්‍්, ්ව්‍ද ිරකකද. යි ශහේතුව්‍. ශපොශ ෝදුව්‍ දු්ශ් ශාො ටා?

821 822

202] ශ්ොව්‍ැ ඳක 17

ගරු ාද්දක තුාිර ාා ඔඳතුාදට ාගක්තශක් උාදහ ණකක් ශප්ව්‍්් . Boris Johnson ාැිරතුාද අගාැිර ධු ක ා පු දකක තුළ ශ ව්‍දශ වි දක ඳදු අක ළද මුාල් ිරශඳ් මිිර්ථජී්ශග්. ්මු්, තුාදට ධු ශක් ක්් වුණද ශ ොවිඩ් නීිර-ීමිර ැඩුව්‍ද ිරකකද. යළ ට අගාැිර ඳව්‍ට ප්, වුශණ් Liz Truss ාහ්,මික. තුමික ප්, වුණදට ප්ථශ්ේ ශකොකු ්ාදග ව්‍ලි් අක පු ඳදු ්ත ළද. තශ ොට ශාො ක්ා වුශණ්? ශට් පදකලිශ ්තු ා්ත්‍රීව්‍රු ඇහුව්‍ද ඳදු ැපුව්‍දට ප්ථශ්ේ ්ැිරශව්‍් මුාක ශ ොශහ්ා ශහොකද ග්ශ් ිරකකද. ාථ ට Liz Truss අගාැිරිරක ිරයශය ශාො ක්ා? තුමික ිරයව්‍ද ණක ග්්ව්‍ද ිරකකද. තශ ොට ා්ත්‍රීව්‍රු ිරයව්‍ද ශහා ්් ඳැහැ ණක ග්්ව්‍දට අපි විරුශධ්‍යි ඔඳතුමික ක්ශ ෝ ශ ඳශා ිරක්් ශහා ්ැිරව්‍ ණක ග්්ව්‍ද ් ඔඳතුමික ශගා ක්් ිරකකද. ිර්ද තුමිකට ශගා ක්් වුණද. ශහා වුශණ් ා්ත්‍රීව්‍රු් තුළ ිරබුණු ැපවීා ිර්දයි.

හැඳැයි අශටි ා්ත්‍රීව්‍රු ශාො ක්ා ශළේ? ශ ්ාදශය පළමුව්‍ැිර ශටිිබශය් ඳ්දුක ශූීම් ද්්ව්‍ද. ඔඳතුාද ට විරුශධ්‍ වුණා? විරුශධ්‍ වුශණ් ්ැහැ. ක් ශ ශ්ක්ව්‍්, විරුශධ්‍ වුශණ් ්ැහැ. ිර්ද ාද ශරේෂථධදධි ණක දු්් තී්දුව්‍ ඔඳතුා්කදට්, ව්‍කාගුයි. යි ාා ශ ිරක්ශ් ශ ට ඇා ව්‍ැටුශණ් ාද ිරකකද.",hansard,1.0,1
lk_hansard_2020s,2023-11-17-2023-11-17,2023-11-17,2023-11-17,"Hansard of November 17, 2023",https://www.parliament.lk/en/business-of-parliament/hansards,si-ta-en,https://www.parliament.lk/uploads/documents/hansard/1701515168057680.pdf,2023-11-17-2023-11-17-0059,59,si-ta-en,a77d54ccee7532aab24ed7d10dbab279,3172,"හැඳැයි අශටි ා්ත්‍රීව්‍රු ශාො ක්ා ශළේ? ශ ්ාදශය පළමුව්‍ැිර ශටිිබශය් ඳ්දුක ශූීම් ද්්ව්‍ද. ඔඳතුාද ට විරුශධ්‍ වුණා? විරුශධ්‍ වුශණ් ්ැහැ. ක් ශ ශ්ක්ව්‍්, විරුශධ්‍ වුශණ් ්ැහැ. ිර්ද ාද ශරේෂථධදධි ණක දු්් තී්දුව්‍ ඔඳතුා්කදට්, ව්‍කාගුයි. යි ාා ශ ිරක්ශ් ශ ට ඇා ව්‍ැටුශණ් ාද ිරකකද.

ගු නදාර්ය) බ් ෂ්ල ගුතවර්නන හරා (ைொண்புைிகு (கலொநிதி) பந்துல குணவர்தன) (The Hon. (Dr.) Bandula Gunawardana) ාශ ්ා ්ඳහ් පු ිර්ද උ්,ත කක් ශා්් ඕ්න. ගු නීියඥ ලතිකන ් ිරරිඇල්ල හරා (ைொண்புைிகு சட்டத்தரணி லக்ஷ்ைன் கிொிஎல்ல) (The Hon. Lakshman Kiriella, Attorney-at-Law) ඔඳතුාද විරුශධ්‍ වුශණ් ්ැහැශ් අක ව්‍ැශය්දී? ගු නදාර්ය) බ් ෂ්ල ගුතවර්නන හරා (ைொண்புைிகு (கலொநிதி) பந்துல குணவர்தன) (The Hon. (Dr.) Bandula Gunawardana) ාා ශාො ටා අක ව්‍ැකට විරුශධ්‍ ශව්‍්ශ්?

ගු නීියඥ ලතිකන ් ිරරිඇල්ල හරා (ைொண்புைிகு சட்டத்தரணி லக்ஷ்ைன் கிொிஎல்ல) (The Hon. Lakshman Kiriella, Attorney-at-Law) හිප. ගරු ාද්දක තුාිර ශ ආකථි ඝදත්ක ගැ් ශරේෂථධදධි ණ තී්දුව්‍ කඳද ශා්් ලි් ක්්්, නදතී්ශ ාද්ව්‍ හිමි වු්්කක - UN Human Rights Council - ගැ් ිරයව්‍ද. අක කක්ැශක ස්්ථවීශ දී ශාො ක්ා ිරයශය? අක ිරයව්‍ද the Sri Lankan Government is responsible for economic crimes ිරකකද. විශශ ටයුතු අාදතයදා ශය් අක හැාකකද ද්්ව්‍ද. අක පදකලිශ ්තුව්‍ටව්‍්, ්ශ් ්ැහැ. ක්්්, නදතී්ශ ්ාවිධ්‍ද්ක අවුරුශා ට ලි් ිරයව්‍ද the Sri Lankan Government is responsible for economic crimes ිරකකද. තශ ොට ශරේෂථධදධි ණක කද ිරශඳ්ශ් ක්්්, නදතී්ශ ්ාවිධ්‍ද්ක ිරකපු ශශ අහශග් දඳකද පිකව්‍ ක් ගැනීා. ිර්ද ශ ව්‍ැාග්, තී්දුව්‍ක්.","හැඳැයි අශටි ා්ත්‍රීව්‍රු ශාො ක්ා ශළේ? ශ ්ාදශය පළමුව්‍ැිර ශටිිබශය් ඳ්දුක ශූීම් ද්්ව්‍ද. ඔඳතුාද ට විරුශධ්‍ වුණා? විරුශධ්‍ වුශණ් ්ැහැ. ක් ශ ශ්ක්ව්‍්, විරුශධ්‍ වුශණ් ්ැහැ. ිර්ද ාද ශරේෂථධදධි ණක දු්් තී්දුව්‍ ඔඳතුා්කදට්, ව්‍කාගුයි. යි ාා ශ ිරක්ශ් ශ ට ඇා ව්‍ැටුශණ් ාද ිරකකද.

ගු නදාර්ය) බ් ෂ්ල ගුතවර්නන හරා (ைொண்புைிகு (கலொநிதி) பந்துல குணவர்தன) (The Hon. (Dr.) Bandula Gunawardana) ාශ ්ා ්ඳහ් පු ිර්ද උ්,ත කක් ශා්් ඕ්න. ගු නීියඥ ලතිකන ් ිරරිඇල්ල හරා (ைொண்புைிகு சட்டத்தரணி லக்ஷ்ைன் கிொிஎல்ல) (The Hon. Lakshman Kiriella, Attorney-at-Law) ඔඳතුාද විරුශධ්‍ වුශණ් ්ැහැශ් අක ව්‍ැශය්දී? ගු නදාර්ය) බ් ෂ්ල ගුතවර්නන හරා (ைொண்புைிகு (கலொநிதி) பந்துல குணவர்தன) (The Hon. (Dr.) Bandula Gunawardana) ාා ශාො ටා අක ව්‍ැකට විරුශධ්‍ ශව්‍්ශ්?

ගු නීියඥ ලතිකන ් ිරරිඇල්ල හරා (ைொண்புைிகு சட்டத்தரணி லக்ஷ்ைன் கிொிஎல்ல) (The Hon. Lakshman Kiriella, Attorney-at-Law) හිප. ගරු ාද්දක තුාිර ශ ආකථි ඝදත්ක ගැ් ශරේෂථධදධි ණ තී්දුව්‍ කඳද ශා්් ලි් ක්්්, නදතී්ශ ාද්ව්‍ හිමි වු්්කක - UN Human Rights Council - ගැ් ිරයව්‍ද. අක කක්ැශක ස්්ථවීශ දී ශාො ක්ා ිරයශය? අක ිරයව්‍ද the Sri Lankan Government is responsible for economic crimes ිරකකද. විශශ ටයුතු අාදතයදා ශය් අක හැාකකද ද්්ව්‍ද. අක පදකලිශ ්තුව්‍ටව්‍්, ්ශ් ්ැහැ. ක්්්, නදතී්ශ ්ාවිධ්‍ද්ක අවුරුශා ට ලි් ිරයව්‍ද the Sri Lankan Government is responsible for economic crimes ිරකකද. තශ ොට ශරේෂථධදධි ණක කද ිරශඳ්ශ් ක්්්, නදතී්ශ ්ාවිධ්‍ද්ක ිරකපු ශශ අහශග් දඳකද පිකව්‍ ක් ගැනීා. ිර්ද ශ ව්‍ැාග්, තී්දුව්‍ක්.",හැඳැයි අශටි ා්ත්‍රීව්‍රු ශාො ක්ා ශළේ? ශ ්ාදශය පළමුව්‍ැිර ශටිිබශය් ඳ්දුක ශූීම් ද්්ව්‍ද. ඔඳතුාද ට විරු,2023-11-17,2023-11-17-2023-11-17,"හැඳැයි අශටි ා්ත්‍රීව්‍රු ශාො ක්ා ශළේ? ශ ්ාදශය පළමුව්‍ැිර ශටිිබශය් ඳ්දුක ශූීම් ද්්ව්‍ද. ඔඳතුාද ට විරුශධ්‍ වුණා? විරුශධ්‍ වුශණ් ්ැහැ. ක් ශ ශ්ක්ව්‍්, විරුශධ්‍ වුශණ් ්ැහැ. ිර්ද ාද ශරේෂථධදධි ණක දු්් තී්දුව්‍ ඔඳතුා්කදට්, ව්‍කාගුයි. යි ාා ශ ිරක්ශ් ශ ට ඇා ව්‍ැටුශණ් ාද ිරකකද.

ගු නදාර්ය) බ් ෂ්ල ගුතවර්නන හරා (ைொண்புைிகு (கலொநிதி) பந்துல குணவர்தன) (The Hon. (Dr.) Bandula Gunawardana) ාශ ්ා ්ඳහ් පු ිර්ද උ්,ත කක් ශා්් ඕ්න. ගු නීියඥ ලතිකන ් ිරරිඇල්ල හරා (ைொண்புைிகு சட்டத்தரணி லக்ஷ்ைன் கிொிஎல்ல) (The Hon. Lakshman Kiriella, Attorney-at-Law) ඔඳතුාද විරුශධ්‍ වුශණ් ්ැහැශ් අක ව්‍ැශය්දී? ගු නදාර්ය) බ් ෂ්ල ගුතවර්නන හරා (ைொண்புைிகு (கலொநிதி) பந்துல குணவர்தன) (The Hon. (Dr.) Bandula Gunawardana) ාා ශාො ටා අක ව්‍ැකට විරුශධ්‍ ශව්‍්ශ්?

ගු නීියඥ ලතිකන ් ිරරිඇල්ල හරා (ைொண்புைிகு சட்டத்தரணி லக்ஷ்ைன் கிொிஎல்ல) (The Hon. Lakshman Kiriella, Attorney-at-Law) හිප. ගරු ාද්දක තුාිර ශ ආකථි ඝදත්ක ගැ් ශරේෂථධදධි ණ තී්දුව්‍ කඳද ශා්් ලි් ක්්්, නදතී්ශ ාද්ව්‍ හිමි වු්්කක - UN Human Rights Council - ගැ් ිරයව්‍ද. අක කක්ැශක ස්්ථවීශ දී ශාො ක්ා ිරයශය? අක ිරයව්‍ද the Sri Lankan Government is responsible for economic crimes ිරකකද. විශශ ටයුතු අාදතයදා ශය් අක හැාකකද ද්්ව්‍ද. අක පදකලිශ ්තුව්‍ටව්‍්, ්ශ් ්ැහැ. ක්්්, නදතී්ශ ්ාවිධ්‍ද්ක අවුරුශා ට ලි් ිරයව්‍ද the Sri Lankan Government is responsible for economic crimes ිරකකද. තශ ොට ශරේෂථධදධි ණක කද ිරශඳ්ශ් ක්්්, නදතී්ශ ්ාවිධ්‍ද්ක ිරකපු ශශ අහශග් දඳකද පිකව්‍ ක් ගැනීා. ිර්ද ශ ව්‍ැාග්, තී්දුව්‍ක්.",hansard,1.0,1
lk_hansard_2020s,2023-11-17-2023-11-17,2023-11-17,2023-11-17,"Hansard of November 17, 2023",https://www.parliament.lk/en/business-of-parliament/hansards,si-ta-en,https://www.parliament.lk/uploads/documents/hansard/1701515168057680.pdf,2023-11-17-2023-11-17-0060,60,si-ta-en,bd0edca083e10601d711a5f1e94881e3,4432,"ගු නීියඥ ලතිකන ් ිරරිඇල්ල හරා (ைொண்புைிகு சட்டத்தரணி லக்ஷ்ைன் கிொிஎல்ல) (The Hon. Lakshman Kiriella, Attorney-at-Law) හිප. ගරු ාද්දක තුාිර ශ ආකථි ඝදත්ක ගැ් ශරේෂථධදධි ණ තී්දුව්‍ කඳද ශා්් ලි් ක්්්, නදතී්ශ ාද්ව්‍ හිමි වු්්කක - UN Human Rights Council - ගැ් ිරයව්‍ද. අක කක්ැශක ස්්ථවීශ දී ශාො ක්ා ිරයශය? අක ිරයව්‍ද the Sri Lankan Government is responsible for economic crimes ිරකකද. විශශ ටයුතු අාදතයදා ශය් අක හැාකකද ද්්ව්‍ද. අක පදකලිශ ්තුව්‍ටව්‍්, ්ශ් ්ැහැ. ක්්්, නදතී්ශ ්ාවිධ්‍ද්ක අවුරුශා ට ලි් ිරයව්‍ද the Sri Lankan Government is responsible for economic crimes ිරකකද. තශ ොට ශරේෂථධදධි ණක කද ිරශඳ්ශ් ක්්්, නදතී්ශ ්ාවිධ්‍ද්ක ිරකපු ශශ අහශග් දඳකද පිකව්‍ ක් ගැනීා. ිර්ද ශ ව්‍ැාග්, තී්දුව්‍ක්.

ශ ව්‍ද තායි ආකථි ඝදත් ිරකකද ක්්්, නදතී්ශ ්ාවිධ්‍ද්ක ිරයශය. අශටි පදකලිශ ්තුව්‍ අඳ ශගොළු බිහිිප ශව්‍කද ව්‍දශ ව්‍දට ් දු්ශ් ්ැහැ. ා ිර්ද ාා ශරේෂථධදධි ණකට ශ අව්‍්ථාදශයදී ප්‍රණදාක පුා ්ව්‍ද. ශාො ා ශ ව්‍ැාග්, තී්දුව්‍ක්. ශ ශට් පදක ශකෝ අනීිර ව්‍ මුාල් හ ඳ කද ිරශඳ්ව්‍ද ් ශරේෂථධදධි ණක පණිවුඩකක් දීකද ිරශඳ්ව්‍ද ව්‍ද ගැ් ශහොකද ඳක්් දාාද් ිරකකද. ව්‍දශ ා ව්‍දට පක්ෂව්‍ අ්, ඔ්ව්‍පු ශ ා්ත්‍රීව්‍රු්ට ශාො ා ්ශ්? අකට කැශඳ් ාඬුව්‍ාක් ගැ් ාා ා්ශ් ්ැහැ. හැඳැයි ාට ිරක්් පුළුව්‍් ශගෝධදාක දනපක්ෂට ශඩ් කක හැාශ ්දා [ඳදධ්‍ද ිරීමාක්] ශපොඩ්ඩක් ද්් ාට ශ ද ණක

823 824

පදකලිශ ්තුව්‍

ිරක්් ඕ්න. ශගෝධදාක දනපක්ෂට ව්‍ැඩ පු ශඩ් කක ියකලුශා්දා ැකණි ප්්කට කහිල්කද පය ්ාද ග්් ිරකකද ාා ිරක්ව්‍ද. ශාො ා ිරකා්ක් ිරශඳ්ව්‍ද ශ් උප්ාද ියට පු පය ්ැත ව්‍ ක් ව්‍ැ්ශාෝ, ැකණිශය් ිරකකද. ශව්‍් ්් ශාකක් ්ැහැ.

ගු කථානායකුර ා (ைொண்புைிகு சபொநொயகர் அவர்கள்) (The Hon. Speaker) Order, please! The Hon. Deputy Speaker will now take the Chair.

අනුරුව ගු කථානායකුර ා මූලා නනය් නවත් වූනය් , නිනය ජ‍ කථානායකුර ා [ගු අජිත් රාජපතික හරා] මූලා නාරූඪ විය.

அதன்பிறகு, ைொண்புைிகு சபொநொயகர் அவர்கள் அக்கிரொசனத் தினின்று அகலமவ, பிரதிச் சபொநொயகர் அவர்கள் [ைொண்புைிகு அஜித் ரொஜபக்ஷ] தமலமை வகித்தொர்கள்.

Whereupon THE HON. SPEAKER left the Chair, and DEPUTY SPEAKER [THE HON. AJITH RAJAPAKSE] took the Chair.","ගු නීියඥ ලතිකන ් ිරරිඇල්ල හරා (ைொண்புைிகு சட்டத்தரணி லக்ஷ்ைன் கிொிஎல்ல) (The Hon. Lakshman Kiriella, Attorney-at-Law) හිප. ගරු ාද්දක තුාිර ශ ආකථි ඝදත්ක ගැ් ශරේෂථධදධි ණ තී්දුව්‍ කඳද ශා්් ලි් ක්්්, නදතී්ශ ාද්ව්‍ හිමි වු්්කක - UN Human Rights Council - ගැ් ිරයව්‍ද. අක කක්ැශක ස්්ථවීශ දී ශාො ක්ා ිරයශය? අක ිරයව්‍ද the Sri Lankan Government is responsible for economic crimes ිරකකද. විශශ ටයුතු අාදතයදා ශය් අක හැාකකද ද්්ව්‍ද. අක පදකලිශ ්තුව්‍ටව්‍්, ්ශ් ්ැහැ. ක්්්, නදතී්ශ ්ාවිධ්‍ද්ක අවුරුශා ට ලි් ිරයව්‍ද the Sri Lankan Government is responsible for economic crimes ිරකකද. තශ ොට ශරේෂථධදධි ණක කද ිරශඳ්ශ් ක්්්, නදතී්ශ ්ාවිධ්‍ද්ක ිරකපු ශශ අහශග් දඳකද පිකව්‍ ක් ගැනීා. ිර්ද ශ ව්‍ැාග්, තී්දුව්‍ක්.

ශ ව්‍ද තායි ආකථි ඝදත් ිරකකද ක්්්, නදතී්ශ ්ාවිධ්‍ද්ක ිරයශය. අශටි පදකලිශ ්තුව්‍ අඳ ශගොළු බිහිිප ශව්‍කද ව්‍දශ ව්‍දට ් දු්ශ් ්ැහැ. ා ිර්ද ාා ශරේෂථධදධි ණකට ශ අව්‍්ථාදශයදී ප්‍රණදාක පුා ්ව්‍ද. ශාො ා ශ ව්‍ැාග්, තී්දුව්‍ක්. ශ ශට් පදක ශකෝ අනීිර ව්‍ මුාල් හ ඳ කද ිරශඳ්ව්‍ද ් ශරේෂථධදධි ණක පණිවුඩකක් දීකද ිරශඳ්ව්‍ද ව්‍ද ගැ් ශහොකද ඳක්් දාාද් ිරකකද. ව්‍දශ ා ව්‍දට පක්ෂව්‍ අ්, ඔ්ව්‍පු ශ ා්ත්‍රීව්‍රු්ට ශාො ා ්ශ්? අකට කැශඳ් ාඬුව්‍ාක් ගැ් ාා ා්ශ් ්ැහැ. හැඳැයි ාට ිරක්් පුළුව්‍් ශගෝධදාක දනපක්ෂට ශඩ් කක හැාශ ්දා [ඳදධ්‍ද ිරීමාක්] ශපොඩ්ඩක් ද්් ාට ශ ද ණක

823 824

පදකලිශ ්තුව්‍

ිරක්් ඕ්න. ශගෝධදාක දනපක්ෂට ව්‍ැඩ පු ශඩ් කක ියකලුශා්දා ැකණි ප්්කට කහිල්කද පය ්ාද ග්් ිරකකද ාා ිරක්ව්‍ද. ශාො ා ිරකා්ක් ිරශඳ්ව්‍ද ශ් උප්ාද ියට පු පය ්ැත ව්‍ ක් ව්‍ැ්ශාෝ, ැකණිශය් ිරකකද. ශව්‍් ්් ශාකක් ්ැහැ.

ගු කථානායකුර ා (ைொண்புைிகு சபொநொயகர் அவர்கள்) (The Hon. Speaker) Order, please! The Hon. Deputy Speaker will now take the Chair.

අනුරුව ගු කථානායකුර ා මූලා නනය් නවත් වූනය් , නිනය ජ‍ කථානායකුර ා [ගු අජිත් රාජපතික හරා] මූලා නාරූඪ විය.

அதன்பிறகு, ைொண்புைிகு சபொநொயகர் அவர்கள் அக்கிரொசனத் தினின்று அகலமவ, பிரதிச் சபொநொயகர் அவர்கள் [ைொண்புைிகு அஜித் ரொஜபக்ஷ] தமலமை வகித்தொர்கள்.

Whereupon THE HON. SPEAKER left the Chair, and DEPUTY SPEAKER [THE HON. AJITH RAJAPAKSE] took the Chair.",ගු නීියඥ ලතිකන ් ිරරිඇල්ල හරා (ைொண்புைிகு சட்டத்தரணி லக்ஷ்ைன் கிொிஎல்ல) (The Hon. Lakshman Kiriell,2023-11-17,2023-11-17-2023-11-17,"ගු නීියඥ ලතිකන ් ිරරිඇල්ල හරා (ைொண்புைிகு சட்டத்தரணி லக்ஷ்ைன் கிொிஎல்ல) (The Hon. Lakshman Kiriella, Attorney-at-Law) හිප. ගරු ාද්දක තුාිර ශ ආකථි ඝදත්ක ගැ් ශරේෂථධදධි ණ තී්දුව්‍ කඳද ශා්් ලි් ක්්්, නදතී්ශ ාද්ව්‍ හිමි වු්්කක - UN Human Rights Council - ගැ් ිරයව්‍ද. අක කක්ැශක ස්්ථවීශ දී ශාො ක්ා ිරයශය? අක ිරයව්‍ද the Sri Lankan Government is responsible for economic crimes ිරකකද. විශශ ටයුතු අාදතයදා ශය් අක හැාකකද ද්්ව්‍ද. අක පදකලිශ ්තුව්‍ටව්‍්, ්ශ් ්ැහැ. ක්්්, නදතී්ශ ්ාවිධ්‍ද්ක අවුරුශා ට ලි් ිරයව්‍ද the Sri Lankan Government is responsible for economic crimes ිරකකද. තශ ොට ශරේෂථධදධි ණක කද ිරශඳ්ශ් ක්්්, නදතී්ශ ්ාවිධ්‍ද්ක ිරකපු ශශ අහශග් දඳකද පිකව්‍ ක් ගැනීා. ිර්ද ශ ව්‍ැාග්, තී්දුව්‍ක්.

ශ ව්‍ද තායි ආකථි ඝදත් ිරකකද ක්්්, නදතී්ශ ්ාවිධ්‍ද්ක ිරයශය. අශටි පදකලිශ ්තුව්‍ අඳ ශගොළු බිහිිප ශව්‍කද ව්‍දශ ව්‍දට ් දු්ශ් ්ැහැ. ා ිර්ද ාා ශරේෂථධදධි ණකට ශ අව්‍්ථාදශයදී ප්‍රණදාක පුා ්ව්‍ද. ශාො ා ශ ව්‍ැාග්, තී්දුව්‍ක්. ශ ශට් පදක ශකෝ අනීිර ව්‍ මුාල් හ ඳ කද ිරශඳ්ව්‍ද ් ශරේෂථධදධි ණක පණිවුඩකක් දීකද ිරශඳ්ව්‍ද ව්‍ද ගැ් ශහොකද ඳක්් දාාද් ිරකකද. ව්‍දශ ා ව්‍දට පක්ෂව්‍ අ්, ඔ්ව්‍පු ශ ා්ත්‍රීව්‍රු්ට ශාො ා ්ශ්? අකට කැශඳ් ාඬුව්‍ාක් ගැ් ාා ා්ශ් ්ැහැ. හැඳැයි ාට ිරක්් පුළුව්‍් ශගෝධදාක දනපක්ෂට ශඩ් කක හැාශ ්දා [ඳදධ්‍ද ිරීමාක්] ශපොඩ්ඩක් ද්් ාට ශ ද ණක

823 824

පදකලිශ ්තුව්‍

ිරක්් ඕ්න. ශගෝධදාක දනපක්ෂට ව්‍ැඩ පු ශඩ් කක ියකලුශා්දා ැකණි ප්්කට කහිල්කද පය ්ාද ග්් ිරකකද ාා ිරක්ව්‍ද. ශාො ා ිරකා්ක් ිරශඳ්ව්‍ද ශ් උප්ාද ියට පු පය ්ැත ව්‍ ක් ව්‍ැ්ශාෝ, ැකණිශය් ිරකකද. ශව්‍් ්් ශාකක් ්ැහැ.

ගු කථානායකුර ා (ைொண்புைிகு சபொநொயகர் அவர்கள்) (The Hon. Speaker) Order, please! The Hon. Deputy Speaker will now take the Chair.

අනුරුව ගු කථානායකුර ා මූලා නනය් නවත් වූනය් , නිනය ජ‍ කථානායකුර ා [ගු අජිත් රාජපතික හරා] මූලා නාරූඪ විය.

அதன்பிறகு, ைொண்புைிகு சபொநொயகர் அவர்கள் அக்கிரொசனத் தினின்று அகலமவ, பிரதிச் சபொநொயகர் அவர்கள் [ைொண்புைிகு அஜித் ரொஜபக்ஷ] தமலமை வகித்தொர்கள்.

Whereupon THE HON. SPEAKER left the Chair, and DEPUTY SPEAKER [THE HON. AJITH RAJAPAKSE] took the Chair.",hansard,1.0,1
lk_hansard_2020s,2023-11-17-2023-11-17,2023-11-17,2023-11-17,"Hansard of November 17, 2023",https://www.parliament.lk/en/business-of-parliament/hansards,si-ta-en,https://www.parliament.lk/uploads/documents/hansard/1701515168057680.pdf,2023-11-17-2023-11-17-0061,61,si-ta-en,aaeaddd6300984dcbe0d08e5e273b4b4,4146,"அதன்பிறகு, ைொண்புைிகு சபொநொயகர் அவர்கள் அக்கிரொசனத் தினின்று அகலமவ, பிரதிச் சபொநொயகர் அவர்கள் [ைொண்புைிகு அஜித் ரொஜபக்ஷ] தமலமை வகித்தொர்கள்.

Whereupon THE HON. SPEAKER left the Chair, and DEPUTY SPEAKER [THE HON. AJITH RAJAPAKSE] took the Chair.

නදතය්ත මූකය අ මුාක -IMF - ්ා ිරශඳ් ගනුශානුව්‍ ශව්‍්ා ාදව්‍ක්. අපි හිතුව්‍ද පජීකක අවුරුශශශ අලු්, න්දධිපිරතුාද ප්, වුණදා ඳටහි ටව්‍ල් පැ්කද ඇවිල්කද අශටි ටට උාවු යි ිරකකද. ්මු්, උාවුව්‍ක් හ ඳ ශව්‍කද ්ැහැ. IMF ශ ් ඇශාිප දනු ශඩොකක මිලික් ]]0ක් හ ඳ වුණද. ශ ් ාදගකක් ද්ිරකදව්‍ට දු්්ද. තව්‍ ාදගකක් දු්්ද ඳා කදශශ කට. ද්ිරකදශව්‍් ණකට ඳඩු ග්් බිලික් 4.5ක් හ ඳ ශව්‍කද ිරශඳ්ව්‍ද. ්මු්, ට ශගොඩාද්් ිරියා ආධ්‍ද කක් හ ඳ ශව්‍කද ්ැහැ. ගරු ිරශකෝනය ාද්දක තුාිර අශටි ට ශගොඩග්් ් ා ාව්‍ලි් ආශකෝන් ව්‍ැඩි ශව්‍කද ව්‍ැඩක් ්ැහැ. There must be a leap - investment පි ාක් ිරශඳ්් ඕ්න අශටි ට ශගොඩග්්.

ාා ගැ් ිරක්් . 2015දී ග්‍රීියක ඇා ව්‍ැටුණද. ග්‍රීියක ිරක්ශ් ඳටහි ශිෂථටදචද ශය් ශතොස්ල්ක - the cradle of western civilization. 2015දී ග්‍රීියශය් ආකථි ක බිඳ ව්‍ැටුණදට පජී ග්‍රීියකට මුළු යුශ ෝපකා උාවු ළද. උාවු ශ රුව්‍ද ිරක්ශ් ණක දු්්ද ිරක් ශ්ොශව්‍යි ගරු ිරශකෝනය ාද්දක තුාිර. තනක දු්ශ්; grants දු්ශ්. ශාො ා ඳටහි ශිෂථටදචද ශය් ශතොස්ල්ක ශක් හැිම්ශව්‍් ග්‍රීියක ඇා ව්‍ැටුණද ිරක්ශ් අව්‍ට ටව්‍ක ආධිපතයකට ග්‍රීියක කට ශව්‍්ව්‍ද ිරක් යි.

විශ ේෂශක් මු්ථලි ටව්‍ක ආධිපතයකට ග්‍රීියක කට ශව්‍්ව්‍ද ිරකකද යුශ ෝපශය් ාතකක් ිරබුණද. විශ ේෂශක්ා නකාිරක ශ ෝස්-ප්‍රශ ෝස් ගණ් මුාල් ග්‍රීියශය් ආකථි කට ශකශායව්‍ද. ශහා කද්, අකබුාශක් ශගොඩ ්් ග්‍රීියකට අවුරුදු ාහකක් විත ගත වුණද. ්මු්, තව්‍ා්, ප්‍ර ථ්ක දව්‍ ්ැහැ. දිර් අශටි ශට් ඇිර පු ශ අකබුාක දක්ා්ට දව්‍ ශව්‍යි ිරකකද තමු්්ද්ශ්ේකද හිතුව්‍දට තව්‍ අවුරුදු ාහක දීව්‍්, ශ අකබුාක තමු්්ද්ශ්ේකද ඳකදශපොශ ෝ,තු ව්‍් ආ ද කට වි්ඳ්් අාදරු ඳව්‍යි ාා වි ථව්‍ද් ්ශ්. ශ ාහද ශේාව්‍දච කක්.","அதன்பிறகு, ைொண்புைிகு சபொநொயகர் அவர்கள் அக்கிரொசனத் தினின்று அகலமவ, பிரதிச் சபொநொயகர் அவர்கள் [ைொண்புைிகு அஜித் ரொஜபக்ஷ] தமலமை வகித்தொர்கள்.

Whereupon THE HON. SPEAKER left the Chair, and DEPUTY SPEAKER [THE HON. AJITH RAJAPAKSE] took the Chair.

නදතය්ත මූකය අ මුාක -IMF - ්ා ිරශඳ් ගනුශානුව්‍ ශව්‍්ා ාදව්‍ක්. අපි හිතුව්‍ද පජීකක අවුරුශශශ අලු්, න්දධිපිරතුාද ප්, වුණදා ඳටහි ටව්‍ල් පැ්කද ඇවිල්කද අශටි ටට උාවු යි ිරකකද. ්මු්, උාවුව්‍ක් හ ඳ ශව්‍කද ්ැහැ. IMF ශ ් ඇශාිප දනු ශඩොකක මිලික් ]]0ක් හ ඳ වුණද. ශ ් ාදගකක් ද්ිරකදව්‍ට දු්්ද. තව්‍ ාදගකක් දු්්ද ඳා කදශශ කට. ද්ිරකදශව්‍් ණකට ඳඩු ග්් බිලික් 4.5ක් හ ඳ ශව්‍කද ිරශඳ්ව්‍ද. ්මු්, ට ශගොඩාද්් ිරියා ආධ්‍ද කක් හ ඳ ශව්‍කද ්ැහැ. ගරු ිරශකෝනය ාද්දක තුාිර අශටි ට ශගොඩග්් ් ා ාව්‍ලි් ආශකෝන් ව්‍ැඩි ශව්‍කද ව්‍ැඩක් ්ැහැ. There must be a leap - investment පි ාක් ිරශඳ්් ඕ්න අශටි ට ශගොඩග්්.

ාා ගැ් ිරක්් . 2015දී ග්‍රීියක ඇා ව්‍ැටුණද. ග්‍රීියක ිරක්ශ් ඳටහි ශිෂථටදචද ශය් ශතොස්ල්ක - the cradle of western civilization. 2015දී ග්‍රීියශය් ආකථි ක බිඳ ව්‍ැටුණදට පජී ග්‍රීියකට මුළු යුශ ෝපකා උාවු ළද. උාවු ශ රුව්‍ද ිරක්ශ් ණක දු්්ද ිරක් ශ්ොශව්‍යි ගරු ිරශකෝනය ාද්දක තුාිර. තනක දු්ශ්; grants දු්ශ්. ශාො ා ඳටහි ශිෂථටදචද ශය් ශතොස්ල්ක ශක් හැිම්ශව්‍් ග්‍රීියක ඇා ව්‍ැටුණද ිරක්ශ් අව්‍ට ටව්‍ක ආධිපතයකට ග්‍රීියක කට ශව්‍්ව්‍ද ිරක් යි.

විශ ේෂශක් මු්ථලි ටව්‍ක ආධිපතයකට ග්‍රීියක කට ශව්‍්ව්‍ද ිරකකද යුශ ෝපශය් ාතකක් ිරබුණද. විශ ේෂශක්ා නකාිරක ශ ෝස්-ප්‍රශ ෝස් ගණ් මුාල් ග්‍රීියශය් ආකථි කට ශකශායව්‍ද. ශහා කද්, අකබුාශක් ශගොඩ ්් ග්‍රීියකට අවුරුදු ාහකක් විත ගත වුණද. ්මු්, තව්‍ා්, ප්‍ර ථ්ක දව්‍ ්ැහැ. දිර් අශටි ශට් ඇිර පු ශ අකබුාක දක්ා්ට දව්‍ ශව්‍යි ිරකකද තමු්්ද්ශ්ේකද හිතුව්‍දට තව්‍ අවුරුදු ාහක දීව්‍්, ශ අකබුාක තමු්්ද්ශ්ේකද ඳකදශපොශ ෝ,තු ව්‍් ආ ද කට වි්ඳ්් අාදරු ඳව්‍යි ාා වි ථව්‍ද් ්ශ්. ශ ාහද ශේාව්‍දච කක්.","அதன்பிறகு, ைொண்புைிகு சபொநொயகர் அவர்கள் அக்கிரொசனத் தினின்று அகலமவ, பிரதிச் சபொநொயகர் அவர்கள் ",2023-11-17,2023-11-17-2023-11-17,"அதன்பிறகு, ைொண்புைிகு சபொநொயகர் அவர்கள் அக்கிரொசனத் தினின்று அகலமவ, பிரதிச் சபொநொயகர் அவர்கள் [ைொண்புைிகு அஜித் ரொஜபக்ஷ] தமலமை வகித்தொர்கள்.

Whereupon THE HON. SPEAKER left the Chair, and DEPUTY SPEAKER [THE HON. AJITH RAJAPAKSE] took the Chair.

නදතය්ත මූකය අ මුාක -IMF - ්ා ිරශඳ් ගනුශානුව්‍ ශව්‍්ා ාදව්‍ක්. අපි හිතුව්‍ද පජීකක අවුරුශශශ අලු්, න්දධිපිරතුාද ප්, වුණදා ඳටහි ටව්‍ල් පැ්කද ඇවිල්කද අශටි ටට උාවු යි ිරකකද. ්මු්, උාවුව්‍ක් හ ඳ ශව්‍කද ්ැහැ. IMF ශ ් ඇශාිප දනු ශඩොකක මිලික් ]]0ක් හ ඳ වුණද. ශ ් ාදගකක් ද්ිරකදව්‍ට දු්්ද. තව්‍ ාදගකක් දු්්ද ඳා කදශශ කට. ද්ිරකදශව්‍් ණකට ඳඩු ග්් බිලික් 4.5ක් හ ඳ ශව්‍කද ිරශඳ්ව්‍ද. ්මු්, ට ශගොඩාද්් ිරියා ආධ්‍ද කක් හ ඳ ශව්‍කද ්ැහැ. ගරු ිරශකෝනය ාද්දක තුාිර අශටි ට ශගොඩග්් ් ා ාව්‍ලි් ආශකෝන් ව්‍ැඩි ශව්‍කද ව්‍ැඩක් ්ැහැ. There must be a leap - investment පි ාක් ිරශඳ්් ඕ්න අශටි ට ශගොඩග්්.

ාා ගැ් ිරක්් . 2015දී ග්‍රීියක ඇා ව්‍ැටුණද. ග්‍රීියක ිරක්ශ් ඳටහි ශිෂථටදචද ශය් ශතොස්ල්ක - the cradle of western civilization. 2015දී ග්‍රීියශය් ආකථි ක බිඳ ව්‍ැටුණදට පජී ග්‍රීියකට මුළු යුශ ෝපකා උාවු ළද. උාවු ශ රුව්‍ද ිරක්ශ් ණක දු්්ද ිරක් ශ්ොශව්‍යි ගරු ිරශකෝනය ාද්දක තුාිර. තනක දු්ශ්; grants දු්ශ්. ශාො ා ඳටහි ශිෂථටදචද ශය් ශතොස්ල්ක ශක් හැිම්ශව්‍් ග්‍රීියක ඇා ව්‍ැටුණද ිරක්ශ් අව්‍ට ටව්‍ක ආධිපතයකට ග්‍රීියක කට ශව්‍්ව්‍ද ිරක් යි.

විශ ේෂශක් මු්ථලි ටව්‍ක ආධිපතයකට ග්‍රීියක කට ශව්‍්ව්‍ද ිරකකද යුශ ෝපශය් ාතකක් ිරබුණද. විශ ේෂශක්ා නකාිරක ශ ෝස්-ප්‍රශ ෝස් ගණ් මුාල් ග්‍රීියශය් ආකථි කට ශකශායව්‍ද. ශහා කද්, අකබුාශක් ශගොඩ ්් ග්‍රීියකට අවුරුදු ාහකක් විත ගත වුණද. ්මු්, තව්‍ා්, ප්‍ර ථ්ක දව්‍ ්ැහැ. දිර් අශටි ශට් ඇිර පු ශ අකබුාක දක්ා්ට දව්‍ ශව්‍යි ිරකකද තමු්්ද්ශ්ේකද හිතුව්‍දට තව්‍ අවුරුදු ාහක දීව්‍්, ශ අකබුාක තමු්්ද්ශ්ේකද ඳකදශපොශ ෝ,තු ව්‍් ආ ද කට වි්ඳ්් අාදරු ඳව්‍යි ාා වි ථව්‍ද් ්ශ්. ශ ාහද ශේාව්‍දච කක්.",hansard,1.0,1
lk_hansard_2020s,2023-11-17-2023-11-17,2023-11-17,2023-11-17,"Hansard of November 17, 2023",https://www.parliament.lk/en/business-of-parliament/hansards,si-ta-en,https://www.parliament.lk/uploads/documents/hansard/1701515168057680.pdf,2023-11-17-2023-11-17-0062,62,si-ta-en,17040856e95ec7016099943ac58f4c43,4435,"විශ ේෂශක් මු්ථලි ටව්‍ක ආධිපතයකට ග්‍රීියක කට ශව්‍්ව්‍ද ිරකකද යුශ ෝපශය් ාතකක් ිරබුණද. විශ ේෂශක්ා නකාිරක ශ ෝස්-ප්‍රශ ෝස් ගණ් මුාල් ග්‍රීියශය් ආකථි කට ශකශායව්‍ද. ශහා කද්, අකබුාශක් ශගොඩ ්් ග්‍රීියකට අවුරුදු ාහකක් විත ගත වුණද. ්මු්, තව්‍ා්, ප්‍ර ථ්ක දව්‍ ්ැහැ. දිර් අශටි ශට් ඇිර පු ශ අකබුාක දක්ා්ට දව්‍ ශව්‍යි ිරකකද තමු්්ද්ශ්ේකද හිතුව්‍දට තව්‍ අවුරුදු ාහක දීව්‍්, ශ අකබුාක තමු්්ද්ශ්ේකද ඳකදශපොශ ෝ,තු ව්‍් ආ ද කට වි්ඳ්් අාදරු ඳව්‍යි ාා වි ථව්‍ද් ්ශ්. ශ ාහද ශේාව්‍දච කක්.

ගු නිනය ජ‍ කථානායකුර ා (ைொண்புைிகு பிரதிச் சபொநொயகர் அவர்கள்) (The Hon. Deputy Speaker) ඔඳතුාදට කැබී ඇිර දකක අව්‍්ද්යි ගරු ා්ත්‍රීතුාිර. ගු නීියඥ ලතිකන ් ිරරිඇල්ල හරා (ைொண்புைிகு சட்டத்தரணி லக்ஷ்ைன் கிொிஎல்ல) (The Hon. Lakshman Kiriella, Attorney-at-Law) ාා ශ ද ණක්, ිරකකද ාශ ාදව්‍ අව්‍්ද් ්ව්‍ද ගරු ිරශකෝනය ාද්දක තුාිර.

යළ ට කහ පදක් ආණ්ඩුව්‍ දකශය් ග්, Sovereign Bonds ගැ් ාද ළද. ඇ්,ත ව්‍ ශක්ා අශටි හකෂ ා ියල්ව්‍ද ාැිරතුාද්, ා්්ව්‍ද ණක ග්,ශ්, ව්‍්විට අ ශග් ිරබුණු ණක ශගව්‍්් ඳව්‍. ශව්‍්ශ ොට අ ශග් ිරබුණු ණකව්‍ක ශපොලික විත ක් ිරබුණද ියකකට 89ක්. ව්‍ද කහ පදක් ආණ්ඩුව්‍ ග්,ත ණක ශ්ොශව්‍යි. හ ඳ්ශතොට ව්‍ දක Mattala Rajapaksa International Airport ශ්ළු කුලු් ව්‍දශ ිරියා ප්‍රිරකදාකක් ්ැිර ව්‍දට දකකක් ිර්ථශ්ේ ්ල්ලි ආශකෝන්ක ළද.

ගරු ිරශකෝනය ාද්දක තුාිර ාැ් ආණ්ඩුව්‍ට ්ල්ලි ්ැහැ ිරක්් ඳැහැ. අපි පළද්, පදක් ඡ්ාක දල්කද Supreme Court ට කකද. ශාො ක්ා ඇවිල්කද ිරයශය? ්ල්ලි ්ැහැ ිරයව්‍ද. යළ ව්‍තදශය්, ා ිරක්් පුළුව්‍්ා? ශාව්‍ අක ව්‍ැශක් දනය ශ්ේව්‍ ක්ශ පඩි ව්‍ැඩි කද. ාැ් ආණ්ඩුව්‍ා ිරක් විධිකට ආණ්ඩුව්‍ට හු ක් ්ල්ලි ිරශඳ්ව්‍ද. ිර්ද ආශක්, උ්දවිකට කහිල්කද ිරක්් පද ්ල්ලි ්ැහැ ිරකකද. ශ අක ව්‍ැක ාදව්‍ අපි උ්දවිකට දිරිපප්, ්ව්‍ද. ආණ්ඩුව්‍ට ඕ්න ත ්ල්ලි ිරශඳ්ව්‍ද. අ්් ිර්ද අපි අධි ණකට්, ිරක්ශ් ශ යි. අශටි ශට් න්තදව්‍ ාැ් ඡ්ා පිපද්ශක් ද්ශ්. ශ ට උ්,ත ශා්් ිරියා විධිකක් ්ැහැ. ාා හැා ාදා ශ ගැ් ිරක්ව්‍ද.

825 826

[ගරු නීිරා කක්ෂථා් ිරිපඇල්ක ාහතද]

202] ශ්ොව්‍ැ ඳක 17","විශ ේෂශක් මු්ථලි ටව්‍ක ආධිපතයකට ග්‍රීියක කට ශව්‍්ව්‍ද ිරකකද යුශ ෝපශය් ාතකක් ිරබුණද. විශ ේෂශක්ා නකාිරක ශ ෝස්-ප්‍රශ ෝස් ගණ් මුාල් ග්‍රීියශය් ආකථි කට ශකශායව්‍ද. ශහා කද්, අකබුාශක් ශගොඩ ්් ග්‍රීියකට අවුරුදු ාහකක් විත ගත වුණද. ්මු්, තව්‍ා්, ප්‍ර ථ්ක දව්‍ ්ැහැ. දිර් අශටි ශට් ඇිර පු ශ අකබුාක දක්ා්ට දව්‍ ශව්‍යි ිරකකද තමු්්ද්ශ්ේකද හිතුව්‍දට තව්‍ අවුරුදු ාහක දීව්‍්, ශ අකබුාක තමු්්ද්ශ්ේකද ඳකදශපොශ ෝ,තු ව්‍් ආ ද කට වි්ඳ්් අාදරු ඳව්‍යි ාා වි ථව්‍ද් ්ශ්. ශ ාහද ශේාව්‍දච කක්.

ගු නිනය ජ‍ කථානායකුර ා (ைொண்புைிகு பிரதிச் சபொநொயகர் அவர்கள்) (The Hon. Deputy Speaker) ඔඳතුාදට කැබී ඇිර දකක අව්‍්ද්යි ගරු ා්ත්‍රීතුාිර. ගු නීියඥ ලතිකන ් ිරරිඇල්ල හරා (ைொண்புைிகு சட்டத்தரணி லக்ஷ்ைன் கிொிஎல்ல) (The Hon. Lakshman Kiriella, Attorney-at-Law) ාා ශ ද ණක්, ිරකකද ාශ ාදව්‍ අව්‍්ද් ්ව්‍ද ගරු ිරශකෝනය ාද්දක තුාිර.

යළ ට කහ පදක් ආණ්ඩුව්‍ දකශය් ග්, Sovereign Bonds ගැ් ාද ළද. ඇ්,ත ව්‍ ශක්ා අශටි හකෂ ා ියල්ව්‍ද ාැිරතුාද්, ා්්ව්‍ද ණක ග්,ශ්, ව්‍්විට අ ශග් ිරබුණු ණක ශගව්‍්් ඳව්‍. ශව්‍්ශ ොට අ ශග් ිරබුණු ණකව්‍ක ශපොලික විත ක් ිරබුණද ියකකට 89ක්. ව්‍ද කහ පදක් ආණ්ඩුව්‍ ග්,ත ණක ශ්ොශව්‍යි. හ ඳ්ශතොට ව්‍ දක Mattala Rajapaksa International Airport ශ්ළු කුලු් ව්‍දශ ිරියා ප්‍රිරකදාකක් ්ැිර ව්‍දට දකකක් ිර්ථශ්ේ ්ල්ලි ආශකෝන්ක ළද.

ගරු ිරශකෝනය ාද්දක තුාිර ාැ් ආණ්ඩුව්‍ට ්ල්ලි ්ැහැ ිරක්් ඳැහැ. අපි පළද්, පදක් ඡ්ාක දල්කද Supreme Court ට කකද. ශාො ක්ා ඇවිල්කද ිරයශය? ්ල්ලි ්ැහැ ිරයව්‍ද. යළ ව්‍තදශය්, ා ිරක්් පුළුව්‍්ා? ශාව්‍ අක ව්‍ැශක් දනය ශ්ේව්‍ ක්ශ පඩි ව්‍ැඩි කද. ාැ් ආණ්ඩුව්‍ා ිරක් විධිකට ආණ්ඩුව්‍ට හු ක් ්ල්ලි ිරශඳ්ව්‍ද. ිර්ද ආශක්, උ්දවිකට කහිල්කද ිරක්් පද ්ල්ලි ්ැහැ ිරකකද. ශ අක ව්‍ැක ාදව්‍ අපි උ්දවිකට දිරිපප්, ්ව්‍ද. ආණ්ඩුව්‍ට ඕ්න ත ්ල්ලි ිරශඳ්ව්‍ද. අ්් ිර්ද අපි අධි ණකට්, ිරක්ශ් ශ යි. අශටි ශට් න්තදව්‍ ාැ් ඡ්ා පිපද්ශක් ද්ශ්. ශ ට උ්,ත ශා්් ිරියා විධිකක් ්ැහැ. ාා හැා ාදා ශ ගැ් ිරක්ව්‍ද.

825 826

[ගරු නීිරා කක්ෂථා් ිරිපඇල්ක ාහතද]

202] ශ්ොව්‍ැ ඳක 17",විශ ේෂශක් මු්ථලි ටව්‍ක ආධිපතයකට ග්‍රීියක කට ශව්‍්ව්‍ද ිරකකද යුශ ෝපශය් ාතකක් ිරබුණද. විශ ේෂශක්ා නකාිර,2023-11-17,2023-11-17-2023-11-17,"විශ ේෂශක් මු්ථලි ටව්‍ක ආධිපතයකට ග්‍රීියක කට ශව්‍්ව්‍ද ිරකකද යුශ ෝපශය් ාතකක් ිරබුණද. විශ ේෂශක්ා නකාිරක ශ ෝස්-ප්‍රශ ෝස් ගණ් මුාල් ග්‍රීියශය් ආකථි කට ශකශායව්‍ද. ශහා කද්, අකබුාශක් ශගොඩ ්් ග්‍රීියකට අවුරුදු ාහකක් විත ගත වුණද. ්මු්, තව්‍ා්, ප්‍ර ථ්ක දව්‍ ්ැහැ. දිර් අශටි ශට් ඇිර පු ශ අකබුාක දක්ා්ට දව්‍ ශව්‍යි ිරකකද තමු්්ද්ශ්ේකද හිතුව්‍දට තව්‍ අවුරුදු ාහක දීව්‍්, ශ අකබුාක තමු්්ද්ශ්ේකද ඳකදශපොශ ෝ,තු ව්‍් ආ ද කට වි්ඳ්් අාදරු ඳව්‍යි ාා වි ථව්‍ද් ්ශ්. ශ ාහද ශේාව්‍දච කක්.

ගු නිනය ජ‍ කථානායකුර ා (ைொண்புைிகு பிரதிச் சபொநொயகர் அவர்கள்) (The Hon. Deputy Speaker) ඔඳතුාදට කැබී ඇිර දකක අව්‍්ද්යි ගරු ා්ත්‍රීතුාිර. ගු නීියඥ ලතිකන ් ිරරිඇල්ල හරා (ைொண்புைிகு சட்டத்தரணி லக்ஷ்ைன் கிொிஎல்ல) (The Hon. Lakshman Kiriella, Attorney-at-Law) ාා ශ ද ණක්, ිරකකද ාශ ාදව්‍ අව්‍්ද් ්ව්‍ද ගරු ිරශකෝනය ාද්දක තුාිර.

යළ ට කහ පදක් ආණ්ඩුව්‍ දකශය් ග්, Sovereign Bonds ගැ් ාද ළද. ඇ්,ත ව්‍ ශක්ා අශටි හකෂ ා ියල්ව්‍ද ාැිරතුාද්, ා්්ව්‍ද ණක ග්,ශ්, ව්‍්විට අ ශග් ිරබුණු ණක ශගව්‍්් ඳව්‍. ශව්‍්ශ ොට අ ශග් ිරබුණු ණකව්‍ක ශපොලික විත ක් ිරබුණද ියකකට 89ක්. ව්‍ද කහ පදක් ආණ්ඩුව්‍ ග්,ත ණක ශ්ොශව්‍යි. හ ඳ්ශතොට ව්‍ දක Mattala Rajapaksa International Airport ශ්ළු කුලු් ව්‍දශ ිරියා ප්‍රිරකදාකක් ්ැිර ව්‍දට දකකක් ිර්ථශ්ේ ්ල්ලි ආශකෝන්ක ළද.

ගරු ිරශකෝනය ාද්දක තුාිර ාැ් ආණ්ඩුව්‍ට ්ල්ලි ්ැහැ ිරක්් ඳැහැ. අපි පළද්, පදක් ඡ්ාක දල්කද Supreme Court ට කකද. ශාො ක්ා ඇවිල්කද ිරයශය? ්ල්ලි ්ැහැ ිරයව්‍ද. යළ ව්‍තදශය්, ා ිරක්් පුළුව්‍්ා? ශාව්‍ අක ව්‍ැශක් දනය ශ්ේව්‍ ක්ශ පඩි ව්‍ැඩි කද. ාැ් ආණ්ඩුව්‍ා ිරක් විධිකට ආණ්ඩුව්‍ට හු ක් ්ල්ලි ිරශඳ්ව්‍ද. ිර්ද ආශක්, උ්දවිකට කහිල්කද ිරක්් පද ්ල්ලි ්ැහැ ිරකකද. ශ අක ව්‍ැක ාදව්‍ අපි උ්දවිකට දිරිපප්, ්ව්‍ද. ආණ්ඩුව්‍ට ඕ්න ත ්ල්ලි ිරශඳ්ව්‍ද. අ්් ිර්ද අපි අධි ණකට්, ිරක්ශ් ශ යි. අශටි ශට් න්තදව්‍ ාැ් ඡ්ා පිපද්ශක් ද්ශ්. ශ ට උ්,ත ශා්් ිරියා විධිකක් ්ැහැ. ාා හැා ාදා ශ ගැ් ිරක්ව්‍ද.

825 826

[ගරු නීිරා කක්ෂථා් ිරිපඇල්ක ාහතද]

202] ශ්ොව්‍ැ ඳක 17",hansard,1.0,1
lk_hansard_2020s,2023-11-17-2023-11-17,2023-11-17,2023-11-17,"Hansard of November 17, 2023",https://www.parliament.lk/en/business-of-parliament/hansards,si-ta-en,https://www.parliament.lk/uploads/documents/hansard/1701515168057680.pdf,2023-11-17-2023-11-17-0063,63,si-ta-en,aea28de7f7e136e5c55d2bed564e7900,3582,"ගරු ිරශකෝනය ාද්දක තුාිර ාැ් ආණ්ඩුව්‍ට ්ල්ලි ්ැහැ ිරක්් ඳැහැ. අපි පළද්, පදක් ඡ්ාක දල්කද Supreme Court ට කකද. ශාො ක්ා ඇවිල්කද ිරයශය? ්ල්ලි ්ැහැ ිරයව්‍ද. යළ ව්‍තදශය්, ා ිරක්් පුළුව්‍්ා? ශාව්‍ අක ව්‍ැශක් දනය ශ්ේව්‍ ක්ශ පඩි ව්‍ැඩි කද. ාැ් ආණ්ඩුව්‍ා ිරක් විධිකට ආණ්ඩුව්‍ට හු ක් ්ල්ලි ිරශඳ්ව්‍ද. ිර්ද ආශක්, උ්දවිකට කහිල්කද ිරක්් පද ්ල්ලි ්ැහැ ිරකකද. ශ අක ව්‍ැක ාදව්‍ අපි උ්දවිකට දිරිපප්, ්ව්‍ද. ආණ්ඩුව්‍ට ඕ්න ත ්ල්ලි ිරශඳ්ව්‍ද. අ්් ිර්ද අපි අධි ණකට්, ිරක්ශ් ශ යි. අශටි ශට් න්තදව්‍ ාැ් ඡ්ා පිපද්ශක් ද්ශ්. ශ ට උ්,ත ශා්් ිරියා විධිකක් ්ැහැ. ාා හැා ාදා ශ ගැ් ිරක්ව්‍ද.

825 826

[ගරු නීිරා කක්ෂථා් ිරිපඇල්ක ාහතද]

202] ශ්ොව්‍ැ ඳක 17

ගු නිනය ජ‍ කථානායකුර ා (ைொண்புைிகு பிரதிச் சபொநொயகர் அவர்கள்) (The Hon. Deputy Speaker) ගරු (ආචදකක) ඳ්දුක ගුණව්‍කධ්‍් ාැිරතුාද. ඔඳතුාදට මිිර්,තු 2] දකකක් ිරශඳ්ව්‍ද.

[අ.ාද. 11.21] ගු නදාර්ය) බ් ෂ්ල ගුතවර්නන හරා ප්‍රවාහන හා හා ාර්ග අ ාර‍ හ ජන ාන‍ අ ාර‍ුර ා) (ைொண்புைிகு (கலொநிதி) பந்துல குணவர்தன - மபொக்குவரத்து ைற்றும் தநடுஞ்சொமலகள் அமைச்சரும் தவகுசன ஊடக அமைச்சரும்) (The Hon. (Dr.) Bandula Gunawardana - Minister of Transport and Highways and Minister of Mass Media) ගරු ිරශකෝනය ාද්දක තුාිර 1989 පදකලිශ ්තු ාැිරව්‍ ණශක් ාහන් ඡ්ාශක් ශ ගරු ්ාදව්‍ට ශ්,ීම ප්, ශව්‍ච්ච ා්ත්‍රීව්‍ ශකකු ව්‍ ශක් දනය මූකය ළා්ද ණ විෂක ් ඳ්ධ්‍ශක් ාශ ව්‍ගකීා දෂථට ිරීමා ්ඳහද ාා ිර ්ත ශක් පදකලිශ ්තුව්‍ තුළ්, ද් පිටත්, ාදක ශව්‍කද ිරශඳ්ව්‍ද. ිර්ද හැා අව්‍්ථාදව්‍ දීා ාා ා්්ද වූ ද්ථත්‍රක අනුව්‍ ශ පිිබඳඳව්‍ ශප ාද්,ප්, දශිකක් ලිකකද ශඳොශහෝ විට පදකලිශ ්තු ා්ත්‍රීව්‍රු්ට්, ශඳාද දීකද ිරශඳ්ව්‍ද.","ගරු ිරශකෝනය ාද්දක තුාිර ාැ් ආණ්ඩුව්‍ට ්ල්ලි ්ැහැ ිරක්් ඳැහැ. අපි පළද්, පදක් ඡ්ාක දල්කද Supreme Court ට කකද. ශාො ක්ා ඇවිල්කද ිරයශය? ්ල්ලි ්ැහැ ිරයව්‍ද. යළ ව්‍තදශය්, ා ිරක්් පුළුව්‍්ා? ශාව්‍ අක ව්‍ැශක් දනය ශ්ේව්‍ ක්ශ පඩි ව්‍ැඩි කද. ාැ් ආණ්ඩුව්‍ා ිරක් විධිකට ආණ්ඩුව්‍ට හු ක් ්ල්ලි ිරශඳ්ව්‍ද. ිර්ද ආශක්, උ්දවිකට කහිල්කද ිරක්් පද ්ල්ලි ්ැහැ ිරකකද. ශ අක ව්‍ැක ාදව්‍ අපි උ්දවිකට දිරිපප්, ්ව්‍ද. ආණ්ඩුව්‍ට ඕ්න ත ්ල්ලි ිරශඳ්ව්‍ද. අ්් ිර්ද අපි අධි ණකට්, ිරක්ශ් ශ යි. අශටි ශට් න්තදව්‍ ාැ් ඡ්ා පිපද්ශක් ද්ශ්. ශ ට උ්,ත ශා්් ිරියා විධිකක් ්ැහැ. ාා හැා ාදා ශ ගැ් ිරක්ව්‍ද.

825 826

[ගරු නීිරා කක්ෂථා් ිරිපඇල්ක ාහතද]

202] ශ්ොව්‍ැ ඳක 17

ගු නිනය ජ‍ කථානායකුර ා (ைொண்புைிகு பிரதிச் சபொநொயகர் அவர்கள்) (The Hon. Deputy Speaker) ගරු (ආචදකක) ඳ්දුක ගුණව්‍කධ්‍් ාැිරතුාද. ඔඳතුාදට මිිර්,තු 2] දකකක් ිරශඳ්ව්‍ද.

[අ.ාද. 11.21] ගු නදාර්ය) බ් ෂ්ල ගුතවර්නන හරා ප්‍රවාහන හා හා ාර්ග අ ාර‍ හ ජන ාන‍ අ ාර‍ුර ා) (ைொண்புைிகு (கலொநிதி) பந்துல குணவர்தன - மபொக்குவரத்து ைற்றும் தநடுஞ்சொமலகள் அமைச்சரும் தவகுசன ஊடக அமைச்சரும்) (The Hon. (Dr.) Bandula Gunawardana - Minister of Transport and Highways and Minister of Mass Media) ගරු ිරශකෝනය ාද්දක තුාිර 1989 පදකලිශ ්තු ාැිරව්‍ ණශක් ාහන් ඡ්ාශක් ශ ගරු ්ාදව්‍ට ශ්,ීම ප්, ශව්‍ච්ච ා්ත්‍රීව්‍ ශකකු ව්‍ ශක් දනය මූකය ළා්ද ණ විෂක ් ඳ්ධ්‍ශක් ාශ ව්‍ගකීා දෂථට ිරීමා ්ඳහද ාා ිර ්ත ශක් පදකලිශ ්තුව්‍ තුළ්, ද් පිටත්, ාදක ශව්‍කද ිරශඳ්ව්‍ද. ිර්ද හැා අව්‍්ථාදව්‍ දීා ාා ා්්ද වූ ද්ථත්‍රක අනුව්‍ ශ පිිබඳඳව්‍ ශප ාද්,ප්, දශිකක් ලිකකද ශඳොශහෝ විට පදකලිශ ්තු ා්ත්‍රීව්‍රු්ට්, ශඳාද දීකද ිරශඳ්ව්‍ද.","ගරු ිරශකෝනය ාද්දක තුාිර ාැ් ආණ්ඩුව්‍ට ්ල්ලි ්ැහැ ිරක්් ඳැහැ. අපි පළද්, පදක් ඡ්ාක දල්කද Supreme Court",2023-11-17,2023-11-17-2023-11-17,"ගරු ිරශකෝනය ාද්දක තුාිර ාැ් ආණ්ඩුව්‍ට ්ල්ලි ්ැහැ ිරක්් ඳැහැ. අපි පළද්, පදක් ඡ්ාක දල්කද Supreme Court ට කකද. ශාො ක්ා ඇවිල්කද ිරයශය? ්ල්ලි ්ැහැ ිරයව්‍ද. යළ ව්‍තදශය්, ා ිරක්් පුළුව්‍්ා? ශාව්‍ අක ව්‍ැශක් දනය ශ්ේව්‍ ක්ශ පඩි ව්‍ැඩි කද. ාැ් ආණ්ඩුව්‍ා ිරක් විධිකට ආණ්ඩුව්‍ට හු ක් ්ල්ලි ිරශඳ්ව්‍ද. ිර්ද ආශක්, උ්දවිකට කහිල්කද ිරක්් පද ්ල්ලි ්ැහැ ිරකකද. ශ අක ව්‍ැක ාදව්‍ අපි උ්දවිකට දිරිපප්, ්ව්‍ද. ආණ්ඩුව්‍ට ඕ්න ත ්ල්ලි ිරශඳ්ව්‍ද. අ්් ිර්ද අපි අධි ණකට්, ිරක්ශ් ශ යි. අශටි ශට් න්තදව්‍ ාැ් ඡ්ා පිපද්ශක් ද්ශ්. ශ ට උ්,ත ශා්් ිරියා විධිකක් ්ැහැ. ාා හැා ාදා ශ ගැ් ිරක්ව්‍ද.

825 826

[ගරු නීිරා කක්ෂථා් ිරිපඇල්ක ාහතද]

202] ශ්ොව්‍ැ ඳක 17

ගු නිනය ජ‍ කථානායකුර ා (ைொண்புைிகு பிரதிச் சபொநொயகர் அவர்கள்) (The Hon. Deputy Speaker) ගරු (ආචදකක) ඳ්දුක ගුණව්‍කධ්‍් ාැිරතුාද. ඔඳතුාදට මිිර්,තු 2] දකකක් ිරශඳ්ව්‍ද.

[අ.ාද. 11.21] ගු නදාර්ය) බ් ෂ්ල ගුතවර්නන හරා ප්‍රවාහන හා හා ාර්ග අ ාර‍ හ ජන ාන‍ අ ාර‍ුර ා) (ைொண்புைிகு (கலொநிதி) பந்துல குணவர்தன - மபொக்குவரத்து ைற்றும் தநடுஞ்சொமலகள் அமைச்சரும் தவகுசன ஊடக அமைச்சரும்) (The Hon. (Dr.) Bandula Gunawardana - Minister of Transport and Highways and Minister of Mass Media) ගරු ිරශකෝනය ාද්දක තුාිර 1989 පදකලිශ ්තු ාැිරව්‍ ණශක් ාහන් ඡ්ාශක් ශ ගරු ්ාදව්‍ට ශ්,ීම ප්, ශව්‍ච්ච ා්ත්‍රීව්‍ ශකකු ව්‍ ශක් දනය මූකය ළා්ද ණ විෂක ් ඳ්ධ්‍ශක් ාශ ව්‍ගකීා දෂථට ිරීමා ්ඳහද ාා ිර ්ත ශක් පදකලිශ ්තුව්‍ තුළ්, ද් පිටත්, ාදක ශව්‍කද ිරශඳ්ව්‍ද. ිර්ද හැා අව්‍්ථාදව්‍ දීා ාා ා්්ද වූ ද්ථත්‍රක අනුව්‍ ශ පිිබඳඳව්‍ ශප ාද්,ප්, දශිකක් ලිකකද ශඳොශහෝ විට පදකලිශ ්තු ා්ත්‍රීව්‍රු්ට්, ශඳාද දීකද ිරශඳ්ව්‍ද.",hansard,1.0,1
lk_hansard_2020s,2023-11-17-2023-11-17,2023-11-17,2023-11-17,"Hansard of November 17, 2023",https://www.parliament.lk/en/business-of-parliament/hansards,si-ta-en,https://www.parliament.lk/uploads/documents/hansard/1701515168057680.pdf,2023-11-17-2023-11-17-0064,64,si-ta-en,4c5824e7f1ae65baa2083024de1c7e93,4368,"[අ.ාද. 11.21] ගු නදාර්ය) බ් ෂ්ල ගුතවර්නන හරා ප්‍රවාහන හා හා ාර්ග අ ාර‍ හ ජන ාන‍ අ ාර‍ුර ා) (ைொண்புைிகு (கலொநிதி) பந்துல குணவர்தன - மபொக்குவரத்து ைற்றும் தநடுஞ்சொமலகள் அமைச்சரும் தவகுசன ஊடக அமைச்சரும்) (The Hon. (Dr.) Bandula Gunawardana - Minister of Transport and Highways and Minister of Mass Media) ගරු ිරශකෝනය ාද්දක තුාිර 1989 පදකලිශ ්තු ාැිරව්‍ ණශක් ාහන් ඡ්ාශක් ශ ගරු ්ාදව්‍ට ශ්,ීම ප්, ශව්‍ච්ච ා්ත්‍රීව්‍ ශකකු ව්‍ ශක් දනය මූකය ළා්ද ණ විෂක ් ඳ්ධ්‍ශක් ාශ ව්‍ගකීා දෂථට ිරීමා ්ඳහද ාා ිර ්ත ශක් පදකලිශ ්තුව්‍ තුළ්, ද් පිටත්, ාදක ශව්‍කද ිරශඳ්ව්‍ද. ිර්ද හැා අව්‍්ථාදව්‍ දීා ාා ා්්ද වූ ද්ථත්‍රක අනුව්‍ ශ පිිබඳඳව්‍ ශප ාද්,ප්, දශිකක් ලිකකද ශඳොශහෝ විට පදකලිශ ්තු ා්ත්‍රීව්‍රු්ට්, ශඳාද දීකද ිරශඳ්ව්‍ද.

ගරු ිරශකෝනය ාද්දක තුාිර ශකෝ ක පිිබග්, Lord Kelvin ිරක් ්දමිව්‍ කද ිරකද ිරශඳ්ව්‍ද ඔඳ ාද ් ශශ ාැිරක හැිර විට ්හ ක ්ාඛයදව්‍ලි් ප්‍ර ද ළ හැිර විට ඔඳ ගැ් කාක් ාිරයි. ඔඳට ක ්ාඛයදව්‍ලි් ප්‍ර ද ළ ශ්ොහැිර විට ඔශබ් ාැනුා ශ්ොච්ච ශහෝ ්නහීාට ප්, ශ්ොව්‍් ආ ද ශය්ක. ක ාැනුශ ආ ාක වික හැිරක. ්මු්, ඔඳ ක තදක් ශහෝ ඔඳශ ියතුවිලි විායද්,ා තකක ට ශග් ශගෝථ ශ්ොාැත. කනුශව්‍්.

ශ පදකලිශ ්තුශය විව්‍දා ඳකද ියස්් විට ාට ශ්,ශ ්ශ් ඔඳතුා්කද අාහ් ශශ පදක්ක අනුව්‍ ශ ආකථි විායදව්‍ විායදව්‍ක් ඳව්‍්, ක දනය මූකය ළා්ද ණශය් විෂකකක් ිරක් ්, පිිබග්ශ් ්ැිරව්‍ ිරශ් දට අව්‍කදා ් මි් ඳැණ අඬගහ ගැනීාක් ශ ශ ් ඳව්‍යි. ්මු්, ්ඳහද ශ්ොශව්‍යි අප පදකලිශ ්තුව්‍ට ප්, ව්‍ද ිරශඳ්ශ්. ආණ්ඩුක්‍රා ව්‍යව්‍්ථාදශය 148ව්‍ැිර ව්‍යව්‍්ථාදව්‍ට අනුව්‍ දනය මූකය පිිබඳඳ ් පූකණ ඳකක ිරශඳ්ශ් ශ පදකලිශ ්තුව්‍ට. ශ ක් පිිබශව්‍ත අනුව්‍ ශ ට ිරකත ව්‍ ශක්ා ඳාශ ොශකෝ, ව්‍් ඳව්‍ ාැ්ශග් ච්ද්‍රි ද කුාද තුාග ාැිරිරක න්දධිපිර ශක් ියස්කදී ිරල් වික්‍රාියාහ ාහතද අග්‍රදාදතයව්‍ කද ශක් ියස්කදී ාා මුාල් ිරශකෝනය අාදතයව්‍ කද ශක් ියස්කදී ශ ගරු ්ාදව්‍ට ප්තක් දිරිපප්, ළද. තායි 200] අා 0] ා ් මූකය ළා්ද ණ (ව්‍ගකීා) ප්ත. ගරු ිරශකෝනය ාද්දක තුාිර ාා ශ ප්ත ්ාදගත ්් .","[අ.ාද. 11.21] ගු නදාර්ය) බ් ෂ්ල ගුතවර්නන හරා ප්‍රවාහන හා හා ාර්ග අ ාර‍ හ ජන ාන‍ අ ාර‍ුර ා) (ைொண்புைிகு (கலொநிதி) பந்துல குணவர்தன - மபொக்குவரத்து ைற்றும் தநடுஞ்சொமலகள் அமைச்சரும் தவகுசன ஊடக அமைச்சரும்) (The Hon. (Dr.) Bandula Gunawardana - Minister of Transport and Highways and Minister of Mass Media) ගරු ිරශකෝනය ාද්දක තුාිර 1989 පදකලිශ ්තු ාැිරව්‍ ණශක් ාහන් ඡ්ාශක් ශ ගරු ්ාදව්‍ට ශ්,ීම ප්, ශව්‍ච්ච ා්ත්‍රීව්‍ ශකකු ව්‍ ශක් දනය මූකය ළා්ද ණ විෂක ් ඳ්ධ්‍ශක් ාශ ව්‍ගකීා දෂථට ිරීමා ්ඳහද ාා ිර ්ත ශක් පදකලිශ ්තුව්‍ තුළ්, ද් පිටත්, ාදක ශව්‍කද ිරශඳ්ව්‍ද. ිර්ද හැා අව්‍්ථාදව්‍ දීා ාා ා්්ද වූ ද්ථත්‍රක අනුව්‍ ශ පිිබඳඳව්‍ ශප ාද්,ප්, දශිකක් ලිකකද ශඳොශහෝ විට පදකලිශ ්තු ා්ත්‍රීව්‍රු්ට්, ශඳාද දීකද ිරශඳ්ව්‍ද.

ගරු ිරශකෝනය ාද්දක තුාිර ශකෝ ක පිිබග්, Lord Kelvin ිරක් ්දමිව්‍ කද ිරකද ිරශඳ්ව්‍ද ඔඳ ාද ් ශශ ාැිරක හැිර විට ්හ ක ්ාඛයදව්‍ලි් ප්‍ර ද ළ හැිර විට ඔඳ ගැ් කාක් ාිරයි. ඔඳට ක ්ාඛයදව්‍ලි් ප්‍ර ද ළ ශ්ොහැිර විට ඔශබ් ාැනුා ශ්ොච්ච ශහෝ ්නහීාට ප්, ශ්ොව්‍් ආ ද ශය්ක. ක ාැනුශ ආ ාක වික හැිරක. ්මු්, ඔඳ ක තදක් ශහෝ ඔඳශ ියතුවිලි විායද්,ා තකක ට ශග් ශගෝථ ශ්ොාැත. කනුශව්‍්.

ශ පදකලිශ ්තුශය විව්‍දා ඳකද ියස්් විට ාට ශ්,ශ ්ශ් ඔඳතුා්කද අාහ් ශශ පදක්ක අනුව්‍ ශ ආකථි විායදව්‍ විායදව්‍ක් ඳව්‍්, ක දනය මූකය ළා්ද ණශය් විෂකකක් ිරක් ්, පිිබග්ශ් ්ැිරව්‍ ිරශ් දට අව්‍කදා ් මි් ඳැණ අඬගහ ගැනීාක් ශ ශ ් ඳව්‍යි. ්මු්, ්ඳහද ශ්ොශව්‍යි අප පදකලිශ ්තුව්‍ට ප්, ව්‍ද ිරශඳ්ශ්. ආණ්ඩුක්‍රා ව්‍යව්‍්ථාදශය 148ව්‍ැිර ව්‍යව්‍්ථාදව්‍ට අනුව්‍ දනය මූකය පිිබඳඳ ් පූකණ ඳකක ිරශඳ්ශ් ශ පදකලිශ ්තුව්‍ට. ශ ක් පිිබශව්‍ත අනුව්‍ ශ ට ිරකත ව්‍ ශක්ා ඳාශ ොශකෝ, ව්‍් ඳව්‍ ාැ්ශග් ච්ද්‍රි ද කුාද තුාග ාැිරිරක න්දධිපිර ශක් ියස්කදී ිරල් වික්‍රාියාහ ාහතද අග්‍රදාදතයව්‍ කද ශක් ියස්කදී ාා මුාල් ිරශකෝනය අාදතයව්‍ කද ශක් ියස්කදී ශ ගරු ්ාදව්‍ට ප්තක් දිරිපප්, ළද. තායි 200] අා 0] ා ් මූකය ළා්ද ණ (ව්‍ගකීා) ප්ත. ගරු ිරශකෝනය ාද්දක තුාිර ාා ශ ප්ත ්ාදගත ්් .",[අ.ාද. 11.21] ගු නදාර්ය) බ් ෂ්ල ගුතවර්නන හරා ප්‍රවාහන හා හා ාර්ග අ ාර‍ හ ජන ාන‍ අ ාර‍ුර ා) (ைொண்புை,2023-11-17,2023-11-17-2023-11-17,"[අ.ාද. 11.21] ගු නදාර්ය) බ් ෂ්ල ගුතවර්නන හරා ප්‍රවාහන හා හා ාර්ග අ ාර‍ හ ජන ාන‍ අ ාර‍ුර ා) (ைொண்புைிகு (கலொநிதி) பந்துல குணவர்தன - மபொக்குவரத்து ைற்றும் தநடுஞ்சொமலகள் அமைச்சரும் தவகுசன ஊடக அமைச்சரும்) (The Hon. (Dr.) Bandula Gunawardana - Minister of Transport and Highways and Minister of Mass Media) ගරු ිරශකෝනය ාද්දක තුාිර 1989 පදකලිශ ්තු ාැිරව්‍ ණශක් ාහන් ඡ්ාශක් ශ ගරු ්ාදව්‍ට ශ්,ීම ප්, ශව්‍ච්ච ා්ත්‍රීව්‍ ශකකු ව්‍ ශක් දනය මූකය ළා්ද ණ විෂක ් ඳ්ධ්‍ශක් ාශ ව්‍ගකීා දෂථට ිරීමා ්ඳහද ාා ිර ්ත ශක් පදකලිශ ්තුව්‍ තුළ්, ද් පිටත්, ාදක ශව්‍කද ිරශඳ්ව්‍ද. ිර්ද හැා අව්‍්ථාදව්‍ දීා ාා ා්්ද වූ ද්ථත්‍රක අනුව්‍ ශ පිිබඳඳව්‍ ශප ාද්,ප්, දශිකක් ලිකකද ශඳොශහෝ විට පදකලිශ ්තු ා්ත්‍රීව්‍රු්ට්, ශඳාද දීකද ිරශඳ්ව්‍ද.

ගරු ිරශකෝනය ාද්දක තුාිර ශකෝ ක පිිබග්, Lord Kelvin ිරක් ්දමිව්‍ කද ිරකද ිරශඳ්ව්‍ද ඔඳ ාද ් ශශ ාැිරක හැිර විට ්හ ක ්ාඛයදව්‍ලි් ප්‍ර ද ළ හැිර විට ඔඳ ගැ් කාක් ාිරයි. ඔඳට ක ්ාඛයදව්‍ලි් ප්‍ර ද ළ ශ්ොහැිර විට ඔශබ් ාැනුා ශ්ොච්ච ශහෝ ්නහීාට ප්, ශ්ොව්‍් ආ ද ශය්ක. ක ාැනුශ ආ ාක වික හැිරක. ්මු්, ඔඳ ක තදක් ශහෝ ඔඳශ ියතුවිලි විායද්,ා තකක ට ශග් ශගෝථ ශ්ොාැත. කනුශව්‍්.

ශ පදකලිශ ්තුශය විව්‍දා ඳකද ියස්් විට ාට ශ්,ශ ්ශ් ඔඳතුා්කද අාහ් ශශ පදක්ක අනුව්‍ ශ ආකථි විායදව්‍ විායදව්‍ක් ඳව්‍්, ක දනය මූකය ළා්ද ණශය් විෂකකක් ිරක් ්, පිිබග්ශ් ්ැිරව්‍ ිරශ් දට අව්‍කදා ් මි් ඳැණ අඬගහ ගැනීාක් ශ ශ ් ඳව්‍යි. ්මු්, ්ඳහද ශ්ොශව්‍යි අප පදකලිශ ්තුව්‍ට ප්, ව්‍ද ිරශඳ්ශ්. ආණ්ඩුක්‍රා ව්‍යව්‍්ථාදශය 148ව්‍ැිර ව්‍යව්‍්ථාදව්‍ට අනුව්‍ දනය මූකය පිිබඳඳ ් පූකණ ඳකක ිරශඳ්ශ් ශ පදකලිශ ්තුව්‍ට. ශ ක් පිිබශව්‍ත අනුව්‍ ශ ට ිරකත ව්‍ ශක්ා ඳාශ ොශකෝ, ව්‍් ඳව්‍ ාැ්ශග් ච්ද්‍රි ද කුාද තුාග ාැිරිරක න්දධිපිර ශක් ියස්කදී ිරල් වික්‍රාියාහ ාහතද අග්‍රදාදතයව්‍ කද ශක් ියස්කදී ාා මුාල් ිරශකෝනය අාදතයව්‍ කද ශක් ියස්කදී ශ ගරු ්ාදව්‍ට ප්තක් දිරිපප්, ළද. තායි 200] අා 0] ා ් මූකය ළා්ද ණ (ව්‍ගකීා) ප්ත. ගරු ිරශකෝනය ාද්දක තුාිර ාා ශ ප්ත ්ාදගත ්් .",hansard,1.0,1
lk_hansard_2020s,2023-11-17-2023-11-17,2023-11-17,2023-11-17,"Hansard of November 17, 2023",https://www.parliament.lk/en/business-of-parliament/hansards,si-ta-en,https://www.parliament.lk/uploads/documents/hansard/1701515168057680.pdf,2023-11-17-2023-11-17-0065,65,si-ta-en,2410178ec6da195d2a62b591ca283edf,4295,"ශ පදකලිශ ්තුශය විව්‍දා ඳකද ියස්් විට ාට ශ්,ශ ්ශ් ඔඳතුා්කද අාහ් ශශ පදක්ක අනුව්‍ ශ ආකථි විායදව්‍ විායදව්‍ක් ඳව්‍්, ක දනය මූකය ළා්ද ණශය් විෂකකක් ිරක් ්, පිිබග්ශ් ්ැිරව්‍ ිරශ් දට අව්‍කදා ් මි් ඳැණ අඬගහ ගැනීාක් ශ ශ ් ඳව්‍යි. ්මු්, ්ඳහද ශ්ොශව්‍යි අප පදකලිශ ්තුව්‍ට ප්, ව්‍ද ිරශඳ්ශ්. ආණ්ඩුක්‍රා ව්‍යව්‍්ථාදශය 148ව්‍ැිර ව්‍යව්‍්ථාදව්‍ට අනුව්‍ දනය මූකය පිිබඳඳ ් පූකණ ඳකක ිරශඳ්ශ් ශ පදකලිශ ්තුව්‍ට. ශ ක් පිිබශව්‍ත අනුව්‍ ශ ට ිරකත ව්‍ ශක්ා ඳාශ ොශකෝ, ව්‍් ඳව්‍ ාැ්ශග් ච්ද්‍රි ද කුාද තුාග ාැිරිරක න්දධිපිර ශක් ියස්කදී ිරල් වික්‍රාියාහ ාහතද අග්‍රදාදතයව්‍ කද ශක් ියස්කදී ාා මුාල් ිරශකෝනය අාදතයව්‍ කද ශක් ියස්කදී ශ ගරු ්ාදව්‍ට ප්තක් දිරිපප්, ළද. තායි 200] අා 0] ා ් මූකය ළා්ද ණ (ව්‍ගකීා) ප්ත. ගරු ිරශකෝනය ාද්දක තුාිර ාා ශ ප්ත ්ාදගත ්් .

ාගක්තශය් පදකලිශ ්තුශය ශහෝ ශකෝ ශය් ඕ්නා ට පදකලිශ ්තුශය හැ්්දඩ් ව්‍දකතද අ ශග් ඳක්්. විශව්‍්, ා්ත්‍රීතුා්කද පාණයි විව්‍දාව්‍කට ්හාදක ශව්‍්ශ්; Budget deficit ගැ් විත යි ්ද ච්ඡද ්ශ්. අක ව්‍ැශය් ශව්‍් ිරිය ශාකක් ගැ් ාද ශව්‍්ශ් ්ැහැ.

අපි 2006 ියට ිරගටා Budget deficit ියකකට 5ට අඩුශව්‍් පව්‍්,ව්‍දශග් කද යුතුයි ිරකකද ශ පදකලිශ ්තුශය නීිරක ් ාත ළද. ශාව්‍ැිර ද ණක හැස්කට 201]දී ශ්ොපිකවූ මුළු දනය ණක ාළ ශශශීක ිරෂථපදා්ශය් ප්‍රිර තකක් ශක් ියකකට 60ට අඩු ළ යුතුයි ිරකකද ශ පදකලිශ ්තුව්‍ නීිරශක් ිරකා ළද. 201] ිරක්ශ් මීට අවුරුදු 10 ට ද්ථශ්ල්කද. ාද ිරයව්‍ද මි් පජීව්‍ ් ආණ්ඩු ශ සීාදව්‍ දක්ාව්‍්් ඳැහැ ිරකකද. තායි නීිරක. තු්ව්‍ැිර ද ණක හැස්කට කා ද ආණ්ඩුව්‍ ශට් ණකව්‍කට ඇප ශව්‍්ව්‍ද ් ාළ ශශශීක ිරෂථපදා්ශක් ියකකට 4.5ට ව්‍ඩද ඇප ශව්‍්් ඳැහැ ිරයව්‍ද. ශ රුණු ාා ඔටිපු ්ව්‍ද. ්ඳහද 200] අා ] ා ් මූකය ළා්ද ණ (ව්‍ගකීා) ප්ත ාා ාගර* ්ව්‍ද.

827 828

————————— * පු නරකාලන රබා ඇර. * நூனிமலயத்தில் மவக்கப்பட்டுள்ளது. * Placed in the Library.

————————— * පු නරකාලන රබා ඇර. * நூனிமலயத்தில் மவக்கப்பட்டுள்ளது. * Placed in the Library.

පදකලිශ ්තුව්‍","ශ පදකලිශ ්තුශය විව්‍දා ඳකද ියස්් විට ාට ශ්,ශ ්ශ් ඔඳතුා්කද අාහ් ශශ පදක්ක අනුව්‍ ශ ආකථි විායදව්‍ විායදව්‍ක් ඳව්‍්, ක දනය මූකය ළා්ද ණශය් විෂකකක් ිරක් ්, පිිබග්ශ් ්ැිරව්‍ ිරශ් දට අව්‍කදා ් මි් ඳැණ අඬගහ ගැනීාක් ශ ශ ් ඳව්‍යි. ්මු්, ්ඳහද ශ්ොශව්‍යි අප පදකලිශ ්තුව්‍ට ප්, ව්‍ද ිරශඳ්ශ්. ආණ්ඩුක්‍රා ව්‍යව්‍්ථාදශය 148ව්‍ැිර ව්‍යව්‍්ථාදව්‍ට අනුව්‍ දනය මූකය පිිබඳඳ ් පූකණ ඳකක ිරශඳ්ශ් ශ පදකලිශ ්තුව්‍ට. ශ ක් පිිබශව්‍ත අනුව්‍ ශ ට ිරකත ව්‍ ශක්ා ඳාශ ොශකෝ, ව්‍් ඳව්‍ ාැ්ශග් ච්ද්‍රි ද කුාද තුාග ාැිරිරක න්දධිපිර ශක් ියස්කදී ිරල් වික්‍රාියාහ ාහතද අග්‍රදාදතයව්‍ කද ශක් ියස්කදී ාා මුාල් ිරශකෝනය අාදතයව්‍ කද ශක් ියස්කදී ශ ගරු ්ාදව්‍ට ප්තක් දිරිපප්, ළද. තායි 200] අා 0] ා ් මූකය ළා්ද ණ (ව්‍ගකීා) ප්ත. ගරු ිරශකෝනය ාද්දක තුාිර ාා ශ ප්ත ්ාදගත ්් .

ාගක්තශය් පදකලිශ ්තුශය ශහෝ ශකෝ ශය් ඕ්නා ට පදකලිශ ්තුශය හැ්්දඩ් ව්‍දකතද අ ශග් ඳක්්. විශව්‍්, ා්ත්‍රීතුා්කද පාණයි විව්‍දාව්‍කට ්හාදක ශව්‍්ශ්; Budget deficit ගැ් විත යි ්ද ච්ඡද ්ශ්. අක ව්‍ැශය් ශව්‍් ිරිය ශාකක් ගැ් ාද ශව්‍්ශ් ්ැහැ.

අපි 2006 ියට ිරගටා Budget deficit ියකකට 5ට අඩුශව්‍් පව්‍්,ව්‍දශග් කද යුතුයි ිරකකද ශ පදකලිශ ්තුශය නීිරක ් ාත ළද. ශාව්‍ැිර ද ණක හැස්කට 201]දී ශ්ොපිකවූ මුළු දනය ණක ාළ ශශශීක ිරෂථපදා්ශය් ප්‍රිර තකක් ශක් ියකකට 60ට අඩු ළ යුතුයි ිරකකද ශ පදකලිශ ්තුව්‍ නීිරශක් ිරකා ළද. 201] ිරක්ශ් මීට අවුරුදු 10 ට ද්ථශ්ල්කද. ාද ිරයව්‍ද මි් පජීව්‍ ් ආණ්ඩු ශ සීාදව්‍ දක්ාව්‍්් ඳැහැ ිරකකද. තායි නීිරක. තු්ව්‍ැිර ද ණක හැස්කට කා ද ආණ්ඩුව්‍ ශට් ණකව්‍කට ඇප ශව්‍්ව්‍ද ් ාළ ශශශීක ිරෂථපදා්ශක් ියකකට 4.5ට ව්‍ඩද ඇප ශව්‍්් ඳැහැ ිරයව්‍ද. ශ රුණු ාා ඔටිපු ්ව්‍ද. ්ඳහද 200] අා ] ා ් මූකය ළා්ද ණ (ව්‍ගකීා) ප්ත ාා ාගර* ්ව්‍ද.

827 828

————————— * පු නරකාලන රබා ඇර. * நூனிமலயத்தில் மவக்கப்பட்டுள்ளது. * Placed in the Library.

————————— * පු නරකාලන රබා ඇර. * நூனிமலயத்தில் மவக்கப்பட்டுள்ளது. * Placed in the Library.

පදකලිශ ්තුව්‍","ශ පදකලිශ ්තුශය විව්‍දා ඳකද ියස්් විට ාට ශ්,ශ ්ශ් ඔඳතුා්කද අාහ් ශශ පදක්ක අනුව්‍ ශ ආකථි විායදව්‍ විායද",2023-11-17,2023-11-17-2023-11-17,"ශ පදකලිශ ්තුශය විව්‍දා ඳකද ියස්් විට ාට ශ්,ශ ්ශ් ඔඳතුා්කද අාහ් ශශ පදක්ක අනුව්‍ ශ ආකථි විායදව්‍ විායදව්‍ක් ඳව්‍්, ක දනය මූකය ළා්ද ණශය් විෂකකක් ිරක් ්, පිිබග්ශ් ්ැිරව්‍ ිරශ් දට අව්‍කදා ් මි් ඳැණ අඬගහ ගැනීාක් ශ ශ ් ඳව්‍යි. ්මු්, ්ඳහද ශ්ොශව්‍යි අප පදකලිශ ්තුව්‍ට ප්, ව්‍ද ිරශඳ්ශ්. ආණ්ඩුක්‍රා ව්‍යව්‍්ථාදශය 148ව්‍ැිර ව්‍යව්‍්ථාදව්‍ට අනුව්‍ දනය මූකය පිිබඳඳ ් පූකණ ඳකක ිරශඳ්ශ් ශ පදකලිශ ්තුව්‍ට. ශ ක් පිිබශව්‍ත අනුව්‍ ශ ට ිරකත ව්‍ ශක්ා ඳාශ ොශකෝ, ව්‍් ඳව්‍ ාැ්ශග් ච්ද්‍රි ද කුාද තුාග ාැිරිරක න්දධිපිර ශක් ියස්කදී ිරල් වික්‍රාියාහ ාහතද අග්‍රදාදතයව්‍ කද ශක් ියස්කදී ාා මුාල් ිරශකෝනය අාදතයව්‍ කද ශක් ියස්කදී ශ ගරු ්ාදව්‍ට ප්තක් දිරිපප්, ළද. තායි 200] අා 0] ා ් මූකය ළා්ද ණ (ව්‍ගකීා) ප්ත. ගරු ිරශකෝනය ාද්දක තුාිර ාා ශ ප්ත ්ාදගත ්් .

ාගක්තශය් පදකලිශ ්තුශය ශහෝ ශකෝ ශය් ඕ්නා ට පදකලිශ ්තුශය හැ්්දඩ් ව්‍දකතද අ ශග් ඳක්්. විශව්‍්, ා්ත්‍රීතුා්කද පාණයි විව්‍දාව්‍කට ්හාදක ශව්‍්ශ්; Budget deficit ගැ් විත යි ්ද ච්ඡද ්ශ්. අක ව්‍ැශය් ශව්‍් ිරිය ශාකක් ගැ් ාද ශව්‍්ශ් ්ැහැ.

අපි 2006 ියට ිරගටා Budget deficit ියකකට 5ට අඩුශව්‍් පව්‍්,ව්‍දශග් කද යුතුයි ිරකකද ශ පදකලිශ ්තුශය නීිරක ් ාත ළද. ශාව්‍ැිර ද ණක හැස්කට 201]දී ශ්ොපිකවූ මුළු දනය ණක ාළ ශශශීක ිරෂථපදා්ශය් ප්‍රිර තකක් ශක් ියකකට 60ට අඩු ළ යුතුයි ිරකකද ශ පදකලිශ ්තුව්‍ නීිරශක් ිරකා ළද. 201] ිරක්ශ් මීට අවුරුදු 10 ට ද්ථශ්ල්කද. ාද ිරයව්‍ද මි් පජීව්‍ ් ආණ්ඩු ශ සීාදව්‍ දක්ාව්‍්් ඳැහැ ිරකකද. තායි නීිරක. තු්ව්‍ැිර ද ණක හැස්කට කා ද ආණ්ඩුව්‍ ශට් ණකව්‍කට ඇප ශව්‍්ව්‍ද ් ාළ ශශශීක ිරෂථපදා්ශක් ියකකට 4.5ට ව්‍ඩද ඇප ශව්‍්් ඳැහැ ිරයව්‍ද. ශ රුණු ාා ඔටිපු ්ව්‍ද. ්ඳහද 200] අා ] ා ් මූකය ළා්ද ණ (ව්‍ගකීා) ප්ත ාා ාගර* ්ව්‍ද.

827 828

————————— * පු නරකාලන රබා ඇර. * நூனிமலயத்தில் மவக்கப்பட்டுள்ளது. * Placed in the Library.

————————— * පු නරකාලන රබා ඇර. * நூனிமலயத்தில் மவக்கப்பட்டுள்ளது. * Placed in the Library.

පදකලිශ ්තුව්‍",hansard,1.0,1
lk_hansard_2020s,2023-11-17-2023-11-17,2023-11-17,2023-11-17,"Hansard of November 17, 2023",https://www.parliament.lk/en/business-of-parliament/hansards,si-ta-en,https://www.parliament.lk/uploads/documents/hansard/1701515168057680.pdf,2023-11-17-2023-11-17-0066,66,si-ta-en,4840204db26c47806827b6dfbed04fff,3554,"827 828

————————— * පු නරකාලන රබා ඇර. * நூனிமலயத்தில் மவக்கப்பட்டுள்ளது. * Placed in the Library.

————————— * පු නරකාලන රබා ඇර. * நூனிமலயத்தில் மவக்கப்பட்டுள்ளது. * Placed in the Library.

පදකලිශ ්තුව්‍

ශහා ් ට ඳාශ ොශකෝ,වීාට ව්‍ග ිරව්‍ යු්,ශ්, වුා? 200] අා ] ා ් මූකය ළා්ද ණ (ව්‍ගකීා) ප්ත ඩද ාැමීාට ් ඳ්ධ්‍ ශව්‍ච්ච ියකලුශා්ද ැකණික ප්්කට කහිල්කද ්ාදව්‍ ග්් ඕ්න. ක්ශ ශ්ක් ශ්ොශව්‍යි ශ පදකලිශ ්තුව්‍ ිරශකෝන්ක ් ියකලු ාහන් ිරශකෝිකතක් ආණ්ඩුක්‍රා ව්‍යව්‍්ථාදව්‍ට අනුව්‍ මූකය ළා්ද ණකට ් ශාතැ්ට ආශය - [ඳදධ්‍ද ිරීමාක්] ්ැහැ ්ැහැ. ගරු කක්ෂථා් ිරිපඇල්ක ා්ත්‍රීතුාිර ශ පදකලිශ ්තුව්‍ ශ් උ්,තීමත . රුණද ාට ාද ්් ශා්්. අපි ශහා නීිරකක් ශග්දව්‍ද ා ්ැශා ිරක්්? ව්‍ැිර නීිරකක් පදකලිශ ්තුශය ් ාත ළදා ්ැශා? ් ාත පු නීිරක අනුව්‍ Budget deficit 2006 දඳ් ියකකට 5ට ිරකදශග් ද්් ිරක් ශළේ ්ැිර ආණ්ඩු දනය ණක ාළ ශශශීක ිරෂථපදා්ශය් ියකකට 60 සීාදශය තඳද ශ්ොශග් අසීමිත ශක් Sovereign Bonds ව්‍ද ශ ව්‍ද ිරකු්, කද ණක ග්,ත ආණ්ඩු ආණ්ඩුව්‍කට ් ඳ්ධ්‍ ශව්‍ච්ච ශ්ොශව්‍ච්ච පදකලිශ ්තුව්‍ තුළ ද්් ියකලුශා්ද අක ව්‍ැක ් ාත දීපු ියකලුශා්ද උ්දවිශක් ාඬුව්‍ කැබික යුතුයි ශ්ා? ිර්ද ශ් ශ ආකථි ක ඩදශග් ව්‍ැටුශණ්?

ආකථි කක් ශ ආ ද කට ඩද ව්‍ැශට්් ් ශකෝ ශය් ියකලු ආකථි විශව්‍තු් පිිබග්් ශහේතු ශා යි ිරශඳ්ශ්. අපි ක්ශ ්දට ශඳොරුව්‍ට අත ිරගු කද ශහේතු ිරක්් ඕ්න ්ැහැ. ආකථි කක් ශ ආ ද කට ඩද ව්‍ැශට්් ශහේතු ශා යි ිරශඳ්ශ්. නාගා කණුශ හි ශා ක් ිරශඳ්ව්‍ද. දනය අක ව්‍ැශය් නාගා කණුශ ව්‍කත් කණුශ හි ක - Current Account deficit - තායි පළමුව්‍ැිර . ශාව්‍ැිර තායි අ්තක නදිර ශගවු තුකදශය නාගා කණුශ හි ක. ිර්ථ් අ්,ත්දක ාැිරතුාද්, ා්්ව්‍ද.","827 828

————————— * පු නරකාලන රබා ඇර. * நூனிமலயத்தில் மவக்கப்பட்டுள்ளது. * Placed in the Library.

————————— * පු නරකාලන රබා ඇර. * நூனிமலயத்தில் மவக்கப்பட்டுள்ளது. * Placed in the Library.

පදකලිශ ්තුව්‍

ශහා ් ට ඳාශ ොශකෝ,වීාට ව්‍ග ිරව්‍ යු්,ශ්, වුා? 200] අා ] ා ් මූකය ළා්ද ණ (ව්‍ගකීා) ප්ත ඩද ාැමීාට ් ඳ්ධ්‍ ශව්‍ච්ච ියකලුශා්ද ැකණික ප්්කට කහිල්කද ්ාදව්‍ ග්් ඕ්න. ක්ශ ශ්ක් ශ්ොශව්‍යි ශ පදකලිශ ්තුව්‍ ිරශකෝන්ක ් ියකලු ාහන් ිරශකෝිකතක් ආණ්ඩුක්‍රා ව්‍යව්‍්ථාදව්‍ට අනුව්‍ මූකය ළා්ද ණකට ් ශාතැ්ට ආශය - [ඳදධ්‍ද ිරීමාක්] ්ැහැ ්ැහැ. ගරු කක්ෂථා් ිරිපඇල්ක ා්ත්‍රීතුාිර ශ පදකලිශ ්තුව්‍ ශ් උ්,තීමත . රුණද ාට ාද ්් ශා්්. අපි ශහා නීිරකක් ශග්දව්‍ද ා ්ැශා ිරක්්? ව්‍ැිර නීිරකක් පදකලිශ ්තුශය ් ාත ළදා ්ැශා? ් ාත පු නීිරක අනුව්‍ Budget deficit 2006 දඳ් ියකකට 5ට ිරකදශග් ද්් ිරක් ශළේ ්ැිර ආණ්ඩු දනය ණක ාළ ශශශීක ිරෂථපදා්ශය් ියකකට 60 සීාදශය තඳද ශ්ොශග් අසීමිත ශක් Sovereign Bonds ව්‍ද ශ ව්‍ද ිරකු්, කද ණක ග්,ත ආණ්ඩු ආණ්ඩුව්‍කට ් ඳ්ධ්‍ ශව්‍ච්ච ශ්ොශව්‍ච්ච පදකලිශ ්තුව්‍ තුළ ද්් ියකලුශා්ද අක ව්‍ැක ් ාත දීපු ියකලුශා්ද උ්දවිශක් ාඬුව්‍ කැබික යුතුයි ශ්ා? ිර්ද ශ් ශ ආකථි ක ඩදශග් ව්‍ැටුශණ්?

ආකථි කක් ශ ආ ද කට ඩද ව්‍ැශට්් ් ශකෝ ශය් ියකලු ආකථි විශව්‍තු් පිිබග්් ශහේතු ශා යි ිරශඳ්ශ්. අපි ක්ශ ්දට ශඳොරුව්‍ට අත ිරගු කද ශහේතු ිරක්් ඕ්න ්ැහැ. ආකථි කක් ශ ආ ද කට ඩද ව්‍ැශට්් ශහේතු ශා යි ිරශඳ්ශ්. නාගා කණුශ හි ශා ක් ිරශඳ්ව්‍ද. දනය අක ව්‍ැශය් නාගා කණුශ ව්‍කත් කණුශ හි ක - Current Account deficit - තායි පළමුව්‍ැිර . ශාව්‍ැිර තායි අ්තක නදිර ශගවු තුකදශය නාගා කණුශ හි ක. ිර්ථ් අ්,ත්දක ාැිරතුාද්, ා්්ව්‍ද.","827 828

————————— * පු නරකාලන රබා ඇර. * நூனிமலயத்தில் மவக்கப்பட்டுள்ளது. * Placed in the Library.

",2023-11-17,2023-11-17-2023-11-17,"827 828

————————— * පු නරකාලන රබා ඇර. * நூனிமலயத்தில் மவக்கப்பட்டுள்ளது. * Placed in the Library.

————————— * පු නරකාලන රබා ඇර. * நூனிமலயத்தில் மவக்கப்பட்டுள்ளது. * Placed in the Library.

පදකලිශ ්තුව්‍

ශහා ් ට ඳාශ ොශකෝ,වීාට ව්‍ග ිරව්‍ යු්,ශ්, වුා? 200] අා ] ා ් මූකය ළා්ද ණ (ව්‍ගකීා) ප්ත ඩද ාැමීාට ් ඳ්ධ්‍ ශව්‍ච්ච ියකලුශා්ද ැකණික ප්්කට කහිල්කද ්ාදව්‍ ග්් ඕ්න. ක්ශ ශ්ක් ශ්ොශව්‍යි ශ පදකලිශ ්තුව්‍ ිරශකෝන්ක ් ියකලු ාහන් ිරශකෝිකතක් ආණ්ඩුක්‍රා ව්‍යව්‍්ථාදව්‍ට අනුව්‍ මූකය ළා්ද ණකට ් ශාතැ්ට ආශය - [ඳදධ්‍ද ිරීමාක්] ්ැහැ ්ැහැ. ගරු කක්ෂථා් ිරිපඇල්ක ා්ත්‍රීතුාිර ශ පදකලිශ ්තුව්‍ ශ් උ්,තීමත . රුණද ාට ාද ්් ශා්්. අපි ශහා නීිරකක් ශග්දව්‍ද ා ්ැශා ිරක්්? ව්‍ැිර නීිරකක් පදකලිශ ්තුශය ් ාත ළදා ්ැශා? ් ාත පු නීිරක අනුව්‍ Budget deficit 2006 දඳ් ියකකට 5ට ිරකදශග් ද්් ිරක් ශළේ ්ැිර ආණ්ඩු දනය ණක ාළ ශශශීක ිරෂථපදා්ශය් ියකකට 60 සීාදශය තඳද ශ්ොශග් අසීමිත ශක් Sovereign Bonds ව්‍ද ශ ව්‍ද ිරකු්, කද ණක ග්,ත ආණ්ඩු ආණ්ඩුව්‍කට ් ඳ්ධ්‍ ශව්‍ච්ච ශ්ොශව්‍ච්ච පදකලිශ ්තුව්‍ තුළ ද්් ියකලුශා්ද අක ව්‍ැක ් ාත දීපු ියකලුශා්ද උ්දවිශක් ාඬුව්‍ කැබික යුතුයි ශ්ා? ිර්ද ශ් ශ ආකථි ක ඩදශග් ව්‍ැටුශණ්?

ආකථි කක් ශ ආ ද කට ඩද ව්‍ැශට්් ් ශකෝ ශය් ියකලු ආකථි විශව්‍තු් පිිබග්් ශහේතු ශා යි ිරශඳ්ශ්. අපි ක්ශ ්දට ශඳොරුව්‍ට අත ිරගු කද ශහේතු ිරක්් ඕ්න ්ැහැ. ආකථි කක් ශ ආ ද කට ඩද ව්‍ැශට්් ශහේතු ශා යි ිරශඳ්ශ්. නාගා කණුශ හි ශා ක් ිරශඳ්ව්‍ද. දනය අක ව්‍ැශය් නාගා කණුශ ව්‍කත් කණුශ හි ක - Current Account deficit - තායි පළමුව්‍ැිර . ශාව්‍ැිර තායි අ්තක නදිර ශගවු තුකදශය නාගා කණුශ හි ක. ිර්ථ් අ්,ත්දක ාැිරතුාද්, ා්්ව්‍ද.",hansard,1.0,1
lk_hansard_2020s,2023-11-17-2023-11-17,2023-11-17,2023-11-17,"Hansard of November 17, 2023",https://www.parliament.lk/en/business-of-parliament/hansards,si-ta-en,https://www.parliament.lk/uploads/documents/hansard/1701515168057680.pdf,2023-11-17-2023-11-17-0067,67,si-ta-en,dcc27d5e6711b9c3f4a76dc4435d0a45,3306,"ආකථි කක් ශ ආ ද කට ඩද ව්‍ැශට්් ් ශකෝ ශය් ියකලු ආකථි විශව්‍තු් පිිබග්් ශහේතු ශා යි ිරශඳ්ශ්. අපි ක්ශ ්දට ශඳොරුව්‍ට අත ිරගු කද ශහේතු ිරක්් ඕ්න ්ැහැ. ආකථි කක් ශ ආ ද කට ඩද ව්‍ැශට්් ශහේතු ශා යි ිරශඳ්ශ්. නාගා කණුශ හි ශා ක් ිරශඳ්ව්‍ද. දනය අක ව්‍ැශය් නාගා කණුශ ව්‍කත් කණුශ හි ක - Current Account deficit - තායි පළමුව්‍ැිර . ශාව්‍ැිර තායි අ්තක නදිර ශගවු තුකදශය නාගා කණුශ හි ක. ිර්ථ් අ්,ත්දක ාැිරතුාද්, ා්්ව්‍ද.

1989දී ගරු ිර්ථ් අ්,ත්දක ා්ත්‍රීතුාද ගරු ෛාත්‍රීපදක ියිපශ්ේ් ා්ත්‍රීතුාද ඇතුළු අපි ඔක්ශ ොා පදකලිශ ්තුව්‍ට ආපු දකශය් පු ාාගක අක ව්‍ැක ාදශය ජීශා ියාහශක් ිරකකද අක ව්‍ැක ාදව්‍ට්, ඇතුළ කද ිරශඳ්ව්‍ද. ආණ්ඩුව්‍ ට ිරශ්ාද පව්‍්,ව්‍ද ශග් කනශ විකා පිකව්‍්් ත ආාදකාක් ්ැහැ. යට ප්ථශ්ේ තායි ප්‍රද ධ්‍් විකා ාා්ශ්. තායි ාා ාදව්‍්, විදුලික නක ඳ්ථ්ද නකදපව්‍හ් ක්‍රා ආිරකට ක් විකා . හැා ආණ්ඩුව්‍ක්ා ියකල්ක කද ිරශඳ්ශ් ශශශීක හද විශශශීක ව්‍ ශක් ණක අ ශග්. ශකෝ ඳැාකුශව්‍් හද නදතය්ත මූකය අ මුාලි් ණක ග්් ඳැිප වුණදා Sovereign Bonds issue කද ශව්‍ශළඳ ශපොශළ් ණක අ ශග් ිරශඳ්ව්‍ද. ස් ප්‍රාදණව්‍්, ්ැිර වුණදා ිරශඳ් ව්‍්, විකුණකද ිරශඳ්ව්‍ද. ච්ද්‍රි ද කුාද තුාග ාැිරිරකශ යුගශය් හද යට ශප ක්්්, නදිර පක්ෂ ආණ්ඩු පැව්‍ැිර යුගව්‍ක විකුණ්් පුළුව්‍් ඔක්ශ ොා විකුණුව්‍ද. යට ප්ථශ්ේ ්ල්ලි ාිර වුණදා ිරගටා ්ල්ලි අච්චු ගැහුව්‍ද. තායි හැාාදා ශළේ. ආණ්ඩුව්‍ වුරු ළ්, මුාල් ඇාිර වුරු වුණ්, තායි පු ශශ. ශළේ ශ ොශහොාා ිරකකද ාා ඔඳතුා්කදට ්ාඛයද්,ා ව්‍ රුණු ිරක්් .","ආකථි කක් ශ ආ ද කට ඩද ව්‍ැශට්් ් ශකෝ ශය් ියකලු ආකථි විශව්‍තු් පිිබග්් ශහේතු ශා යි ිරශඳ්ශ්. අපි ක්ශ ්දට ශඳොරුව්‍ට අත ිරගු කද ශහේතු ිරක්් ඕ්න ්ැහැ. ආකථි කක් ශ ආ ද කට ඩද ව්‍ැශට්් ශහේතු ශා යි ිරශඳ්ශ්. නාගා කණුශ හි ශා ක් ිරශඳ්ව්‍ද. දනය අක ව්‍ැශය් නාගා කණුශ ව්‍කත් කණුශ හි ක - Current Account deficit - තායි පළමුව්‍ැිර . ශාව්‍ැිර තායි අ්තක නදිර ශගවු තුකදශය නාගා කණුශ හි ක. ිර්ථ් අ්,ත්දක ාැිරතුාද්, ා්්ව්‍ද.

1989දී ගරු ිර්ථ් අ්,ත්දක ා්ත්‍රීතුාද ගරු ෛාත්‍රීපදක ියිපශ්ේ් ා්ත්‍රීතුාද ඇතුළු අපි ඔක්ශ ොා පදකලිශ ්තුව්‍ට ආපු දකශය් පු ාාගක අක ව්‍ැක ාදශය ජීශා ියාහශක් ිරකකද අක ව්‍ැක ාදව්‍ට්, ඇතුළ කද ිරශඳ්ව්‍ද. ආණ්ඩුව්‍ ට ිරශ්ාද පව්‍්,ව්‍ද ශග් කනශ විකා පිකව්‍්් ත ආාදකාක් ්ැහැ. යට ප්ථශ්ේ තායි ප්‍රද ධ්‍් විකා ාා්ශ්. තායි ාා ාදව්‍්, විදුලික නක ඳ්ථ්ද නකදපව්‍හ් ක්‍රා ආිරකට ක් විකා . හැා ආණ්ඩුව්‍ක්ා ියකල්ක කද ිරශඳ්ශ් ශශශීක හද විශශශීක ව්‍ ශක් ණක අ ශග්. ශකෝ ඳැාකුශව්‍් හද නදතය්ත මූකය අ මුාලි් ණක ග්් ඳැිප වුණදා Sovereign Bonds issue කද ශව්‍ශළඳ ශපොශළ් ණක අ ශග් ිරශඳ්ව්‍ද. ස් ප්‍රාදණව්‍්, ්ැිර වුණදා ිරශඳ් ව්‍්, විකුණකද ිරශඳ්ව්‍ද. ච්ද්‍රි ද කුාද තුාග ාැිරිරකශ යුගශය් හද යට ශප ක්්්, නදිර පක්ෂ ආණ්ඩු පැව්‍ැිර යුගව්‍ක විකුණ්් පුළුව්‍් ඔක්ශ ොා විකුණුව්‍ද. යට ප්ථශ්ේ ්ල්ලි ාිර වුණදා ිරගටා ්ල්ලි අච්චු ගැහුව්‍ද. තායි හැාාදා ශළේ. ආණ්ඩුව්‍ වුරු ළ්, මුාල් ඇාිර වුරු වුණ්, තායි පු ශශ. ශළේ ශ ොශහොාා ිරකකද ාා ඔඳතුා්කදට ්ාඛයද්,ා ව්‍ රුණු ිරක්් .",ආකථි කක් ශ ආ ද කට ඩද ව්‍ැශට්් ් ශකෝ ශය් ියකලු ආකථි විශව්‍තු් පිිබග්් ශහේතු ශා යි ිරශඳ්ශ්. අපි ක්ශ ්ද,2023-11-17,2023-11-17-2023-11-17,"ආකථි කක් ශ ආ ද කට ඩද ව්‍ැශට්් ් ශකෝ ශය් ියකලු ආකථි විශව්‍තු් පිිබග්් ශහේතු ශා යි ිරශඳ්ශ්. අපි ක්ශ ්දට ශඳොරුව්‍ට අත ිරගු කද ශහේතු ිරක්් ඕ්න ්ැහැ. ආකථි කක් ශ ආ ද කට ඩද ව්‍ැශට්් ශහේතු ශා යි ිරශඳ්ශ්. නාගා කණුශ හි ශා ක් ිරශඳ්ව්‍ද. දනය අක ව්‍ැශය් නාගා කණුශ ව්‍කත් කණුශ හි ක - Current Account deficit - තායි පළමුව්‍ැිර . ශාව්‍ැිර තායි අ්තක නදිර ශගවු තුකදශය නාගා කණුශ හි ක. ිර්ථ් අ්,ත්දක ාැිරතුාද්, ා්්ව්‍ද.

1989දී ගරු ිර්ථ් අ්,ත්දක ා්ත්‍රීතුාද ගරු ෛාත්‍රීපදක ියිපශ්ේ් ා්ත්‍රීතුාද ඇතුළු අපි ඔක්ශ ොා පදකලිශ ්තුව්‍ට ආපු දකශය් පු ාාගක අක ව්‍ැක ාදශය ජීශා ියාහශක් ිරකකද අක ව්‍ැක ාදව්‍ට්, ඇතුළ කද ිරශඳ්ව්‍ද. ආණ්ඩුව්‍ ට ිරශ්ාද පව්‍්,ව්‍ද ශග් කනශ විකා පිකව්‍්් ත ආාදකාක් ්ැහැ. යට ප්ථශ්ේ තායි ප්‍රද ධ්‍් විකා ාා්ශ්. තායි ාා ාදව්‍්, විදුලික නක ඳ්ථ්ද නකදපව්‍හ් ක්‍රා ආිරකට ක් විකා . හැා ආණ්ඩුව්‍ක්ා ියකල්ක කද ිරශඳ්ශ් ශශශීක හද විශශශීක ව්‍ ශක් ණක අ ශග්. ශකෝ ඳැාකුශව්‍් හද නදතය්ත මූකය අ මුාලි් ණක ග්් ඳැිප වුණදා Sovereign Bonds issue කද ශව්‍ශළඳ ශපොශළ් ණක අ ශග් ිරශඳ්ව්‍ද. ස් ප්‍රාදණව්‍්, ්ැිර වුණදා ිරශඳ් ව්‍්, විකුණකද ිරශඳ්ව්‍ද. ච්ද්‍රි ද කුාද තුාග ාැිරිරකශ යුගශය් හද යට ශප ක්්්, නදිර පක්ෂ ආණ්ඩු පැව්‍ැිර යුගව්‍ක විකුණ්් පුළුව්‍් ඔක්ශ ොා විකුණුව්‍ද. යට ප්ථශ්ේ ්ල්ලි ාිර වුණදා ිරගටා ්ල්ලි අච්චු ගැහුව්‍ද. තායි හැාාදා ශළේ. ආණ්ඩුව්‍ වුරු ළ්, මුාල් ඇාිර වුරු වුණ්, තායි පු ශශ. ශළේ ශ ොශහොාා ිරකකද ාා ඔඳතුා්කදට ්ාඛයද්,ා ව්‍ රුණු ිරක්් .",hansard,1.0,1
lk_hansard_2020s,2023-11-17-2023-11-17,2023-11-17,2023-11-17,"Hansard of November 17, 2023",https://www.parliament.lk/en/business-of-parliament/hansards,si-ta-en,https://www.parliament.lk/uploads/documents/hansard/1701515168057680.pdf,2023-11-17-2023-11-17-0068,68,si-ta-en,0bfc44aae548d9ebac93081f1756ac24,4556,"1989දී ගරු ිර්ථ් අ්,ත්දක ා්ත්‍රීතුාද ගරු ෛාත්‍රීපදක ියිපශ්ේ් ා්ත්‍රීතුාද ඇතුළු අපි ඔක්ශ ොා පදකලිශ ්තුව්‍ට ආපු දකශය් පු ාාගක අක ව්‍ැක ාදශය ජීශා ියාහශක් ිරකකද අක ව්‍ැක ාදව්‍ට්, ඇතුළ කද ිරශඳ්ව්‍ද. ආණ්ඩුව්‍ ට ිරශ්ාද පව්‍්,ව්‍ද ශග් කනශ විකා පිකව්‍්් ත ආාදකාක් ්ැහැ. යට ප්ථශ්ේ තායි ප්‍රද ධ්‍් විකා ාා්ශ්. තායි ාා ාදව්‍්, විදුලික නක ඳ්ථ්ද නකදපව්‍හ් ක්‍රා ආිරකට ක් විකා . හැා ආණ්ඩුව්‍ක්ා ියකල්ක කද ිරශඳ්ශ් ශශශීක හද විශශශීක ව්‍ ශක් ණක අ ශග්. ශකෝ ඳැාකුශව්‍් හද නදතය්ත මූකය අ මුාලි් ණක ග්් ඳැිප වුණදා Sovereign Bonds issue කද ශව්‍ශළඳ ශපොශළ් ණක අ ශග් ිරශඳ්ව්‍ද. ස් ප්‍රාදණව්‍්, ්ැිර වුණදා ිරශඳ් ව්‍්, විකුණකද ිරශඳ්ව්‍ද. ච්ද්‍රි ද කුාද තුාග ාැිරිරකශ යුගශය් හද යට ශප ක්්්, නදිර පක්ෂ ආණ්ඩු පැව්‍ැිර යුගව්‍ක විකුණ්් පුළුව්‍් ඔක්ශ ොා විකුණුව්‍ද. යට ප්ථශ්ේ ්ල්ලි ාිර වුණදා ිරගටා ්ල්ලි අච්චු ගැහුව්‍ද. තායි හැාාදා ශළේ. ආණ්ඩුව්‍ වුරු ළ්, මුාල් ඇාිර වුරු වුණ්, තායි පු ශශ. ශළේ ශ ොශහොාා ිරකකද ාා ඔඳතුා්කදට ්ාඛයද්,ා ව්‍ රුණු ිරක්් .

ශ පදකලිශ ්තුව්‍ට ඇවිල්කද අක ව්‍ැක ් ාත ් ශ ොට අපි හැාාදා කද ිරශඳ්ශ් ශ යි. ශ ටට ඔශ ෝ,තු ශා්ශ් ්ැහැ. ශ ටට ඔශ ෝ,තු ශා්ශ් ්ැිර ිර්ද 200] ව්‍් ශ ොට ශ ත්,්,ව්‍ක ශ්,රු අ ශග් ාා මුාල් අාදතයදා ක ාද ිරශකෝනය අාදතයව්‍ කද හැස්කට ියස්කදී 200] අා ] ා ් මූකය ළා්ද ණ (ව්‍ගකී ) ප්ිර් ිරයව්‍ද ශ විධිකට ක්් ඳැහැ ිරකකද. ශ ශ ් තව්‍ දිරිපකට ක්් ් දශ ආණ්ඩුව්‍

829 830

[ගරු (ආචදකක) ඳ්දුක ගුණව්‍කධ්‍් ාහතද ]

202] ශ්ොව්‍ැ ඳක 17

ආව්‍්, ශශ පදක් පක්ෂ පදට ශේාකිර් ශතො ව්‍ Budget deficit ියකකට 5 ාට්ටශ ිරකද ශග් ක්් ණක ග්් පද 201] ව්‍්ශ ොට ණක ග්් ප්‍රාදණක ියකකට 60ට සීාද ්් ණකව්‍කට ඇප ශව්‍් ප්‍රාදණක ියකකට 4.5ට ක්් ිරකකද. ඇයි ශළේ ්ැ්,ශ්,?

ගරු ෛාත්‍රීපදක ියිපශ්ේ් හිටපු න්දධිපිරතුාිර ඔඳතුාද මුාල් ඇාිරව්‍ කද ව්‍ ශක් අක ව්‍ැක දිරිපප්, ළද ් ඔඳතුාද දකක් හාකද ශ ්ශ් ්ැහැ ශ්. දකක් ඔඳතුාද හාකද ශා්ශ් ්ැහැ. ාදණ්ඩදගද ශය්්, මුාල් අාදතයදා ශය්්, ාහ ඳැාකුශය්, ද්් ිරකධ්‍දිප් තායි දකක් ස් හාකද ශා්ශ්. ්මු්, මුාල් ඇාිරව්‍ කද ාද ් ාශ දකක් ාා හාකද ශා්ව්‍ද.","1989දී ගරු ිර්ථ් අ්,ත්දක ා්ත්‍රීතුාද ගරු ෛාත්‍රීපදක ියිපශ්ේ් ා්ත්‍රීතුාද ඇතුළු අපි ඔක්ශ ොා පදකලිශ ්තුව්‍ට ආපු දකශය් පු ාාගක අක ව්‍ැක ාදශය ජීශා ියාහශක් ිරකකද අක ව්‍ැක ාදව්‍ට්, ඇතුළ කද ිරශඳ්ව්‍ද. ආණ්ඩුව්‍ ට ිරශ්ාද පව්‍්,ව්‍ද ශග් කනශ විකා පිකව්‍්් ත ආාදකාක් ්ැහැ. යට ප්ථශ්ේ තායි ප්‍රද ධ්‍් විකා ාා්ශ්. තායි ාා ාදව්‍්, විදුලික නක ඳ්ථ්ද නකදපව්‍හ් ක්‍රා ආිරකට ක් විකා . හැා ආණ්ඩුව්‍ක්ා ියකල්ක කද ිරශඳ්ශ් ශශශීක හද විශශශීක ව්‍ ශක් ණක අ ශග්. ශකෝ ඳැාකුශව්‍් හද නදතය්ත මූකය අ මුාලි් ණක ග්් ඳැිප වුණදා Sovereign Bonds issue කද ශව්‍ශළඳ ශපොශළ් ණක අ ශග් ිරශඳ්ව්‍ද. ස් ප්‍රාදණව්‍්, ්ැිර වුණදා ිරශඳ් ව්‍්, විකුණකද ිරශඳ්ව්‍ද. ච්ද්‍රි ද කුාද තුාග ාැිරිරකශ යුගශය් හද යට ශප ක්්්, නදිර පක්ෂ ආණ්ඩු පැව්‍ැිර යුගව්‍ක විකුණ්් පුළුව්‍් ඔක්ශ ොා විකුණුව්‍ද. යට ප්ථශ්ේ ්ල්ලි ාිර වුණදා ිරගටා ්ල්ලි අච්චු ගැහුව්‍ද. තායි හැාාදා ශළේ. ආණ්ඩුව්‍ වුරු ළ්, මුාල් ඇාිර වුරු වුණ්, තායි පු ශශ. ශළේ ශ ොශහොාා ිරකකද ාා ඔඳතුා්කදට ්ාඛයද්,ා ව්‍ රුණු ිරක්් .

ශ පදකලිශ ්තුව්‍ට ඇවිල්කද අක ව්‍ැක ් ාත ් ශ ොට අපි හැාාදා කද ිරශඳ්ශ් ශ යි. ශ ටට ඔශ ෝ,තු ශා්ශ් ්ැහැ. ශ ටට ඔශ ෝ,තු ශා්ශ් ්ැිර ිර්ද 200] ව්‍් ශ ොට ශ ත්,්,ව්‍ක ශ්,රු අ ශග් ාා මුාල් අාදතයදා ක ාද ිරශකෝනය අාදතයව්‍ කද හැස්කට ියස්කදී 200] අා ] ා ් මූකය ළා්ද ණ (ව්‍ගකී ) ප්ිර් ිරයව්‍ද ශ විධිකට ක්් ඳැහැ ිරකකද. ශ ශ ් තව්‍ දිරිපකට ක්් ් දශ ආණ්ඩුව්‍

829 830

[ගරු (ආචදකක) ඳ්දුක ගුණව්‍කධ්‍් ාහතද ]

202] ශ්ොව්‍ැ ඳක 17

ආව්‍්, ශශ පදක් පක්ෂ පදට ශේාකිර් ශතො ව්‍ Budget deficit ියකකට 5 ාට්ටශ ිරකද ශග් ක්් ණක ග්් පද 201] ව්‍්ශ ොට ණක ග්් ප්‍රාදණක ියකකට 60ට සීාද ්් ණකව්‍කට ඇප ශව්‍් ප්‍රාදණක ියකකට 4.5ට ක්් ිරකකද. ඇයි ශළේ ්ැ්,ශ්,?

ගරු ෛාත්‍රීපදක ියිපශ්ේ් හිටපු න්දධිපිරතුාිර ඔඳතුාද මුාල් ඇාිරව්‍ කද ව්‍ ශක් අක ව්‍ැක දිරිපප්, ළද ් ඔඳතුාද දකක් හාකද ශ ්ශ් ්ැහැ ශ්. දකක් ඔඳතුාද හාකද ශා්ශ් ්ැහැ. ාදණ්ඩදගද ශය්්, මුාල් අාදතයදා ශය්්, ාහ ඳැාකුශය්, ද්් ිරකධ්‍දිප් තායි දකක් ස් හාකද ශා්ශ්. ්මු්, මුාල් ඇාිරව්‍ කද ාද ් ාශ දකක් ාා හාකද ශා්ව්‍ද.","1989දී ගරු ිර්ථ් අ්,ත්දක ා්ත්‍රීතුාද ගරු ෛාත්‍රීපදක ියිපශ්ේ් ා්ත්‍රීතුාද ඇතුළු අපි ඔක්ශ ොා පදකලිශ ්ත",2023-11-17,2023-11-17-2023-11-17,"1989දී ගරු ිර්ථ් අ්,ත්දක ා්ත්‍රීතුාද ගරු ෛාත්‍රීපදක ියිපශ්ේ් ා්ත්‍රීතුාද ඇතුළු අපි ඔක්ශ ොා පදකලිශ ්තුව්‍ට ආපු දකශය් පු ාාගක අක ව්‍ැක ාදශය ජීශා ියාහශක් ිරකකද අක ව්‍ැක ාදව්‍ට්, ඇතුළ කද ිරශඳ්ව්‍ද. ආණ්ඩුව්‍ ට ිරශ්ාද පව්‍්,ව්‍ද ශග් කනශ විකා පිකව්‍්් ත ආාදකාක් ්ැහැ. යට ප්ථශ්ේ තායි ප්‍රද ධ්‍් විකා ාා්ශ්. තායි ාා ාදව්‍්, විදුලික නක ඳ්ථ්ද නකදපව්‍හ් ක්‍රා ආිරකට ක් විකා . හැා ආණ්ඩුව්‍ක්ා ියකල්ක කද ිරශඳ්ශ් ශශශීක හද විශශශීක ව්‍ ශක් ණක අ ශග්. ශකෝ ඳැාකුශව්‍් හද නදතය්ත මූකය අ මුාලි් ණක ග්් ඳැිප වුණදා Sovereign Bonds issue කද ශව්‍ශළඳ ශපොශළ් ණක අ ශග් ිරශඳ්ව්‍ද. ස් ප්‍රාදණව්‍්, ්ැිර වුණදා ිරශඳ් ව්‍්, විකුණකද ිරශඳ්ව්‍ද. ච්ද්‍රි ද කුාද තුාග ාැිරිරකශ යුගශය් හද යට ශප ක්්්, නදිර පක්ෂ ආණ්ඩු පැව්‍ැිර යුගව්‍ක විකුණ්් පුළුව්‍් ඔක්ශ ොා විකුණුව්‍ද. යට ප්ථශ්ේ ්ල්ලි ාිර වුණදා ිරගටා ්ල්ලි අච්චු ගැහුව්‍ද. තායි හැාාදා ශළේ. ආණ්ඩුව්‍ වුරු ළ්, මුාල් ඇාිර වුරු වුණ්, තායි පු ශශ. ශළේ ශ ොශහොාා ිරකකද ාා ඔඳතුා්කදට ්ාඛයද්,ා ව්‍ රුණු ිරක්් .

ශ පදකලිශ ්තුව්‍ට ඇවිල්කද අක ව්‍ැක ් ාත ් ශ ොට අපි හැාාදා කද ිරශඳ්ශ් ශ යි. ශ ටට ඔශ ෝ,තු ශා්ශ් ්ැහැ. ශ ටට ඔශ ෝ,තු ශා්ශ් ්ැිර ිර්ද 200] ව්‍් ශ ොට ශ ත්,්,ව්‍ක ශ්,රු අ ශග් ාා මුාල් අාදතයදා ක ාද ිරශකෝනය අාදතයව්‍ කද හැස්කට ියස්කදී 200] අා ] ා ් මූකය ළා්ද ණ (ව්‍ගකී ) ප්ිර් ිරයව්‍ද ශ විධිකට ක්් ඳැහැ ිරකකද. ශ ශ ් තව්‍ දිරිපකට ක්් ් දශ ආණ්ඩුව්‍

829 830

[ගරු (ආචදකක) ඳ්දුක ගුණව්‍කධ්‍් ාහතද ]

202] ශ්ොව්‍ැ ඳක 17

ආව්‍්, ශශ පදක් පක්ෂ පදට ශේාකිර් ශතො ව්‍ Budget deficit ියකකට 5 ාට්ටශ ිරකද ශග් ක්් ණක ග්් පද 201] ව්‍්ශ ොට ණක ග්් ප්‍රාදණක ියකකට 60ට සීාද ්් ණකව්‍කට ඇප ශව්‍් ප්‍රාදණක ියකකට 4.5ට ක්් ිරකකද. ඇයි ශළේ ්ැ්,ශ්,?

ගරු ෛාත්‍රීපදක ියිපශ්ේ් හිටපු න්දධිපිරතුාිර ඔඳතුාද මුාල් ඇාිරව්‍ කද ව්‍ ශක් අක ව්‍ැක දිරිපප්, ළද ් ඔඳතුාද දකක් හාකද ශ ්ශ් ්ැහැ ශ්. දකක් ඔඳතුාද හාකද ශා්ශ් ්ැහැ. ාදණ්ඩදගද ශය්්, මුාල් අාදතයදා ශය්්, ාහ ඳැාකුශය්, ද්් ිරකධ්‍දිප් තායි දකක් ස් හාකද ශා්ශ්. ්මු්, මුාල් ඇාිරව්‍ කද ාද ් ාශ දකක් ාා හාකද ශා්ව්‍ද.",hansard,1.0,1
lk_hansard_2020s,2023-11-17-2023-11-17,2023-11-17,2023-11-17,"Hansard of November 17, 2023",https://www.parliament.lk/en/business-of-parliament/hansards,si-ta-en,https://www.parliament.lk/uploads/documents/hansard/1701515168057680.pdf,2023-11-17-2023-11-17-0071,71,si-ta-en,b5e9ee4fff6bfc27a6e9bf2f5478a83f,4847,"ශාව්‍් රුණ තායි නාගා කණුශ ශගවු ශ ේෂ හි ක. අපි ැාිර වුණ්, ්ැිර වුණ්, ියකලු ආ්ක් අප්ක් ්ාක්‍රදා කැබී ්ාක්‍රදා ශගවී ශවිතී ආාදක ශවිතී කැබී ප්‍රද ධ්‍් ගනුශානු ියකල්ක නදතය්ත මූකය අ මුාශල් ිරකාකට අනුව්‍ ්ටහ් ් කණුාට තායි ිරක්ශ් අ්තක නදිර ශගවු තුකදව්‍ ිරකකද. ටක් ශ්ජී ශකෝ කද ්ා ් ියකලු ගනුශානු හ හද ඳැ ව්‍ ශක් කණුා ඇතුළ්, ්ව්‍ද. තායි අ්තක නදිර ශගවු තුකදව්‍. ගරු ිරශකෝනය ාද්දක තුාිර ශ්, ඳක ශපොල් ාැණික් හද අිරක් ශශව්‍ල් අප්ක්ක කද කැශඳ් ආාදකා කණුශ ඳැ ට ාද්ව්‍ද. ආහද පද් ව්‍ැිර පිපශාෝන් ාදණ්ඩ්, ඛිරන ශතල් ශපොශහො ්දකිර ද්‍රව්‍ය ව්‍ැිර අ්තක ාදණ්ඩ්, ක්ත්‍ර දාත්‍ර උප ණ ව්‍ැිර ප්‍රද ධ්‍් ාදණ්ඩව්‍ක විකාා්, අපි ශ කණුශ හ ට ාද්ව්‍ද. ශ හ ඳැ අත ශව්‍්්ක් ්ව්‍ද. ට ශව්‍ළඳ කණුශ හි ක ිරක්ව්‍ද. ක් ා විශශ ්ාචද කැබී ිරශඳ්ව්‍ද. අපි ්ාචද ක ළදා විශශ ්ාචද ශගවී ිරශඳ්ව්‍ද. පිට ට ද්් විශශශි ශකෝ ශ ටට ්ල්ලි ව්‍්ව්‍ද. ව්‍ද කණුාට ඳැ ශව්‍්ව්‍ද. ශාහි ද්් විශශශි ශකෝ ටව්‍කට ්ල්ලි කව්‍්ව්‍ද. කණුාට හ ශව්‍්ව්‍ද. ශ ස් ්ටහ් කද දව්‍ වුණදා නාගා කණුශ හි කක් ්ව්‍ද. ිරක්ශ් අවුරුශාක් තුළ අපට ඕ්න ශශව්‍ල් ශග්ව්‍දග්් ක් ප්‍රාදණකට ්ාද්ව්‍ අපි ට ඇතුළට ්ල්ලි ආාදකාක් උපාව්‍දශග් ්ැහැ. ශගෝධදාක දනපක්ෂ නශය් වුණ්, ාහි්ා දනපක්ෂ නශය් වුණ්, ෛාත්‍රීපදක ියිපශ්ේ් නශය් වුණ්, තායි දකක් ව්‍ක ිරශඳ් ඇ්,ත.

ගු නිනය ජ‍ කථානායකුර ා (ைொண்புைிகு பிரதிச் சபொநொயகர் அவர்கள்) (The Hon. Deputy Speaker) ගරු ඇාිරතුාද තව්‍ මිිර්,තු තු් දකකක් ිරශඳ්ශ්. ගු නදාර්ය) බ් ෂ්ල ගුතවර්නන හරා (ைொண்புைிகு (கலொநிதி) பந்துல குணவர்தன) (The Hon. (Dr.) Bandula Gunawardana) ාට ගරු ්ාද්දක තුාද ිරකකද කශය් ශ රුණ පැහැිරලි ්් ිරකකද. ශාො ා ඇ්,ත ව්‍ ශක්ා ශ රුණ ව්‍ැාග්, ශ් අපි හි ශව්‍කද ිරශඳ් තැ් පැහැිරලි ග්්.

ගරු ිරශකෝනය ාද්දක තුාිර ාද දටව්‍්, අපහද් ්ව්‍ද ශ්ොශව්‍යි. ශ ිරශඳ්ශ් 200] අා ] ා ් මූකය ළා්ද ණ (ව්‍ගකීා) ප්ත කටශ්, පදකලිශ ්තුව්‍ට දිරිපප්, කද ිරශඳ් ව්‍දකතදව්‍. නදතය්ත මූකය අ මුාශල් වි්ථතී ණ ණක පහජී ා කටශ්, ආකථි ප්‍රිර්ා්ථ ණ ව්‍ැඩ්ටහ් . ිරල් වික්‍රාියාහ මුාල් අාදතයතුාද ශ අක ව්‍ැක ශල්ඛ්ශක් දිරිපප්, කද ිරශඳ් ආකථි ව්‍ැඩ පිිබශව්‍ළ නදතය්ත මූකය අ මුාක ්ා ශව්‍ච්ච ව්‍ැඩ්ටහ් ට අනුව්‍යි දිරිපප්, කද ිරශඳ්ශ්.","ශාව්‍් රුණ තායි නාගා කණුශ ශගවු ශ ේෂ හි ක. අපි ැාිර වුණ්, ්ැිර වුණ්, ියකලු ආ්ක් අප්ක් ්ාක්‍රදා කැබී ්ාක්‍රදා ශගවී ශවිතී ආාදක ශවිතී කැබී ප්‍රද ධ්‍් ගනුශානු ියකල්ක නදතය්ත මූකය අ මුාශල් ිරකාකට අනුව්‍ ්ටහ් ් කණුාට තායි ිරක්ශ් අ්තක නදිර ශගවු තුකදව්‍ ිරකකද. ටක් ශ්ජී ශකෝ කද ්ා ් ියකලු ගනුශානු හ හද ඳැ ව්‍ ශක් කණුා ඇතුළ්, ්ව්‍ද. තායි අ්තක නදිර ශගවු තුකදව්‍. ගරු ිරශකෝනය ාද්දක තුාිර ශ්, ඳක ශපොල් ාැණික් හද අිරක් ශශව්‍ල් අප්ක්ක කද කැශඳ් ආාදකා කණුශ ඳැ ට ාද්ව්‍ද. ආහද පද් ව්‍ැිර පිපශාෝන් ාදණ්ඩ්, ඛිරන ශතල් ශපොශහො ්දකිර ද්‍රව්‍ය ව්‍ැිර අ්තක ාදණ්ඩ්, ක්ත්‍ර දාත්‍ර උප ණ ව්‍ැිර ප්‍රද ධ්‍් ාදණ්ඩව්‍ක විකාා්, අපි ශ කණුශ හ ට ාද්ව්‍ද. ශ හ ඳැ අත ශව්‍්්ක් ්ව්‍ද. ට ශව්‍ළඳ කණුශ හි ක ිරක්ව්‍ද. ක් ා විශශ ්ාචද කැබී ිරශඳ්ව්‍ද. අපි ්ාචද ක ළදා විශශ ්ාචද ශගවී ිරශඳ්ව්‍ද. පිට ට ද්් විශශශි ශකෝ ශ ටට ්ල්ලි ව්‍්ව්‍ද. ව්‍ද කණුාට ඳැ ශව්‍්ව්‍ද. ශාහි ද්් විශශශි ශකෝ ටව්‍කට ්ල්ලි කව්‍්ව්‍ද. කණුාට හ ශව්‍්ව්‍ද. ශ ස් ්ටහ් කද දව්‍ වුණදා නාගා කණුශ හි කක් ්ව්‍ද. ිරක්ශ් අවුරුශාක් තුළ අපට ඕ්න ශශව්‍ල් ශග්ව්‍දග්් ක් ප්‍රාදණකට ්ාද්ව්‍ අපි ට ඇතුළට ්ල්ලි ආාදකාක් උපාව්‍දශග් ්ැහැ. ශගෝධදාක දනපක්ෂ නශය් වුණ්, ාහි්ා දනපක්ෂ නශය් වුණ්, ෛාත්‍රීපදක ියිපශ්ේ් නශය් වුණ්, තායි දකක් ව්‍ක ිරශඳ් ඇ්,ත.

ගු නිනය ජ‍ කථානායකුර ා (ைொண்புைிகு பிரதிச் சபொநொயகர் அவர்கள்) (The Hon. Deputy Speaker) ගරු ඇාිරතුාද තව්‍ මිිර්,තු තු් දකකක් ිරශඳ්ශ්. ගු නදාර්ය) බ් ෂ්ල ගුතවර්නන හරා (ைொண்புைிகு (கலொநிதி) பந்துல குணவர்தன) (The Hon. (Dr.) Bandula Gunawardana) ාට ගරු ්ාද්දක තුාද ිරකකද කශය් ශ රුණ පැහැිරලි ්් ිරකකද. ශාො ා ඇ්,ත ව්‍ ශක්ා ශ රුණ ව්‍ැාග්, ශ් අපි හි ශව්‍කද ිරශඳ් තැ් පැහැිරලි ග්්.

ගරු ිරශකෝනය ාද්දක තුාිර ාද දටව්‍්, අපහද් ්ව්‍ද ශ්ොශව්‍යි. ශ ිරශඳ්ශ් 200] අා ] ා ් මූකය ළා්ද ණ (ව්‍ගකීා) ප්ත කටශ්, පදකලිශ ්තුව්‍ට දිරිපප්, කද ිරශඳ් ව්‍දකතදව්‍. නදතය්ත මූකය අ මුාශල් වි්ථතී ණ ණක පහජී ා කටශ්, ආකථි ප්‍රිර්ා්ථ ණ ව්‍ැඩ්ටහ් . ිරල් වික්‍රාියාහ මුාල් අාදතයතුාද ශ අක ව්‍ැක ශල්ඛ්ශක් දිරිපප්, කද ිරශඳ් ආකථි ව්‍ැඩ පිිබශව්‍ළ නදතය්ත මූකය අ මුාක ්ා ශව්‍ච්ච ව්‍ැඩ්ටහ් ට අනුව්‍යි දිරිපප්, කද ිරශඳ්ශ්.","ශාව්‍් රුණ තායි නාගා කණුශ ශගවු ශ ේෂ හි ක. අපි ැාිර වුණ්, ්ැිර වුණ්, ියකලු ආ්ක් අප්ක් ්ාක්‍රදා කැබී ්",2023-11-17,2023-11-17-2023-11-17,"ශාව්‍් රුණ තායි නාගා කණුශ ශගවු ශ ේෂ හි ක. අපි ැාිර වුණ්, ්ැිර වුණ්, ියකලු ආ්ක් අප්ක් ්ාක්‍රදා කැබී ්ාක්‍රදා ශගවී ශවිතී ආාදක ශවිතී කැබී ප්‍රද ධ්‍් ගනුශානු ියකල්ක නදතය්ත මූකය අ මුාශල් ිරකාකට අනුව්‍ ්ටහ් ් කණුාට තායි ිරක්ශ් අ්තක නදිර ශගවු තුකදව්‍ ිරකකද. ටක් ශ්ජී ශකෝ කද ්ා ් ියකලු ගනුශානු හ හද ඳැ ව්‍ ශක් කණුා ඇතුළ්, ්ව්‍ද. තායි අ්තක නදිර ශගවු තුකදව්‍. ගරු ිරශකෝනය ාද්දක තුාිර ශ්, ඳක ශපොල් ාැණික් හද අිරක් ශශව්‍ල් අප්ක්ක කද කැශඳ් ආාදකා කණුශ ඳැ ට ාද්ව්‍ද. ආහද පද් ව්‍ැිර පිපශාෝන් ාදණ්ඩ්, ඛිරන ශතල් ශපොශහො ්දකිර ද්‍රව්‍ය ව්‍ැිර අ්තක ාදණ්ඩ්, ක්ත්‍ර දාත්‍ර උප ණ ව්‍ැිර ප්‍රද ධ්‍් ාදණ්ඩව්‍ක විකාා්, අපි ශ කණුශ හ ට ාද්ව්‍ද. ශ හ ඳැ අත ශව්‍්්ක් ්ව්‍ද. ට ශව්‍ළඳ කණුශ හි ක ිරක්ව්‍ද. ක් ා විශශ ්ාචද කැබී ිරශඳ්ව්‍ද. අපි ්ාචද ක ළදා විශශ ්ාචද ශගවී ිරශඳ්ව්‍ද. පිට ට ද්් විශශශි ශකෝ ශ ටට ්ල්ලි ව්‍්ව්‍ද. ව්‍ද කණුාට ඳැ ශව්‍්ව්‍ද. ශාහි ද්් විශශශි ශකෝ ටව්‍කට ්ල්ලි කව්‍්ව්‍ද. කණුාට හ ශව්‍්ව්‍ද. ශ ස් ්ටහ් කද දව්‍ වුණදා නාගා කණුශ හි කක් ්ව්‍ද. ිරක්ශ් අවුරුශාක් තුළ අපට ඕ්න ශශව්‍ල් ශග්ව්‍දග්් ක් ප්‍රාදණකට ්ාද්ව්‍ අපි ට ඇතුළට ්ල්ලි ආාදකාක් උපාව්‍දශග් ්ැහැ. ශගෝධදාක දනපක්ෂ නශය් වුණ්, ාහි්ා දනපක්ෂ නශය් වුණ්, ෛාත්‍රීපදක ියිපශ්ේ් නශය් වුණ්, තායි දකක් ව්‍ක ිරශඳ් ඇ්,ත.

ගු නිනය ජ‍ කථානායකුර ා (ைொண்புைிகு பிரதிச் சபொநொயகர் அவர்கள்) (The Hon. Deputy Speaker) ගරු ඇාිරතුාද තව්‍ මිිර්,තු තු් දකකක් ිරශඳ්ශ්. ගු නදාර්ය) බ් ෂ්ල ගුතවර්නන හරා (ைொண்புைிகு (கலொநிதி) பந்துல குணவர்தன) (The Hon. (Dr.) Bandula Gunawardana) ාට ගරු ්ාද්දක තුාද ිරකකද කශය් ශ රුණ පැහැිරලි ්් ිරකකද. ශාො ා ඇ්,ත ව්‍ ශක්ා ශ රුණ ව්‍ැාග්, ශ් අපි හි ශව්‍කද ිරශඳ් තැ් පැහැිරලි ග්්.

ගරු ිරශකෝනය ාද්දක තුාිර ාද දටව්‍්, අපහද් ්ව්‍ද ශ්ොශව්‍යි. ශ ිරශඳ්ශ් 200] අා ] ා ් මූකය ළා්ද ණ (ව්‍ගකීා) ප්ත කටශ්, පදකලිශ ්තුව්‍ට දිරිපප්, කද ිරශඳ් ව්‍දකතදව්‍. නදතය්ත මූකය අ මුාශල් වි්ථතී ණ ණක පහජී ා කටශ්, ආකථි ප්‍රිර්ා්ථ ණ ව්‍ැඩ්ටහ් . ිරල් වික්‍රාියාහ මුාල් අාදතයතුාද ශ අක ව්‍ැක ශල්ඛ්ශක් දිරිපප්, කද ිරශඳ් ආකථි ව්‍ැඩ පිිබශව්‍ළ නදතය්ත මූකය අ මුාක ්ා ශව්‍ච්ච ව්‍ැඩ්ටහ් ට අනුව්‍යි දිරිපප්, කද ිරශඳ්ශ්.",hansard,1.0,1
lk_hansard_2020s,2023-11-17-2023-11-17,2023-11-17,2023-11-17,"Hansard of November 17, 2023",https://www.parliament.lk/en/business-of-parliament/hansards,si-ta-en,https://www.parliament.lk/uploads/documents/hansard/1701515168057680.pdf,2023-11-17-2023-11-17-0075,75,si-ta-en,7d816bbac66c6a6ac5ffa7ba0358a61e,3978,"ගරු ිරශකෝනය ාද්දක තුාිර නදතය්ත මූකය අ මුාශල් වි්ථතී ණ ණක පහජී ා කටශ්, ආකථි ප්‍රිර්ා්ථ ණ ව්‍ැඩ්ටහ් ් ඳ්ධ්‍ වි්ථත ඇතුළ්, අා 21 22 2] 24 25 ා ් පිටු ාා ාගර* ්ව්‍ද.

තමු්්ද්ශ්ේකදශ නක ්ාශය් විත ක් -අපි විරුශධ්‍ ශව්‍ශදී- ආචදකක ද්ද්‍රික්, කුාද ්ථව්‍දමි ාහ ඳැාකු අධිපිරව්‍ කද ශක් ියස්ශදී ්ථෛව්‍ීම්,ව්‍ ඳැඳු ිරකු්, ළද බිලික් 12ක්.

ගු නීියඥ ලතිකන ් ිරරිඇල්ල හරා (ைொண்புைிகு சட்டத்தரணி லக்ஷ்ைன் கிொிஎல்ல) (The Hon. Lakshman Kiriella, Attorney-at-Law) මිලික් 680ක් ැපුශය ඇයි? ගු නදාර්ය) බ් ෂ්ල ගුතවර්නන හරා (ைொண்புைிகு (கலொநிதி) பந்துல குணவர்தன) (The Hon. (Dr.) Bandula Gunawardana) මිලික් 680් ්් පුළුව්‍් ශ ශහල් ාකක් ශ්ොශව්‍යි ශ් ාා ිරයශය. ශ්,ශ ්ශ් ්ැශා? ාා ්ාඛයද ා්,ත ක් ිරක්ශ් -

ගු නීියඥ ලතිකන ් ිරරිඇල්ල හරා (ைொண்புைிகு சட்டத்தரணி லக்ஷ்ைன் கிொிஎல்ல) (The Hon. Lakshman Kiriella, Attorney-at-Law) Sir, I rise to a point of Order. ගු නදාර්ය) බ් ෂ්ල ගුතවර්නන හරා (ைொண்புைிகு (கலொநிதி) பந்துல குணவர்தன) (The Hon. (Dr.) Bandula Gunawardana) රුණද කද ශපොඩ්ඩක් ාශ ාදව්‍ට දඩ ශා්්. ාා තමු්්ද්ශ්ේශ ාදව්‍ට ඳදධ්‍ද ශළේ ්ැහැ ශ්. ාා තමු්්ද්ශ්ේශ ්ා ිරයශය්, ්ැහැ.

ගු නීියඥ ලතිකන ් ිරරිඇල්ල හරා (ைொண்புைிகு சட்டத்தரணி லக்ஷ்ைன் கிொிஎல்ல) (The Hon. Lakshman Kiriella, Attorney-at-Law) Sir, I rise to a point of Order. ගු නදාර්ය) බ් ෂ්ල ගුතවර්නන හරා (ைொண்புைிகு (கலொநிதி) பந்துல குணவர்தன) (The Hon. (Dr.) Bandula Gunawardana) ගරු ිරශකෝනය ාද්දක තුාිර ාශ දකක ාට ශා්්. ගු නීියඥ ලතිකන ් ිරරිඇල්ල හරා (ைொண்புைிகு சட்டத்தரணி லக்ஷ்ைன் கிொிஎல்ல) (The Hon. Lakshman Kiriella, Attorney-at-Law) ්ැහැ ්ැහැ ාට උ්,ත කක් ශා්් ඕ්න. ගු නිනය ජ‍ කථානායකුර ා (ைொண்புைிகு பிரதிச் சபொநொயகர் அவர்கள்) (The Hon. Deputy Speaker) ගරු ා්ත්‍රීතුාිර තුාද ඔඳතුාදශ ්ා ිරයශය ්ැහැ. ගු නදාර්ය) බ් ෂ්ල ගුතවර්නන හරා (ைொண்புைிகு (கலொநிதி) பந்துல குணவர்தன) (The Hon. (Dr.) Bandula Gunawardana) ාා ිරිය ශ ශ්කුශ ්ාක් ිරයශය ්ැහැ. ්ාක් ිරක්් ත ශ්ොව්‍ැාග්, ාට.","ගරු ිරශකෝනය ාද්දක තුාිර නදතය්ත මූකය අ මුාශල් වි්ථතී ණ ණක පහජී ා කටශ්, ආකථි ප්‍රිර්ා්ථ ණ ව්‍ැඩ්ටහ් ් ඳ්ධ්‍ වි්ථත ඇතුළ්, අා 21 22 2] 24 25 ා ් පිටු ාා ාගර* ්ව්‍ද.

තමු්්ද්ශ්ේකදශ නක ්ාශය් විත ක් -අපි විරුශධ්‍ ශව්‍ශදී- ආචදකක ද්ද්‍රික්, කුාද ්ථව්‍දමි ාහ ඳැාකු අධිපිරව්‍ කද ශක් ියස්ශදී ්ථෛව්‍ීම්,ව්‍ ඳැඳු ිරකු්, ළද බිලික් 12ක්.

ගු නීියඥ ලතිකන ් ිරරිඇල්ල හරා (ைொண்புைிகு சட்டத்தரணி லக்ஷ்ைன் கிொிஎல்ல) (The Hon. Lakshman Kiriella, Attorney-at-Law) මිලික් 680ක් ැපුශය ඇයි? ගු නදාර්ය) බ් ෂ්ල ගුතවර්නන හරා (ைொண்புைிகு (கலொநிதி) பந்துல குணவர்தன) (The Hon. (Dr.) Bandula Gunawardana) මිලික් 680් ්් පුළුව්‍් ශ ශහල් ාකක් ශ්ොශව්‍යි ශ් ාා ිරයශය. ශ්,ශ ්ශ් ්ැශා? ාා ්ාඛයද ා්,ත ක් ිරක්ශ් -

ගු නීියඥ ලතිකන ් ිරරිඇල්ල හරා (ைொண்புைிகு சட்டத்தரணி லக்ஷ்ைன் கிொிஎல்ல) (The Hon. Lakshman Kiriella, Attorney-at-Law) Sir, I rise to a point of Order. ගු නදාර්ය) බ් ෂ්ල ගුතවර්නන හරා (ைொண்புைிகு (கலொநிதி) பந்துல குணவர்தன) (The Hon. (Dr.) Bandula Gunawardana) රුණද කද ශපොඩ්ඩක් ාශ ාදව්‍ට දඩ ශා්්. ාා තමු්්ද්ශ්ේශ ාදව්‍ට ඳදධ්‍ද ශළේ ්ැහැ ශ්. ාා තමු්්ද්ශ්ේශ ්ා ිරයශය්, ්ැහැ.

ගු නීියඥ ලතිකන ් ිරරිඇල්ල හරා (ைொண்புைிகு சட்டத்தரணி லக்ஷ்ைன் கிொிஎல்ல) (The Hon. Lakshman Kiriella, Attorney-at-Law) Sir, I rise to a point of Order. ගු නදාර්ය) බ් ෂ්ල ගුතවර්නන හරා (ைொண்புைிகு (கலொநிதி) பந்துல குணவர்தன) (The Hon. (Dr.) Bandula Gunawardana) ගරු ිරශකෝනය ාද්දක තුාිර ාශ දකක ාට ශා්්. ගු නීියඥ ලතිකන ් ිරරිඇල්ල හරා (ைொண்புைிகு சட்டத்தரணி லக்ஷ்ைன் கிொிஎல்ல) (The Hon. Lakshman Kiriella, Attorney-at-Law) ්ැහැ ්ැහැ ාට උ්,ත කක් ශා්් ඕ්න. ගු නිනය ජ‍ කථානායකුර ා (ைொண்புைிகு பிரதிச் சபொநொயகர் அவர்கள்) (The Hon. Deputy Speaker) ගරු ා්ත්‍රීතුාිර තුාද ඔඳතුාදශ ්ා ිරයශය ්ැහැ. ගු නදාර්ය) බ් ෂ්ල ගුතවර්නන හරා (ைொண்புைிகு (கலொநிதி) பந்துல குணவர்தன) (The Hon. (Dr.) Bandula Gunawardana) ාා ිරිය ශ ශ්කුශ ්ාක් ිරයශය ්ැහැ. ්ාක් ිරක්් ත ශ්ොව්‍ැාග්, ාට.","ගරු ිරශකෝනය ාද්දක තුාිර නදතය්ත මූකය අ මුාශල් වි්ථතී ණ ණක පහජී ා කටශ්, ආකථි ප්‍රිර්ා්ථ ණ ව්‍ැඩ්ටහ් ් ",2023-11-17,2023-11-17-2023-11-17,"ගරු ිරශකෝනය ාද්දක තුාිර නදතය්ත මූකය අ මුාශල් වි්ථතී ණ ණක පහජී ා කටශ්, ආකථි ප්‍රිර්ා්ථ ණ ව්‍ැඩ්ටහ් ් ඳ්ධ්‍ වි්ථත ඇතුළ්, අා 21 22 2] 24 25 ා ් පිටු ාා ාගර* ්ව්‍ද.

තමු්්ද්ශ්ේකදශ නක ්ාශය් විත ක් -අපි විරුශධ්‍ ශව්‍ශදී- ආචදකක ද්ද්‍රික්, කුාද ්ථව්‍දමි ාහ ඳැාකු අධිපිරව්‍ කද ශක් ියස්ශදී ්ථෛව්‍ීම්,ව්‍ ඳැඳු ිරකු්, ළද බිලික් 12ක්.

ගු නීියඥ ලතිකන ් ිරරිඇල්ල හරා (ைொண்புைிகு சட்டத்தரணி லக்ஷ்ைன் கிொிஎல்ல) (The Hon. Lakshman Kiriella, Attorney-at-Law) මිලික් 680ක් ැපුශය ඇයි? ගු නදාර්ය) බ් ෂ්ල ගුතවර්නන හරා (ைொண்புைிகு (கலொநிதி) பந்துல குணவர்தன) (The Hon. (Dr.) Bandula Gunawardana) මිලික් 680් ්් පුළුව්‍් ශ ශහල් ාකක් ශ්ොශව්‍යි ශ් ාා ිරයශය. ශ්,ශ ්ශ් ්ැශා? ාා ්ාඛයද ා්,ත ක් ිරක්ශ් -

ගු නීියඥ ලතිකන ් ිරරිඇල්ල හරා (ைொண்புைிகு சட்டத்தரணி லக்ஷ்ைன் கிொிஎல்ல) (The Hon. Lakshman Kiriella, Attorney-at-Law) Sir, I rise to a point of Order. ගු නදාර්ය) බ් ෂ්ල ගුතවර්නන හරා (ைொண்புைிகு (கலொநிதி) பந்துல குணவர்தன) (The Hon. (Dr.) Bandula Gunawardana) රුණද කද ශපොඩ්ඩක් ාශ ාදව්‍ට දඩ ශා්්. ාා තමු්්ද්ශ්ේශ ාදව්‍ට ඳදධ්‍ද ශළේ ්ැහැ ශ්. ාා තමු්්ද්ශ්ේශ ්ා ිරයශය්, ්ැහැ.

ගු නීියඥ ලතිකන ් ිරරිඇල්ල හරා (ைொண்புைிகு சட்டத்தரணி லக்ஷ்ைன் கிொிஎல்ல) (The Hon. Lakshman Kiriella, Attorney-at-Law) Sir, I rise to a point of Order. ගු නදාර්ය) බ් ෂ්ල ගුතවර්නන හරා (ைொண்புைிகு (கலொநிதி) பந்துல குணவர்தன) (The Hon. (Dr.) Bandula Gunawardana) ගරු ිරශකෝනය ාද්දක තුාිර ාශ දකක ාට ශා්්. ගු නීියඥ ලතිකන ් ිරරිඇල්ල හරා (ைொண்புைிகு சட்டத்தரணி லக்ஷ்ைன் கிொிஎல்ல) (The Hon. Lakshman Kiriella, Attorney-at-Law) ්ැහැ ්ැහැ ාට උ්,ත කක් ශා්් ඕ්න. ගු නිනය ජ‍ කථානායකුර ා (ைொண்புைிகு பிரதிச் சபொநொயகர் அவர்கள்) (The Hon. Deputy Speaker) ගරු ා්ත්‍රීතුාිර තුාද ඔඳතුාදශ ්ා ිරයශය ්ැහැ. ගු නදාර්ය) බ් ෂ්ල ගුතවර්නන හරා (ைொண்புைிகு (கலொநிதி) பந்துல குணவர்தன) (The Hon. (Dr.) Bandula Gunawardana) ාා ිරිය ශ ශ්කුශ ්ාක් ිරයශය ්ැහැ. ්ාක් ිරක්් ත ශ්ොව්‍ැාග්, ාට.",hansard,1.0,1
lk_hansard_2020s,2023-11-17-2023-11-17,2023-11-17,2023-11-17,"Hansard of November 17, 2023",https://www.parliament.lk/en/business-of-parliament/hansards,si-ta-en,https://www.parliament.lk/uploads/documents/hansard/1701515168057680.pdf,2023-11-17-2023-11-17-0076,76,si-ta-en,0d11b71eb3881654d7fd92202307b567,4111,"ගු නීියඥ ලතිකන ් ිරරිඇල්ල හරා (ைொண்புைிகு சட்டத்தரணி லக்ஷ்ைன் கிொிஎல்ல) (The Hon. Lakshman Kiriella, Attorney-at-Law) Sir, I rise to a point of Order. ගු නදාර්ය) බ් ෂ්ල ගුතවර්නන හරා (ைொண்புைிகு (கலொநிதி) பந்துல குணவர்தன) (The Hon. (Dr.) Bandula Gunawardana) ගරු ිරශකෝනය ාද්දක තුාිර ාශ දකක ාට ශා්්. ගු නීියඥ ලතිකන ් ිරරිඇල්ල හරා (ைொண்புைிகு சட்டத்தரணி லக்ஷ்ைன் கிொிஎல்ல) (The Hon. Lakshman Kiriella, Attorney-at-Law) ්ැහැ ්ැහැ ාට උ්,ත කක් ශා්් ඕ්න. ගු නිනය ජ‍ කථානායකුර ා (ைொண்புைிகு பிரதிச் சபொநொயகர் அவர்கள்) (The Hon. Deputy Speaker) ගරු ා්ත්‍රීතුාිර තුාද ඔඳතුාදශ ්ා ිරයශය ්ැහැ. ගු නදාර්ය) බ් ෂ්ල ගුතවර්නන හරා (ைொண்புைிகு (கலொநிதி) பந்துல குணவர்தன) (The Hon. (Dr.) Bandula Gunawardana) ාා ිරිය ශ ශ්කුශ ්ාක් ිරයශය ්ැහැ. ්ාක් ිරක්් ත ශ්ොව්‍ැාග්, ාට.

833 834

[ගරු (ආචදකක) ඳ්දුක ගුණව්‍කධ්‍් ාහතද]

————————— * පු නරකාලන රබා ඇර. * நூனிமலயத்தில் மவக்கப்பட்டுள்ளது. * Placed in the Library.

202] ශ්ොව්‍ැ ඳක 17

ගු නදාර්ය) බ් ෂ්ල ගුතවර්නන හරා (ைொண்புைிகு (கலொநிதி) பந்துல குணவர்தன) (The Hon. (Dr.) Bandula Gunawardana) ගරු ිරශකෝනය ාද්දක තුාිර [ඳදධ්‍ද ිරීමාක්] ාා දඩ ශා්ශ් ්ැහැ.

ගු නීියඥ ලතිකන ් ිරරිඇල්ල හරා (ைொண்புைிகு சட்டத்தரணி லக்ஷ்ைன் கிொிஎல்ல) (The Hon. Lakshman Kiriella, Attorney-at-Law) ැකණි කහිල්කද ්ාදව්‍ ග්්. ගු නදාර්ය) බ් ෂ්ල ගුතවර්නන හරා (ைொண்புைிகு (கலொநிதி) பந்துல குணவர்தன) (The Hon. (Dr.) Bandula Gunawardana) ඇයි අශ්ක් අක ්ාදව්‍ ග්ශ් ්ැ්,ශ්,? 200] අා ] ා ් දනය මූකය ළා්ද ණ (ව්‍ගකීා) ප්ත ක්‍රිකද්,ා ශළේ ්ැතුව්‍දට අශ්ක් අක කහිල්කද ්ාදව්‍ ග්ශ් ්ැ්,ශ්, ඇයි? මිිරජී්ට ඕ්න ශ්ොශව්‍යි. පදකලිශ ්තුව්‍ මිිරජී්ට ව්‍ඩද ද්ථ් හි් දඳකද අකට ඇ්,ත ිරකකද ශා්් පදකැ. පදකලිශ ්තුව්‍ට ිරශඳ් ව්‍ගකීා ශ්. අපට ිරශඳ් ්ාඛයද ා්,ත්, ක් ශාො ක්ා ්ශ් ිරකකද පදකලිශ ්තුව්‍ ශ්,රු කද ශා්් පදකැ. අපි කවිජී අ්,්් කද ශ් ිරශඳ්ශ්. [ඳදධ්‍ද ිරීමාක්] ්ැහැ ඔඳතුාදට ාා දඩ ශා්ශ් ්ැහැ. ඔඳතුාද ශශ පදක්ක ාද ්ශ් ්ැතුව්‍ ශ ශ ඇ්,ත ාදව්‍ ිරක්ව්‍ද ් ාක් ්ැහැ.","ගු නීියඥ ලතිකන ් ිරරිඇල්ල හරා (ைொண்புைிகு சட்டத்தரணி லக்ஷ்ைன் கிொிஎல்ல) (The Hon. Lakshman Kiriella, Attorney-at-Law) Sir, I rise to a point of Order. ගු නදාර්ය) බ් ෂ්ල ගුතවර්නන හරා (ைொண்புைிகு (கலொநிதி) பந்துல குணவர்தன) (The Hon. (Dr.) Bandula Gunawardana) ගරු ිරශකෝනය ාද්දක තුාිර ාශ දකක ාට ශා්්. ගු නීියඥ ලතිකන ් ිරරිඇල්ල හරා (ைொண்புைிகு சட்டத்தரணி லக்ஷ்ைன் கிொிஎல்ல) (The Hon. Lakshman Kiriella, Attorney-at-Law) ්ැහැ ්ැහැ ාට උ්,ත කක් ශා්් ඕ්න. ගු නිනය ජ‍ කථානායකුර ා (ைொண்புைிகு பிரதிச் சபொநொயகர் அவர்கள்) (The Hon. Deputy Speaker) ගරු ා්ත්‍රීතුාිර තුාද ඔඳතුාදශ ්ා ිරයශය ්ැහැ. ගු නදාර්ය) බ් ෂ්ල ගුතවර්නන හරා (ைொண்புைிகு (கலொநிதி) பந்துல குணவர்தன) (The Hon. (Dr.) Bandula Gunawardana) ාා ිරිය ශ ශ්කුශ ්ාක් ිරයශය ්ැහැ. ්ාක් ිරක්් ත ශ්ොව්‍ැාග්, ාට.

833 834

[ගරු (ආචදකක) ඳ්දුක ගුණව්‍කධ්‍් ාහතද]

————————— * පු නරකාලන රබා ඇර. * நூனிமலயத்தில் மவக்கப்பட்டுள்ளது. * Placed in the Library.

202] ශ්ොව්‍ැ ඳක 17

ගු නදාර්ය) බ් ෂ්ල ගුතවර්නන හරා (ைொண்புைிகு (கலொநிதி) பந்துல குணவர்தன) (The Hon. (Dr.) Bandula Gunawardana) ගරු ිරශකෝනය ාද්දක තුාිර [ඳදධ්‍ද ිරීමාක්] ාා දඩ ශා්ශ් ්ැහැ.

ගු නීියඥ ලතිකන ් ිරරිඇල්ල හරා (ைொண்புைிகு சட்டத்தரணி லக்ஷ்ைன் கிொிஎல்ல) (The Hon. Lakshman Kiriella, Attorney-at-Law) ැකණි කහිල්කද ්ාදව්‍ ග්්. ගු නදාර්ය) බ් ෂ්ල ගුතවර්නන හරා (ைொண்புைிகு (கலொநிதி) பந்துல குணவர்தன) (The Hon. (Dr.) Bandula Gunawardana) ඇයි අශ්ක් අක ්ාදව්‍ ග්ශ් ්ැ්,ශ්,? 200] අා ] ා ් දනය මූකය ළා්ද ණ (ව්‍ගකීා) ප්ත ක්‍රිකද්,ා ශළේ ්ැතුව්‍දට අශ්ක් අක කහිල්කද ්ාදව්‍ ග්ශ් ්ැ්,ශ්, ඇයි? මිිරජී්ට ඕ්න ශ්ොශව්‍යි. පදකලිශ ්තුව්‍ මිිරජී්ට ව්‍ඩද ද්ථ් හි් දඳකද අකට ඇ්,ත ිරකකද ශා්් පදකැ. පදකලිශ ්තුව්‍ට ිරශඳ් ව්‍ගකීා ශ්. අපට ිරශඳ් ්ාඛයද ා්,ත්, ක් ශාො ක්ා ්ශ් ිරකකද පදකලිශ ්තුව්‍ ශ්,රු කද ශා්් පදකැ. අපි කවිජී අ්,්් කද ශ් ිරශඳ්ශ්. [ඳදධ්‍ද ිරීමාක්] ්ැහැ ඔඳතුාදට ාා දඩ ශා්ශ් ්ැහැ. ඔඳතුාද ශශ පදක්ක ාද ්ශ් ්ැතුව්‍ ශ ශ ඇ්,ත ාදව්‍ ිරක්ව්‍ද ් ාක් ්ැහැ.",ගු නීියඥ ලතිකන ් ිරරිඇල්ල හරා (ைொண்புைிகு சட்டத்தரணி லக்ஷ்ைன் கிொிஎல்ல) (The Hon. Lakshman Kiriell,2023-11-17,2023-11-17-2023-11-17,"ගු නීියඥ ලතිකන ් ිරරිඇල්ල හරා (ைொண்புைிகு சட்டத்தரணி லக்ஷ்ைன் கிொிஎல்ல) (The Hon. Lakshman Kiriella, Attorney-at-Law) Sir, I rise to a point of Order. ගු නදාර්ය) බ් ෂ්ල ගුතවර්නන හරා (ைொண்புைிகு (கலொநிதி) பந்துல குணவர்தன) (The Hon. (Dr.) Bandula Gunawardana) ගරු ිරශකෝනය ාද්දක තුාිර ාශ දකක ාට ශා්්. ගු නීියඥ ලතිකන ් ිරරිඇල්ල හරා (ைொண்புைிகு சட்டத்தரணி லக்ஷ்ைன் கிொிஎல்ல) (The Hon. Lakshman Kiriella, Attorney-at-Law) ්ැහැ ්ැහැ ාට උ්,ත කක් ශා්් ඕ්න. ගු නිනය ජ‍ කථානායකුර ා (ைொண்புைிகு பிரதிச் சபொநொயகர் அவர்கள்) (The Hon. Deputy Speaker) ගරු ා්ත්‍රීතුාිර තුාද ඔඳතුාදශ ්ා ිරයශය ්ැහැ. ගු නදාර්ය) බ් ෂ්ල ගුතවර්නන හරා (ைொண்புைிகு (கலொநிதி) பந்துல குணவர்தன) (The Hon. (Dr.) Bandula Gunawardana) ාා ිරිය ශ ශ්කුශ ්ාක් ිරයශය ්ැහැ. ්ාක් ිරක්් ත ශ්ොව්‍ැාග්, ාට.

833 834

[ගරු (ආචදකක) ඳ්දුක ගුණව්‍කධ්‍් ාහතද]

————————— * පු නරකාලන රබා ඇර. * நூனிமலயத்தில் மவக்கப்பட்டுள்ளது. * Placed in the Library.

202] ශ්ොව්‍ැ ඳක 17

ගු නදාර්ය) බ් ෂ්ල ගුතවර්නන හරා (ைொண்புைிகு (கலொநிதி) பந்துல குணவர்தன) (The Hon. (Dr.) Bandula Gunawardana) ගරු ිරශකෝනය ාද්දක තුාිර [ඳදධ්‍ද ිරීමාක්] ාා දඩ ශා්ශ් ්ැහැ.

ගු නීියඥ ලතිකන ් ිරරිඇල්ල හරා (ைொண்புைிகு சட்டத்தரணி லக்ஷ்ைன் கிொிஎல்ல) (The Hon. Lakshman Kiriella, Attorney-at-Law) ැකණි කහිල්කද ්ාදව්‍ ග්්. ගු නදාර්ය) බ් ෂ්ල ගුතවර්නන හරා (ைொண்புைிகு (கலொநிதி) பந்துல குணவர்தன) (The Hon. (Dr.) Bandula Gunawardana) ඇයි අශ්ක් අක ්ාදව්‍ ග්ශ් ්ැ්,ශ්,? 200] අා ] ා ් දනය මූකය ළා්ද ණ (ව්‍ගකීා) ප්ත ක්‍රිකද්,ා ශළේ ්ැතුව්‍දට අශ්ක් අක කහිල්කද ්ාදව්‍ ග්ශ් ්ැ්,ශ්, ඇයි? මිිරජී්ට ඕ්න ශ්ොශව්‍යි. පදකලිශ ්තුව්‍ මිිරජී්ට ව්‍ඩද ද්ථ් හි් දඳකද අකට ඇ්,ත ිරකකද ශා්් පදකැ. පදකලිශ ්තුව්‍ට ිරශඳ් ව්‍ගකීා ශ්. අපට ිරශඳ් ්ාඛයද ා්,ත්, ක් ශාො ක්ා ්ශ් ිරකකද පදකලිශ ්තුව්‍ ශ්,රු කද ශා්් පදකැ. අපි කවිජී අ්,්් කද ශ් ිරශඳ්ශ්. [ඳදධ්‍ද ිරීමාක්] ්ැහැ ඔඳතුාදට ාා දඩ ශා්ශ් ්ැහැ. ඔඳතුාද ශශ පදක්ක ාද ්ශ් ්ැතුව්‍ ශ ශ ඇ්,ත ාදව්‍ ිරක්ව්‍ද ් ාක් ්ැහැ.",hansard,1.0,1
lk_hansard_2020s,2023-11-17-2023-11-17,2023-11-17,2023-11-17,"Hansard of November 17, 2023",https://www.parliament.lk/en/business-of-parliament/hansards,si-ta-en,https://www.parliament.lk/uploads/documents/hansard/1701515168057680.pdf,2023-11-17-2023-11-17-0077,77,si-ta-en,3145afd0bba9e1ab6bbc89bb4be5341d,3809,"ගු නීියඥ ලතිකන ් ිරරිඇල්ල හරා (ைொண்புைிகு சட்டத்தரணி லக்ஷ்ைன் கிொிஎல்ல) (The Hon. Lakshman Kiriella, Attorney-at-Law) ැකණි කහිල්කද ්ාදව්‍ ග්්. ගු නදාර්ය) බ් ෂ්ල ගුතවර්නන හරා (ைொண்புைிகு (கலொநிதி) பந்துல குணவர்தன) (The Hon. (Dr.) Bandula Gunawardana) ඇයි අශ්ක් අක ්ාදව්‍ ග්ශ් ්ැ්,ශ්,? 200] අා ] ා ් දනය මූකය ළා්ද ණ (ව්‍ගකීා) ප්ත ක්‍රිකද්,ා ශළේ ්ැතුව්‍දට අශ්ක් අක කහිල්කද ්ාදව්‍ ග්ශ් ්ැ්,ශ්, ඇයි? මිිරජී්ට ඕ්න ශ්ොශව්‍යි. පදකලිශ ්තුව්‍ මිිරජී්ට ව්‍ඩද ද්ථ් හි් දඳකද අකට ඇ්,ත ිරකකද ශා්් පදකැ. පදකලිශ ්තුව්‍ට ිරශඳ් ව්‍ගකීා ශ්. අපට ිරශඳ් ්ාඛයද ා්,ත්, ක් ශාො ක්ා ්ශ් ිරකකද පදකලිශ ්තුව්‍ ශ්,රු කද ශා්් පදකැ. අපි කවිජී අ්,්් කද ශ් ිරශඳ්ශ්. [ඳදධ්‍ද ිරීමාක්] ්ැහැ ඔඳතුාදට ාා දඩ ශා්ශ් ්ැහැ. ඔඳතුාද ශශ පදක්ක ාද ්ශ් ්ැතුව්‍ ශ ශ ඇ්,ත ාදව්‍ ිරක්ව්‍ද ් ාක් ්ැහැ.

ගු නදාර්ය) හර්ක ද සිල්වා හරා (ைொண்புைிகு (கலொநிதி) ஹர்ஷ த சில்வொ) (The Hon. (Dr.) Harsha de Silva) ගරු ඇාිරතුාිර - ගු නදාර්ය) බ් ෂ්ල ගුතවර්නන හරා (ைொண்புைிகு (கலொநிதி) பந்துல குணவர்தன) (The Hon. (Dr.) Bandula Gunawardana) රුණද කද ාශ ාදව්‍ දව්‍ වුණදට ප්ථශ්ේ අහ්් ශ ෝ.

තශ ොට ශාොකු්, ව්‍ැඩ පිිබශව්‍ළක් ්ැකැ්ථාක් ්ැහැ ිරක්ශ් ශ හාකද ිරශඳ් ්ැකැ්ථා - ගරු ා්ත්‍රීව්‍රුිර ාා හෘාක ්දක්ෂිකට ව්‍්, අව්‍ා ව්‍්, ිරක්ශ් ශ යි. ශ අච්චු ගහකද ිරශඳ් ්ැකැ්ථා පිිබග්්. අපි කිර ්ාක් උඩ තදච්චිකක් ිරකදශග් ශ්ොශ්ේන්ථ ඳැාශග් ් නදිරකක්. ශාො ා ශ ශ ොයි ශව්‍කදශය පුපු යිා ා්ශ් ්ැහැ. අපි ශ්ොශ්ේන්ථ ගැ් ාද ්ව්‍ද ශ කිර ්ා පිපිරුශණෝ, අපි වුරුව්‍්, දතුරු ශව්‍්ශ් ්ැහැ. ඇයි දතුරු ශව්‍්ශ් ්ැ්,ශ්,? අපි 2022 ශා්ැ ඳක ාද්ශය් ]1ව්‍ැිර ාද ශව්‍්ශ ොට හි ශව්‍කද ිරශඳ් ණක ප්‍රාදණක ඇශාිප දනු ශඩොකක බිලික් ]6යි. දිරිප අවුරුදු හත පශහේ වුරු ආණ්ඩුව්‍ ග්,ත්, ශඩොකක බිලික් ]6් ශගව්‍්්","ගු නීියඥ ලතිකන ් ිරරිඇල්ල හරා (ைொண்புைிகு சட்டத்தரணி லக்ஷ்ைன் கிொிஎல்ல) (The Hon. Lakshman Kiriella, Attorney-at-Law) ැකණි කහිල්කද ්ාදව්‍ ග්්. ගු නදාර්ය) බ් ෂ්ල ගුතවර්නන හරා (ைொண்புைிகு (கலொநிதி) பந்துல குணவர்தன) (The Hon. (Dr.) Bandula Gunawardana) ඇයි අශ්ක් අක ්ාදව්‍ ග්ශ් ්ැ්,ශ්,? 200] අා ] ා ් දනය මූකය ළා්ද ණ (ව්‍ගකීා) ප්ත ක්‍රිකද්,ා ශළේ ්ැතුව්‍දට අශ්ක් අක කහිල්කද ්ාදව්‍ ග්ශ් ්ැ්,ශ්, ඇයි? මිිරජී්ට ඕ්න ශ්ොශව්‍යි. පදකලිශ ්තුව්‍ මිිරජී්ට ව්‍ඩද ද්ථ් හි් දඳකද අකට ඇ්,ත ිරකකද ශා්් පදකැ. පදකලිශ ්තුව්‍ට ිරශඳ් ව්‍ගකීා ශ්. අපට ිරශඳ් ්ාඛයද ා්,ත්, ක් ශාො ක්ා ්ශ් ිරකකද පදකලිශ ්තුව්‍ ශ්,රු කද ශා්් පදකැ. අපි කවිජී අ්,්් කද ශ් ිරශඳ්ශ්. [ඳදධ්‍ද ිරීමාක්] ්ැහැ ඔඳතුාදට ාා දඩ ශා්ශ් ්ැහැ. ඔඳතුාද ශශ පදක්ක ාද ්ශ් ්ැතුව්‍ ශ ශ ඇ්,ත ාදව්‍ ිරක්ව්‍ද ් ාක් ්ැහැ.

ගු නදාර්ය) හර්ක ද සිල්වා හරා (ைொண்புைிகு (கலொநிதி) ஹர்ஷ த சில்வொ) (The Hon. (Dr.) Harsha de Silva) ගරු ඇාිරතුාිර - ගු නදාර්ය) බ් ෂ්ල ගුතවර්නන හරා (ைொண்புைிகு (கலொநிதி) பந்துல குணவர்தன) (The Hon. (Dr.) Bandula Gunawardana) රුණද කද ාශ ාදව්‍ දව්‍ වුණදට ප්ථශ්ේ අහ්් ශ ෝ.

තශ ොට ශාොකු්, ව්‍ැඩ පිිබශව්‍ළක් ්ැකැ්ථාක් ්ැහැ ිරක්ශ් ශ හාකද ිරශඳ් ්ැකැ්ථා - ගරු ා්ත්‍රීව්‍රුිර ාා හෘාක ්දක්ෂිකට ව්‍්, අව්‍ා ව්‍්, ිරක්ශ් ශ යි. ශ අච්චු ගහකද ිරශඳ් ්ැකැ්ථා පිිබග්්. අපි කිර ්ාක් උඩ තදච්චිකක් ිරකදශග් ශ්ොශ්ේන්ථ ඳැාශග් ් නදිරකක්. ශාො ා ශ ශ ොයි ශව්‍කදශය පුපු යිා ා්ශ් ්ැහැ. අපි ශ්ොශ්ේන්ථ ගැ් ාද ්ව්‍ද ශ කිර ්ා පිපිරුශණෝ, අපි වුරුව්‍්, දතුරු ශව්‍්ශ් ්ැහැ. ඇයි දතුරු ශව්‍්ශ් ්ැ්,ශ්,? අපි 2022 ශා්ැ ඳක ාද්ශය් ]1ව්‍ැිර ාද ශව්‍්ශ ොට හි ශව්‍කද ිරශඳ් ණක ප්‍රාදණක ඇශාිප දනු ශඩොකක බිලික් ]6යි. දිරිප අවුරුදු හත පශහේ වුරු ආණ්ඩුව්‍ ග්,ත්, ශඩොකක බිලික් ]6් ශගව්‍්්",ගු නීියඥ ලතිකන ් ිරරිඇල්ල හරා (ைொண்புைிகு சட்டத்தரணி லக்ஷ்ைன் கிொிஎல்ல) (The Hon. Lakshman Kiriell,2023-11-17,2023-11-17-2023-11-17,"ගු නීියඥ ලතිකන ් ිරරිඇල්ල හරා (ைொண்புைிகு சட்டத்தரணி லக்ஷ்ைன் கிொிஎல்ல) (The Hon. Lakshman Kiriella, Attorney-at-Law) ැකණි කහිල්කද ්ාදව්‍ ග්්. ගු නදාර්ය) බ් ෂ්ල ගුතවර්නන හරා (ைொண்புைிகு (கலொநிதி) பந்துல குணவர்தன) (The Hon. (Dr.) Bandula Gunawardana) ඇයි අශ්ක් අක ්ාදව්‍ ග්ශ් ්ැ්,ශ්,? 200] අා ] ා ් දනය මූකය ළා්ද ණ (ව්‍ගකීා) ප්ත ක්‍රිකද්,ා ශළේ ්ැතුව්‍දට අශ්ක් අක කහිල්කද ්ාදව්‍ ග්ශ් ්ැ්,ශ්, ඇයි? මිිරජී්ට ඕ්න ශ්ොශව්‍යි. පදකලිශ ්තුව්‍ මිිරජී්ට ව්‍ඩද ද්ථ් හි් දඳකද අකට ඇ්,ත ිරකකද ශා්් පදකැ. පදකලිශ ්තුව්‍ට ිරශඳ් ව්‍ගකීා ශ්. අපට ිරශඳ් ්ාඛයද ා්,ත්, ක් ශාො ක්ා ්ශ් ිරකකද පදකලිශ ්තුව්‍ ශ්,රු කද ශා්් පදකැ. අපි කවිජී අ්,්් කද ශ් ිරශඳ්ශ්. [ඳදධ්‍ද ිරීමාක්] ්ැහැ ඔඳතුාදට ාා දඩ ශා්ශ් ්ැහැ. ඔඳතුාද ශශ පදක්ක ාද ්ශ් ්ැතුව්‍ ශ ශ ඇ්,ත ාදව්‍ ිරක්ව්‍ද ් ාක් ්ැහැ.

ගු නදාර්ය) හර්ක ද සිල්වා හරා (ைொண்புைிகு (கலொநிதி) ஹர்ஷ த சில்வொ) (The Hon. (Dr.) Harsha de Silva) ගරු ඇාිරතුාිර - ගු නදාර්ය) බ් ෂ්ල ගුතවර්නන හරා (ைொண்புைிகு (கலொநிதி) பந்துல குணவர்தன) (The Hon. (Dr.) Bandula Gunawardana) රුණද කද ාශ ාදව්‍ දව්‍ වුණදට ප්ථශ්ේ අහ්් ශ ෝ.

තශ ොට ශාොකු්, ව්‍ැඩ පිිබශව්‍ළක් ්ැකැ්ථාක් ්ැහැ ිරක්ශ් ශ හාකද ිරශඳ් ්ැකැ්ථා - ගරු ා්ත්‍රීව්‍රුිර ාා හෘාක ්දක්ෂිකට ව්‍්, අව්‍ා ව්‍්, ිරක්ශ් ශ යි. ශ අච්චු ගහකද ිරශඳ් ්ැකැ්ථා පිිබග්්. අපි කිර ්ාක් උඩ තදච්චිකක් ිරකදශග් ශ්ොශ්ේන්ථ ඳැාශග් ් නදිරකක්. ශාො ා ශ ශ ොයි ශව්‍කදශය පුපු යිා ා්ශ් ්ැහැ. අපි ශ්ොශ්ේන්ථ ගැ් ාද ්ව්‍ද ශ කිර ්ා පිපිරුශණෝ, අපි වුරුව්‍්, දතුරු ශව්‍්ශ් ්ැහැ. ඇයි දතුරු ශව්‍්ශ් ්ැ්,ශ්,? අපි 2022 ශා්ැ ඳක ාද්ශය් ]1ව්‍ැිර ාද ශව්‍්ශ ොට හි ශව්‍කද ිරශඳ් ණක ප්‍රාදණක ඇශාිප දනු ශඩොකක බිලික් ]6යි. දිරිප අවුරුදු හත පශහේ වුරු ආණ්ඩුව්‍ ග්,ත්, ශඩොකක බිලික් ]6් ශගව්‍්්",hansard,1.0,1
lk_hansard_2020s,2023-11-17-2023-11-17,2023-11-17,2023-11-17,"Hansard of November 17, 2023",https://www.parliament.lk/en/business-of-parliament/hansards,si-ta-en,https://www.parliament.lk/uploads/documents/hansard/1701515168057680.pdf,2023-11-17-2023-11-17-0078,78,si-ta-en,e7ec9a751f68c76bd01f869afc808520,4301,"තශ ොට ශාොකු්, ව්‍ැඩ පිිබශව්‍ළක් ්ැකැ්ථාක් ්ැහැ ිරක්ශ් ශ හාකද ිරශඳ් ්ැකැ්ථා - ගරු ා්ත්‍රීව්‍රුිර ාා හෘාක ්දක්ෂිකට ව්‍්, අව්‍ා ව්‍්, ිරක්ශ් ශ යි. ශ අච්චු ගහකද ිරශඳ් ්ැකැ්ථා පිිබග්්. අපි කිර ්ාක් උඩ තදච්චිකක් ිරකදශග් ශ්ොශ්ේන්ථ ඳැාශග් ් නදිරකක්. ශාො ා ශ ශ ොයි ශව්‍කදශය පුපු යිා ා්ශ් ්ැහැ. අපි ශ්ොශ්ේන්ථ ගැ් ාද ්ව්‍ද ශ කිර ්ා පිපිරුශණෝ, අපි වුරුව්‍්, දතුරු ශව්‍්ශ් ්ැහැ. ඇයි දතුරු ශව්‍්ශ් ්ැ්,ශ්,? අපි 2022 ශා්ැ ඳක ාද්ශය් ]1ව්‍ැිර ාද ශව්‍්ශ ොට හි ශව්‍කද ිරශඳ් ණක ප්‍රාදණක ඇශාිප දනු ශඩොකක බිලික් ]6යි. දිරිප අවුරුදු හත පශහේ වුරු ආණ්ඩුව්‍ ග්,ත්, ශඩොකක බිලික් ]6් ශගව්‍්්

තායි ාා ශඩොකක බිලික් ]6යි ිරකකද ිරයශය. නදතය්ත ්ථෛව්‍ීම්,ව්‍ ඳැඳු ිරකු්, ිරීමා ්හ දලී් ණක පහජී ඇතුළ්, ව්‍දණින ණක ාධ්‍යා නශය් මුළු විශශ ණකව්‍ලි් ියකකට 41 ඳහුත ප්‍රාදණකක් ිරශකෝන්ක ් අත දිරිපක පිිබශව්‍ිබ් ියකකට ]1ක් ශවිපදක ථවි ණක ්හ ියකකට 28ක් ඳහුපදක ථවි ණක ාින් ්ා්විත ශව්‍යි. ාධ්‍යා නශය් මුළු විශශ ණකව්‍ලි් ියකකට ]7ක් දිරිප ව්‍් පහ තුළ ල් පිීමාට ිරකමිත අත ියකකට 51 ට ආ්්් ප්‍රාදණකක් දිරිප ව්‍කෂ 6 ියට 20 ාක්ව්‍දා ියකකට 12ක් දිරිප ව්‍කෂ 20ිර් පජීව්‍ා ල් පිීමාට ිරකමිතක. ගරු ිරශකෝනය ාද්දක තුාිර ාා ශ මූකය ව්‍දකතදව්‍ ාගර* ්ව්‍ද.

ශ අ්තු ටට ිරක්්. තමු්්ද්ශ්ේකද ආණ්ඩු ඳකක ග්්ව්‍ද ිරකකද හිතදශග් ශඳොරු ිරක්් පද. වුරු ආණ්ඩු ඳකක ග්,ත්, මුාල් ප්‍රාදණක ශගව්‍්් අපි නීිරශක් ඳැිමකද ද්්ව්‍ද. ශහා අපි ශ්ොශගව්‍ද හිටපු මුාකක් ශව්‍නුශව්‍් ාැ් ඇශාිප ද ක්්්, න්පාශය් හැමිල්ට් නුව්‍ උ්දවිශය් ්ඩු ාදකද ිරශඳ්ව්‍ද. අපට ්ඩු ිරක්් අ්,ාැකී විශ ේෂාතදව්‍ ්ැිර ිර්ද කා දණ්ඩුව්‍ ශව්‍නුශව්‍් ප්, කද ිරශඳ්ව්‍ද ක්ලිෆකඩ් චද්්ථ ආකත්ක. ශ ව්‍ද්, ව්‍ැස්ිරයි ිරකකද ාව්‍් ශරේෂථධදධි ණකට ිරක්් පුළුව්‍්. අපි ාැ්ට ශග් කද යුතු ශශව්‍ල් තායි ශග් ක්ශ්. Central Bank ශක් Dr. P.K.G. Harischandra, Director of Economic Research ් කා ""IMF Programme and the Debt Restructuring Process"" ්ැාිර presentation ශක් hard copy ශ අව්‍්ථාදශයදී ාා ාගර* ්ව්‍ද.","තශ ොට ශාොකු්, ව්‍ැඩ පිිබශව්‍ළක් ්ැකැ්ථාක් ්ැහැ ිරක්ශ් ශ හාකද ිරශඳ් ්ැකැ්ථා - ගරු ා්ත්‍රීව්‍රුිර ාා හෘාක ්දක්ෂිකට ව්‍්, අව්‍ා ව්‍්, ිරක්ශ් ශ යි. ශ අච්චු ගහකද ිරශඳ් ්ැකැ්ථා පිිබග්්. අපි කිර ්ාක් උඩ තදච්චිකක් ිරකදශග් ශ්ොශ්ේන්ථ ඳැාශග් ් නදිරකක්. ශාො ා ශ ශ ොයි ශව්‍කදශය පුපු යිා ා්ශ් ්ැහැ. අපි ශ්ොශ්ේන්ථ ගැ් ාද ්ව්‍ද ශ කිර ්ා පිපිරුශණෝ, අපි වුරුව්‍්, දතුරු ශව්‍්ශ් ්ැහැ. ඇයි දතුරු ශව්‍්ශ් ්ැ්,ශ්,? අපි 2022 ශා්ැ ඳක ාද්ශය් ]1ව්‍ැිර ාද ශව්‍්ශ ොට හි ශව්‍කද ිරශඳ් ණක ප්‍රාදණක ඇශාිප දනු ශඩොකක බිලික් ]6යි. දිරිප අවුරුදු හත පශහේ වුරු ආණ්ඩුව්‍ ග්,ත්, ශඩොකක බිලික් ]6් ශගව්‍්්

තායි ාා ශඩොකක බිලික් ]6යි ිරකකද ිරයශය. නදතය්ත ්ථෛව්‍ීම්,ව්‍ ඳැඳු ිරකු්, ිරීමා ්හ දලී් ණක පහජී ඇතුළ්, ව්‍දණින ණක ාධ්‍යා නශය් මුළු විශශ ණකව්‍ලි් ියකකට 41 ඳහුත ප්‍රාදණකක් ිරශකෝන්ක ් අත දිරිපක පිිබශව්‍ිබ් ියකකට ]1ක් ශවිපදක ථවි ණක ්හ ියකකට 28ක් ඳහුපදක ථවි ණක ාින් ්ා්විත ශව්‍යි. ාධ්‍යා නශය් මුළු විශශ ණකව්‍ලි් ියකකට ]7ක් දිරිප ව්‍් පහ තුළ ල් පිීමාට ිරකමිත අත ියකකට 51 ට ආ්්් ප්‍රාදණකක් දිරිප ව්‍කෂ 6 ියට 20 ාක්ව්‍දා ියකකට 12ක් දිරිප ව්‍කෂ 20ිර් පජීව්‍ා ල් පිීමාට ිරකමිතක. ගරු ිරශකෝනය ාද්දක තුාිර ාා ශ මූකය ව්‍දකතදව්‍ ාගර* ්ව්‍ද.

ශ අ්තු ටට ිරක්්. තමු්්ද්ශ්ේකද ආණ්ඩු ඳකක ග්්ව්‍ද ිරකකද හිතදශග් ශඳොරු ිරක්් පද. වුරු ආණ්ඩු ඳකක ග්,ත්, මුාල් ප්‍රාදණක ශගව්‍්් අපි නීිරශක් ඳැිමකද ද්්ව්‍ද. ශහා අපි ශ්ොශගව්‍ද හිටපු මුාකක් ශව්‍නුශව්‍් ාැ් ඇශාිප ද ක්්්, න්පාශය් හැමිල්ට් නුව්‍ උ්දවිශය් ්ඩු ාදකද ිරශඳ්ව්‍ද. අපට ්ඩු ිරක්් අ්,ාැකී විශ ේෂාතදව්‍ ්ැිර ිර්ද කා දණ්ඩුව්‍ ශව්‍නුශව්‍් ප්, කද ිරශඳ්ව්‍ද ක්ලිෆකඩ් චද්්ථ ආකත්ක. ශ ව්‍ද්, ව්‍ැස්ිරයි ිරකකද ාව්‍් ශරේෂථධදධි ණකට ිරක්් පුළුව්‍්. අපි ාැ්ට ශග් කද යුතු ශශව්‍ල් තායි ශග් ක්ශ්. Central Bank ශක් Dr. P.K.G. Harischandra, Director of Economic Research ් කා ""IMF Programme and the Debt Restructuring Process"" ්ැාිර presentation ශක් hard copy ශ අව්‍්ථාදශයදී ාා ාගර* ්ව්‍ද.","තශ ොට ශාොකු්, ව්‍ැඩ පිිබශව්‍ළක් ්ැකැ්ථාක් ්ැහැ ිරක්ශ් ශ හාකද ිරශඳ් ්ැකැ්ථා - ගරු ා්ත්‍රීව්‍රුිර ාා හ",2023-11-17,2023-11-17-2023-11-17,"තශ ොට ශාොකු්, ව්‍ැඩ පිිබශව්‍ළක් ්ැකැ්ථාක් ්ැහැ ිරක්ශ් ශ හාකද ිරශඳ් ්ැකැ්ථා - ගරු ා්ත්‍රීව්‍රුිර ාා හෘාක ්දක්ෂිකට ව්‍්, අව්‍ා ව්‍්, ිරක්ශ් ශ යි. ශ අච්චු ගහකද ිරශඳ් ්ැකැ්ථා පිිබග්්. අපි කිර ්ාක් උඩ තදච්චිකක් ිරකදශග් ශ්ොශ්ේන්ථ ඳැාශග් ් නදිරකක්. ශාො ා ශ ශ ොයි ශව්‍කදශය පුපු යිා ා්ශ් ්ැහැ. අපි ශ්ොශ්ේන්ථ ගැ් ාද ්ව්‍ද ශ කිර ්ා පිපිරුශණෝ, අපි වුරුව්‍්, දතුරු ශව්‍්ශ් ්ැහැ. ඇයි දතුරු ශව්‍්ශ් ්ැ්,ශ්,? අපි 2022 ශා්ැ ඳක ාද්ශය් ]1ව්‍ැිර ාද ශව්‍්ශ ොට හි ශව්‍කද ිරශඳ් ණක ප්‍රාදණක ඇශාිප දනු ශඩොකක බිලික් ]6යි. දිරිප අවුරුදු හත පශහේ වුරු ආණ්ඩුව්‍ ග්,ත්, ශඩොකක බිලික් ]6් ශගව්‍්්

තායි ාා ශඩොකක බිලික් ]6යි ිරකකද ිරයශය. නදතය්ත ්ථෛව්‍ීම්,ව්‍ ඳැඳු ිරකු්, ිරීමා ්හ දලී් ණක පහජී ඇතුළ්, ව්‍දණින ණක ාධ්‍යා නශය් මුළු විශශ ණකව්‍ලි් ියකකට 41 ඳහුත ප්‍රාදණකක් ිරශකෝන්ක ් අත දිරිපක පිිබශව්‍ිබ් ියකකට ]1ක් ශවිපදක ථවි ණක ්හ ියකකට 28ක් ඳහුපදක ථවි ණක ාින් ්ා්විත ශව්‍යි. ාධ්‍යා නශය් මුළු විශශ ණකව්‍ලි් ියකකට ]7ක් දිරිප ව්‍් පහ තුළ ල් පිීමාට ිරකමිත අත ියකකට 51 ට ආ්්් ප්‍රාදණකක් දිරිප ව්‍කෂ 6 ියට 20 ාක්ව්‍දා ියකකට 12ක් දිරිප ව්‍කෂ 20ිර් පජීව්‍ා ල් පිීමාට ිරකමිතක. ගරු ිරශකෝනය ාද්දක තුාිර ාා ශ මූකය ව්‍දකතදව්‍ ාගර* ්ව්‍ද.

ශ අ්තු ටට ිරක්්. තමු්්ද්ශ්ේකද ආණ්ඩු ඳකක ග්්ව්‍ද ිරකකද හිතදශග් ශඳොරු ිරක්් පද. වුරු ආණ්ඩු ඳකක ග්,ත්, මුාල් ප්‍රාදණක ශගව්‍්් අපි නීිරශක් ඳැිමකද ද්්ව්‍ද. ශහා අපි ශ්ොශගව්‍ද හිටපු මුාකක් ශව්‍නුශව්‍් ාැ් ඇශාිප ද ක්්්, න්පාශය් හැමිල්ට් නුව්‍ උ්දවිශය් ්ඩු ාදකද ිරශඳ්ව්‍ද. අපට ්ඩු ිරක්් අ්,ාැකී විශ ේෂාතදව්‍ ්ැිර ිර්ද කා දණ්ඩුව්‍ ශව්‍නුශව්‍් ප්, කද ිරශඳ්ව්‍ද ක්ලිෆකඩ් චද්්ථ ආකත්ක. ශ ව්‍ද්, ව්‍ැස්ිරයි ිරකකද ාව්‍් ශරේෂථධදධි ණකට ිරක්් පුළුව්‍්. අපි ාැ්ට ශග් කද යුතු ශශව්‍ල් තායි ශග් ක්ශ්. Central Bank ශක් Dr. P.K.G. Harischandra, Director of Economic Research ් කා ""IMF Programme and the Debt Restructuring Process"" ්ැාිර presentation ශක් hard copy ශ අව්‍්ථාදශයදී ාා ාගර* ්ව්‍ද.",hansard,1.0,1
lk_hansard_2020s,2023-11-17-2023-11-17,2023-11-17,2023-11-17,"Hansard of November 17, 2023",https://www.parliament.lk/en/business-of-parliament/hansards,si-ta-en,https://www.parliament.lk/uploads/documents/hansard/1701515168057680.pdf,2023-11-17-2023-11-17-0079,79,si-ta-en,b8ec82f045c5b8bbf1b2f137c327208f,4641,"ශ අ්තු ටට ිරක්්. තමු්්ද්ශ්ේකද ආණ්ඩු ඳකක ග්්ව්‍ද ිරකකද හිතදශග් ශඳොරු ිරක්් පද. වුරු ආණ්ඩු ඳකක ග්,ත්, මුාල් ප්‍රාදණක ශගව්‍්් අපි නීිරශක් ඳැිමකද ද්්ව්‍ද. ශහා අපි ශ්ොශගව්‍ද හිටපු මුාකක් ශව්‍නුශව්‍් ාැ් ඇශාිප ද ක්්්, න්පාශය් හැමිල්ට් නුව්‍ උ්දවිශය් ්ඩු ාදකද ිරශඳ්ව්‍ද. අපට ්ඩු ිරක්් අ්,ාැකී විශ ේෂාතදව්‍ ්ැිර ිර්ද කා දණ්ඩුව්‍ ශව්‍නුශව්‍් ප්, කද ිරශඳ්ව්‍ද ක්ලිෆකඩ් චද්්ථ ආකත්ක. ශ ව්‍ද්, ව්‍ැස්ිරයි ිරකකද ාව්‍් ශරේෂථධදධි ණකට ිරක්් පුළුව්‍්. අපි ාැ්ට ශග් කද යුතු ශශව්‍ල් තායි ශග් ක්ශ්. Central Bank ශක් Dr. P.K.G. Harischandra, Director of Economic Research ් කා ""IMF Programme and the Debt Restructuring Process"" ්ැාිර presentation ශක් hard copy ශ අව්‍්ථාදශයදී ාා ාගර* ්ව්‍ද.

ාා 202] ව්‍කෂශය් දඳ් වි්ථත ිරක්් . 2027දී විශශ ඳදහි මූකය් ප ත ක ිරශඳ්ව්‍ද ශඩොකක මිලික් ඍණ ] 911ක්. පිකව්‍්ශ් ශ විධිකට. 2027දී IMF ශා්ව්‍ද වි්ථතීකණ ණක පහජී ා කටශ්, ශඩොකක මිලික් ]29ක්. IMF අක ව්‍ැකට ්හදක - budgetary support - ව්‍ ශක් ශඩොකක මිලික් 600ක් ශා්ව්‍ද. ශකෝ ඳැාකුව්‍ ශා්ව්‍ද ශඩොකක මිලික් ]00ක්. Asian Development Bank ශඩොකක මිලික් ]00ක් ශා්ව්‍ද. ශව්‍්්, ව්‍ද ්ැහැ බි්දුව්‍යි. ශ්ොපික වූ තු වූ ණක ප්‍රාදණක ිරශඳ්ව්‍ද ශඩොකක මිලික් 1 482ක්. ්ථෛව්‍ීම්,ව්‍ ඳැඳු ිරකු්, ්් ාදක ට් ට ක්් පුළුව්‍්. කහිල්කද ශඩොකක මිලික් 1 500ක් ග්් පුළුව්‍්. විශශ ඳදහි මූකය් ප ත ක ිරශඳ්ව්‍ද ශඩොකක මිලික් ඍණ ] 911ක්. 2027දී ආණ්ඩුව්‍ක් ්් ඳකදශපොශ ෝ,තු ශව්‍් ගරු ා්ත්‍රීතුා්කදට ගරු ඇාිරතුා්කදට ාා රුණදශව්‍් ාැනු ශා්ව්‍ද ශ ට තායි අපි ශව්‍කද ිරශඳ්ශ් ිරකකද. 2027දී අපට ශඩොකක

835 836

පදකලිශ ්තුව්‍

මිලික් ] 911 හි කක් ිරශඳ්ව්‍ද. ශඩොකක මිලික් ] 911් වි්ථතීකණ ණක කටශ්, IMF අපට ශා්් ශපොශ ෝදු ශව්‍කද ිරශඳ්ව්‍ද ශඩොකක මිලික් ]29ක්. අක ව්‍ැකට ්හදකක් විධිකට IMF ශා්් ශපොශ ෝදු ශව්‍කද ිරශඳ්ව්‍ද ශඩොකක මිලික් 600ක්. ශකෝ ඳැාකුව්‍ ශා්් ශපොශ ෝදු ශව්‍කද ිරශඳ්ව්‍ද ශඩොකක මිලික් ]00ක්. ADB ශා්් ශපොශ ෝදු ශව්‍කද ිරශඳ්ව්‍ද ශඩොකක මිලික් ]00ක්. ශ්ොපිකවූ ණක ශගව්‍්් ිරශඳ්ව්‍ද ශඩොකක මිලික් 1 482ක්. ශ මුාක ාිර ිර්ද ්ථෛව්‍ීම්,ව්‍ ඳැඳු කක් ග්් ශව්‍්ව්‍ද. ්මු්, ්ථෛව්‍ීම්,ව්‍ ඳැඳු කක් - Sovereign Bond ක් - issue ්් පුළුව්‍් ාව්‍්, හ ඳ ශව්‍්ශ් 2027 ව්‍කෂශය්දී.","ශ අ්තු ටට ිරක්්. තමු්්ද්ශ්ේකද ආණ්ඩු ඳකක ග්්ව්‍ද ිරකකද හිතදශග් ශඳොරු ිරක්් පද. වුරු ආණ්ඩු ඳකක ග්,ත්, මුාල් ප්‍රාදණක ශගව්‍්් අපි නීිරශක් ඳැිමකද ද්්ව්‍ද. ශහා අපි ශ්ොශගව්‍ද හිටපු මුාකක් ශව්‍නුශව්‍් ාැ් ඇශාිප ද ක්්්, න්පාශය් හැමිල්ට් නුව්‍ උ්දවිශය් ්ඩු ාදකද ිරශඳ්ව්‍ද. අපට ්ඩු ිරක්් අ්,ාැකී විශ ේෂාතදව්‍ ්ැිර ිර්ද කා දණ්ඩුව්‍ ශව්‍නුශව්‍් ප්, කද ිරශඳ්ව්‍ද ක්ලිෆකඩ් චද්්ථ ආකත්ක. ශ ව්‍ද්, ව්‍ැස්ිරයි ිරකකද ාව්‍් ශරේෂථධදධි ණකට ිරක්් පුළුව්‍්. අපි ාැ්ට ශග් කද යුතු ශශව්‍ල් තායි ශග් ක්ශ්. Central Bank ශක් Dr. P.K.G. Harischandra, Director of Economic Research ් කා ""IMF Programme and the Debt Restructuring Process"" ්ැාිර presentation ශක් hard copy ශ අව්‍්ථාදශයදී ාා ාගර* ්ව්‍ද.

ාා 202] ව්‍කෂශය් දඳ් වි්ථත ිරක්් . 2027දී විශශ ඳදහි මූකය් ප ත ක ිරශඳ්ව්‍ද ශඩොකක මිලික් ඍණ ] 911ක්. පිකව්‍්ශ් ශ විධිකට. 2027දී IMF ශා්ව්‍ද වි්ථතීකණ ණක පහජී ා කටශ්, ශඩොකක මිලික් ]29ක්. IMF අක ව්‍ැකට ්හදක - budgetary support - ව්‍ ශක් ශඩොකක මිලික් 600ක් ශා්ව්‍ද. ශකෝ ඳැාකුව්‍ ශා්ව්‍ද ශඩොකක මිලික් ]00ක්. Asian Development Bank ශඩොකක මිලික් ]00ක් ශා්ව්‍ද. ශව්‍්්, ව්‍ද ්ැහැ බි්දුව්‍යි. ශ්ොපික වූ තු වූ ණක ප්‍රාදණක ිරශඳ්ව්‍ද ශඩොකක මිලික් 1 482ක්. ්ථෛව්‍ීම්,ව්‍ ඳැඳු ිරකු්, ්් ාදක ට් ට ක්් පුළුව්‍්. කහිල්කද ශඩොකක මිලික් 1 500ක් ග්් පුළුව්‍්. විශශ ඳදහි මූකය් ප ත ක ිරශඳ්ව්‍ද ශඩොකක මිලික් ඍණ ] 911ක්. 2027දී ආණ්ඩුව්‍ක් ්් ඳකදශපොශ ෝ,තු ශව්‍් ගරු ා්ත්‍රීතුා්කදට ගරු ඇාිරතුා්කදට ාා රුණදශව්‍් ාැනු ශා්ව්‍ද ශ ට තායි අපි ශව්‍කද ිරශඳ්ශ් ිරකකද. 2027දී අපට ශඩොකක

835 836

පදකලිශ ්තුව්‍

මිලික් ] 911 හි කක් ිරශඳ්ව්‍ද. ශඩොකක මිලික් ] 911් වි්ථතීකණ ණක කටශ්, IMF අපට ශා්් ශපොශ ෝදු ශව්‍කද ිරශඳ්ව්‍ද ශඩොකක මිලික් ]29ක්. අක ව්‍ැකට ්හදකක් විධිකට IMF ශා්් ශපොශ ෝදු ශව්‍කද ිරශඳ්ව්‍ද ශඩොකක මිලික් 600ක්. ශකෝ ඳැාකුව්‍ ශා්් ශපොශ ෝදු ශව්‍කද ිරශඳ්ව්‍ද ශඩොකක මිලික් ]00ක්. ADB ශා්් ශපොශ ෝදු ශව්‍කද ිරශඳ්ව්‍ද ශඩොකක මිලික් ]00ක්. ශ්ොපිකවූ ණක ශගව්‍්් ිරශඳ්ව්‍ද ශඩොකක මිලික් 1 482ක්. ශ මුාක ාිර ිර්ද ්ථෛව්‍ීම්,ව්‍ ඳැඳු කක් ග්් ශව්‍්ව්‍ද. ්මු්, ්ථෛව්‍ීම්,ව්‍ ඳැඳු කක් - Sovereign Bond ක් - issue ්් පුළුව්‍් ාව්‍්, හ ඳ ශව්‍්ශ් 2027 ව්‍කෂශය්දී.","ශ අ්තු ටට ිරක්්. තමු්්ද්ශ්ේකද ආණ්ඩු ඳකක ග්්ව්‍ද ිරකකද හිතදශග් ශඳොරු ිරක්් පද. වුරු ආණ්ඩු ඳකක ග්,ත්, ",2023-11-17,2023-11-17-2023-11-17,"ශ අ්තු ටට ිරක්්. තමු්්ද්ශ්ේකද ආණ්ඩු ඳකක ග්්ව්‍ද ිරකකද හිතදශග් ශඳොරු ිරක්් පද. වුරු ආණ්ඩු ඳකක ග්,ත්, මුාල් ප්‍රාදණක ශගව්‍්් අපි නීිරශක් ඳැිමකද ද්්ව්‍ද. ශහා අපි ශ්ොශගව්‍ද හිටපු මුාකක් ශව්‍නුශව්‍් ාැ් ඇශාිප ද ක්්්, න්පාශය් හැමිල්ට් නුව්‍ උ්දවිශය් ්ඩු ාදකද ිරශඳ්ව්‍ද. අපට ්ඩු ිරක්් අ්,ාැකී විශ ේෂාතදව්‍ ්ැිර ිර්ද කා දණ්ඩුව්‍ ශව්‍නුශව්‍් ප්, කද ිරශඳ්ව්‍ද ක්ලිෆකඩ් චද්්ථ ආකත්ක. ශ ව්‍ද්, ව්‍ැස්ිරයි ිරකකද ාව්‍් ශරේෂථධදධි ණකට ිරක්් පුළුව්‍්. අපි ාැ්ට ශග් කද යුතු ශශව්‍ල් තායි ශග් ක්ශ්. Central Bank ශක් Dr. P.K.G. Harischandra, Director of Economic Research ් කා ""IMF Programme and the Debt Restructuring Process"" ්ැාිර presentation ශක් hard copy ශ අව්‍්ථාදශයදී ාා ාගර* ්ව්‍ද.

ාා 202] ව්‍කෂශය් දඳ් වි්ථත ිරක්් . 2027දී විශශ ඳදහි මූකය් ප ත ක ිරශඳ්ව්‍ද ශඩොකක මිලික් ඍණ ] 911ක්. පිකව්‍්ශ් ශ විධිකට. 2027දී IMF ශා්ව්‍ද වි්ථතීකණ ණක පහජී ා කටශ්, ශඩොකක මිලික් ]29ක්. IMF අක ව්‍ැකට ්හදක - budgetary support - ව්‍ ශක් ශඩොකක මිලික් 600ක් ශා්ව්‍ද. ශකෝ ඳැාකුව්‍ ශා්ව්‍ද ශඩොකක මිලික් ]00ක්. Asian Development Bank ශඩොකක මිලික් ]00ක් ශා්ව්‍ද. ශව්‍්්, ව්‍ද ්ැහැ බි්දුව්‍යි. ශ්ොපික වූ තු වූ ණක ප්‍රාදණක ිරශඳ්ව්‍ද ශඩොකක මිලික් 1 482ක්. ්ථෛව්‍ීම්,ව්‍ ඳැඳු ිරකු්, ්් ාදක ට් ට ක්් පුළුව්‍්. කහිල්කද ශඩොකක මිලික් 1 500ක් ග්් පුළුව්‍්. විශශ ඳදහි මූකය් ප ත ක ිරශඳ්ව්‍ද ශඩොකක මිලික් ඍණ ] 911ක්. 2027දී ආණ්ඩුව්‍ක් ්් ඳකදශපොශ ෝ,තු ශව්‍් ගරු ා්ත්‍රීතුා්කදට ගරු ඇාිරතුා්කදට ාා රුණදශව්‍් ාැනු ශා්ව්‍ද ශ ට තායි අපි ශව්‍කද ිරශඳ්ශ් ිරකකද. 2027දී අපට ශඩොකක

835 836

පදකලිශ ්තුව්‍

මිලික් ] 911 හි කක් ිරශඳ්ව්‍ද. ශඩොකක මිලික් ] 911් වි්ථතීකණ ණක කටශ්, IMF අපට ශා්් ශපොශ ෝදු ශව්‍කද ිරශඳ්ව්‍ද ශඩොකක මිලික් ]29ක්. අක ව්‍ැකට ්හදකක් විධිකට IMF ශා්් ශපොශ ෝදු ශව්‍කද ිරශඳ්ව්‍ද ශඩොකක මිලික් 600ක්. ශකෝ ඳැාකුව්‍ ශා්් ශපොශ ෝදු ශව්‍කද ිරශඳ්ව්‍ද ශඩොකක මිලික් ]00ක්. ADB ශා්් ශපොශ ෝදු ශව්‍කද ිරශඳ්ව්‍ද ශඩොකක මිලික් ]00ක්. ශ්ොපිකවූ ණක ශගව්‍්් ිරශඳ්ව්‍ද ශඩොකක මිලික් 1 482ක්. ශ මුාක ාිර ිර්ද ්ථෛව්‍ීම්,ව්‍ ඳැඳු කක් ග්් ශව්‍්ව්‍ද. ්මු්, ්ථෛව්‍ීම්,ව්‍ ඳැඳු කක් - Sovereign Bond ක් - issue ්් පුළුව්‍් ාව්‍්, හ ඳ ශව්‍්ශ් 2027 ව්‍කෂශය්දී.",hansard,1.0,1
lk_hansard_2020s,2023-11-17-2023-11-17,2023-11-17,2023-11-17,"Hansard of November 17, 2023",https://www.parliament.lk/en/business-of-parliament/hansards,si-ta-en,https://www.parliament.lk/uploads/documents/hansard/1701515168057680.pdf,2023-11-17-2023-11-17-0080,80,si-ta-en,118006515a73c4d4c114c30c083464ac,4706,"මිලික් ] 911 හි කක් ිරශඳ්ව්‍ද. ශඩොකක මිලික් ] 911් වි්ථතීකණ ණක කටශ්, IMF අපට ශා්් ශපොශ ෝදු ශව්‍කද ිරශඳ්ව්‍ද ශඩොකක මිලික් ]29ක්. අක ව්‍ැකට ්හදකක් විධිකට IMF ශා්් ශපොශ ෝදු ශව්‍කද ිරශඳ්ව්‍ද ශඩොකක මිලික් 600ක්. ශකෝ ඳැාකුව්‍ ශා්් ශපොශ ෝදු ශව්‍කද ිරශඳ්ව්‍ද ශඩොකක මිලික් ]00ක්. ADB ශා්් ශපොශ ෝදු ශව්‍කද ිරශඳ්ව්‍ද ශඩොකක මිලික් ]00ක්. ශ්ොපිකවූ ණක ශගව්‍්් ිරශඳ්ව්‍ද ශඩොකක මිලික් 1 482ක්. ශ මුාක ාිර ිර්ද ්ථෛව්‍ීම්,ව්‍ ඳැඳු කක් ග්් ශව්‍්ව්‍ද. ්මු්, ්ථෛව්‍ීම්,ව්‍ ඳැඳු කක් - Sovereign Bond ක් - issue ්් පුළුව්‍් ාව්‍්, හ ඳ ශව්‍්ශ් 2027 ව්‍කෂශය්දී.

ශ අක ව්‍ැක ් ාත වුණදට ප්ථශ්ේ නදතය්ත කට අපි ්හිර කක් ශා්් ඕ්න ශශ පදක් පක්ෂ පදට ශේාකිර් ශතො ව්‍ ට ශබ් ද ගැනීශ ශ ව්‍ැඩ පි ිබශව්‍ළට අපි ්හදක ශා්ව්‍ද ිරකකද. තශ ොට තායි අව්‍්ද් අිරකශක ස් ්, හිප ක්ශ්. ශ අක ව්‍ැක ් ාත වුශණෝ, තායි නදතය්ත මූකය අ මුාශල් ශාව්‍ැිර ව්‍දිප ක කැශඳ්ශ්. තව්‍ා ශාව්‍ැිර ව්‍දිප ක කැබිකද ්ැහැ. ශාව්‍ැිර ව්‍දිප ක කැශඳ්ශ් ශ අක ව්‍ැක ් ාත වුණදට ප්ථශ්ේ. ශාව්‍ැිර ව්‍දිප ක කැබුණදට ප්ථශ්ේ තායි විශශශීක ණකහිමිශකෝ හිත්ශ් අපට ව්‍ැඩ පිිබශව්‍ළක් ිරශඳ්ව්‍ද ව්‍ැඩ පිිබශව්‍ළ ිරශඳ් ිර්ද අපි ශ ණක ප්‍රිරව්‍ුහගත ්් ැාැිරයි ිරකකද. හිප ශහා වුශණ් ්ැහැ ිරකමු. ඳැිප ශව්‍කදව්‍්, අව්‍ද්්දව්‍්ත ශශ ව්‍ාදව්‍්, ට ට ශ්ොවික යුතු ශශ වුණදක ිරකකද හිතමු. ත ශ ොට ශාො ක්ා ශව්‍්ශ්? ශශ ශව්‍ච්ච ගා් අපි ණක අ ශග් ශගව්‍්් දාාද්ාක්ව්‍්, ්ැිර ටක් ිරකකද ිරකපු ගා් - ාද දඳ්- අශටි ිරියා ණකව්‍ ලිපිකක් ශකෝ ශය් ිරියා ටක් පිිබග්ශ් ්ැිර ත්,්,ව්‍කක් ඇිර ශව්‍්ව්‍ද. වුරු් ශහෝ LC ක් ඔළුශව්‍් හිටශග් ිරකු්, ළ්, නදතය්ත මූකය ක්‍රාක විිය් පිිබග්ශ් ්ැහැ. අපට ්ඳහද තදව්‍ ඇිර ග්් ඳැිප ශව්‍් ාව්‍ශ්ේ දඳ් වුරු ආණ්ඩු ළ්, ශතල් ්ැව්‍ක්ව්‍්, පිට ස්් ශ ්් ඳැහැ ගන්ථ ශ ්් ඳැහැ ශබ්්, ශහේ්, ශ ්් ඳැහැ අක ලූනු මිිප්ථ පිපටිපු ව්‍ැිර අතයව්‍ ය ාදණ්ඩ ශ ්් ඳැහැ ක්ත්‍ර දාත්‍ර උප ණ ශ ්් ඳැහැ. ශහා වුශණෝ, ඕ්නා ශ ශ්කුට ආණ්ඩු ්් පුළුව්‍් ව්‍ැඩිා දකක ශව්‍්ශ් ජීාද් ශා යි.

ශ තායි ප ා ඇ්,ත. ශ ඇ්,තට ව්‍ඩද ශව්‍් ශාකක් ිරශඳ්ව්‍ද ් ිරක්්. ්ැ්,් ශ පිිබග්්. පිිබග්් ඳැිප ් ශ දකක් ඔක්ශ ෝා අ්තය ව්‍ද","මිලික් ] 911 හි කක් ිරශඳ්ව්‍ද. ශඩොකක මිලික් ] 911් වි්ථතීකණ ණක කටශ්, IMF අපට ශා්් ශපොශ ෝදු ශව්‍කද ිරශඳ්ව්‍ද ශඩොකක මිලික් ]29ක්. අක ව්‍ැකට ්හදකක් විධිකට IMF ශා්් ශපොශ ෝදු ශව්‍කද ිරශඳ්ව්‍ද ශඩොකක මිලික් 600ක්. ශකෝ ඳැාකුව්‍ ශා්් ශපොශ ෝදු ශව්‍කද ිරශඳ්ව්‍ද ශඩොකක මිලික් ]00ක්. ADB ශා්් ශපොශ ෝදු ශව්‍කද ිරශඳ්ව්‍ද ශඩොකක මිලික් ]00ක්. ශ්ොපිකවූ ණක ශගව්‍්් ිරශඳ්ව්‍ද ශඩොකක මිලික් 1 482ක්. ශ මුාක ාිර ිර්ද ්ථෛව්‍ීම්,ව්‍ ඳැඳු කක් ග්් ශව්‍්ව්‍ද. ්මු්, ්ථෛව්‍ීම්,ව්‍ ඳැඳු කක් - Sovereign Bond ක් - issue ්් පුළුව්‍් ාව්‍්, හ ඳ ශව්‍්ශ් 2027 ව්‍කෂශය්දී.

ශ අක ව්‍ැක ් ාත වුණදට ප්ථශ්ේ නදතය්ත කට අපි ්හිර කක් ශා්් ඕ්න ශශ පදක් පක්ෂ පදට ශේාකිර් ශතො ව්‍ ට ශබ් ද ගැනීශ ශ ව්‍ැඩ පි ිබශව්‍ළට අපි ්හදක ශා්ව්‍ද ිරකකද. තශ ොට තායි අව්‍්ද් අිරකශක ස් ්, හිප ක්ශ්. ශ අක ව්‍ැක ් ාත වුශණෝ, තායි නදතය්ත මූකය අ මුාශල් ශාව්‍ැිර ව්‍දිප ක කැශඳ්ශ්. තව්‍ා ශාව්‍ැිර ව්‍දිප ක කැබිකද ්ැහැ. ශාව්‍ැිර ව්‍දිප ක කැශඳ්ශ් ශ අක ව්‍ැක ් ාත වුණදට ප්ථශ්ේ. ශාව්‍ැිර ව්‍දිප ක කැබුණදට ප්ථශ්ේ තායි විශශශීක ණකහිමිශකෝ හිත්ශ් අපට ව්‍ැඩ පිිබශව්‍ළක් ිරශඳ්ව්‍ද ව්‍ැඩ පිිබශව්‍ළ ිරශඳ් ිර්ද අපි ශ ණක ප්‍රිරව්‍ුහගත ්් ැාැිරයි ිරකකද. හිප ශහා වුශණ් ්ැහැ ිරකමු. ඳැිප ශව්‍කදව්‍්, අව්‍ද්්දව්‍්ත ශශ ව්‍ාදව්‍්, ට ට ශ්ොවික යුතු ශශ වුණදක ිරකකද හිතමු. ත ශ ොට ශාො ක්ා ශව්‍්ශ්? ශශ ශව්‍ච්ච ගා් අපි ණක අ ශග් ශගව්‍්් දාාද්ාක්ව්‍්, ්ැිර ටක් ිරකකද ිරකපු ගා් - ාද දඳ්- අශටි ිරියා ණකව්‍ ලිපිකක් ශකෝ ශය් ිරියා ටක් පිිබග්ශ් ්ැිර ත්,්,ව්‍කක් ඇිර ශව්‍්ව්‍ද. වුරු් ශහෝ LC ක් ඔළුශව්‍් හිටශග් ිරකු්, ළ්, නදතය්ත මූකය ක්‍රාක විිය් පිිබග්ශ් ්ැහැ. අපට ්ඳහද තදව්‍ ඇිර ග්් ඳැිප ශව්‍් ාව්‍ශ්ේ දඳ් වුරු ආණ්ඩු ළ්, ශතල් ්ැව්‍ක්ව්‍්, පිට ස්් ශ ්් ඳැහැ ගන්ථ ශ ්් ඳැහැ ශබ්්, ශහේ්, ශ ්් ඳැහැ අක ලූනු මිිප්ථ පිපටිපු ව්‍ැිර අතයව්‍ ය ාදණ්ඩ ශ ්් ඳැහැ ක්ත්‍ර දාත්‍ර උප ණ ශ ්් ඳැහැ. ශහා වුශණෝ, ඕ්නා ශ ශ්කුට ආණ්ඩු ්් පුළුව්‍් ව්‍ැඩිා දකක ශව්‍්ශ් ජීාද් ශා යි.

ශ තායි ප ා ඇ්,ත. ශ ඇ්,තට ව්‍ඩද ශව්‍් ශාකක් ිරශඳ්ව්‍ද ් ිරක්්. ්ැ්,් ශ පිිබග්්. පිිබග්් ඳැිප ් ශ දකක් ඔක්ශ ෝා අ්තය ව්‍ද","මිලික් ] 911 හි කක් ිරශඳ්ව්‍ද. ශඩොකක මිලික් ] 911් වි්ථතීකණ ණක කටශ්, IMF අපට ශා්් ශපොශ ෝදු ශව්‍කද ි",2023-11-17,2023-11-17-2023-11-17,"මිලික් ] 911 හි කක් ිරශඳ්ව්‍ද. ශඩොකක මිලික් ] 911් වි්ථතීකණ ණක කටශ්, IMF අපට ශා්් ශපොශ ෝදු ශව්‍කද ිරශඳ්ව්‍ද ශඩොකක මිලික් ]29ක්. අක ව්‍ැකට ්හදකක් විධිකට IMF ශා්් ශපොශ ෝදු ශව්‍කද ිරශඳ්ව්‍ද ශඩොකක මිලික් 600ක්. ශකෝ ඳැාකුව්‍ ශා්් ශපොශ ෝදු ශව්‍කද ිරශඳ්ව්‍ද ශඩොකක මිලික් ]00ක්. ADB ශා්් ශපොශ ෝදු ශව්‍කද ිරශඳ්ව්‍ද ශඩොකක මිලික් ]00ක්. ශ්ොපිකවූ ණක ශගව්‍්් ිරශඳ්ව්‍ද ශඩොකක මිලික් 1 482ක්. ශ මුාක ාිර ිර්ද ්ථෛව්‍ීම්,ව්‍ ඳැඳු කක් ග්් ශව්‍්ව්‍ද. ්මු්, ්ථෛව්‍ීම්,ව්‍ ඳැඳු කක් - Sovereign Bond ක් - issue ්් පුළුව්‍් ාව්‍්, හ ඳ ශව්‍්ශ් 2027 ව්‍කෂශය්දී.

ශ අක ව්‍ැක ් ාත වුණදට ප්ථශ්ේ නදතය්ත කට අපි ්හිර කක් ශා්් ඕ්න ශශ පදක් පක්ෂ පදට ශේාකිර් ශතො ව්‍ ට ශබ් ද ගැනීශ ශ ව්‍ැඩ පි ිබශව්‍ළට අපි ්හදක ශා්ව්‍ද ිරකකද. තශ ොට තායි අව්‍්ද් අිරකශක ස් ්, හිප ක්ශ්. ශ අක ව්‍ැක ් ාත වුශණෝ, තායි නදතය්ත මූකය අ මුාශල් ශාව්‍ැිර ව්‍දිප ක කැශඳ්ශ්. තව්‍ා ශාව්‍ැිර ව්‍දිප ක කැබිකද ්ැහැ. ශාව්‍ැිර ව්‍දිප ක කැශඳ්ශ් ශ අක ව්‍ැක ් ාත වුණදට ප්ථශ්ේ. ශාව්‍ැිර ව්‍දිප ක කැබුණදට ප්ථශ්ේ තායි විශශශීක ණකහිමිශකෝ හිත්ශ් අපට ව්‍ැඩ පිිබශව්‍ළක් ිරශඳ්ව්‍ද ව්‍ැඩ පිිබශව්‍ළ ිරශඳ් ිර්ද අපි ශ ණක ප්‍රිරව්‍ුහගත ්් ැාැිරයි ිරකකද. හිප ශහා වුශණ් ්ැහැ ිරකමු. ඳැිප ශව්‍කදව්‍්, අව්‍ද්්දව්‍්ත ශශ ව්‍ාදව්‍්, ට ට ශ්ොවික යුතු ශශ වුණදක ිරකකද හිතමු. ත ශ ොට ශාො ක්ා ශව්‍්ශ්? ශශ ශව්‍ච්ච ගා් අපි ණක අ ශග් ශගව්‍්් දාාද්ාක්ව්‍්, ්ැිර ටක් ිරකකද ිරකපු ගා් - ාද දඳ්- අශටි ිරියා ණකව්‍ ලිපිකක් ශකෝ ශය් ිරියා ටක් පිිබග්ශ් ්ැිර ත්,්,ව්‍කක් ඇිර ශව්‍්ව්‍ද. වුරු් ශහෝ LC ක් ඔළුශව්‍් හිටශග් ිරකු්, ළ්, නදතය්ත මූකය ක්‍රාක විිය් පිිබග්ශ් ්ැහැ. අපට ්ඳහද තදව්‍ ඇිර ග්් ඳැිප ශව්‍් ාව්‍ශ්ේ දඳ් වුරු ආණ්ඩු ළ්, ශතල් ්ැව්‍ක්ව්‍්, පිට ස්් ශ ්් ඳැහැ ගන්ථ ශ ්් ඳැහැ ශබ්්, ශහේ්, ශ ්් ඳැහැ අක ලූනු මිිප්ථ පිපටිපු ව්‍ැිර අතයව්‍ ය ාදණ්ඩ ශ ්් ඳැහැ ක්ත්‍ර දාත්‍ර උප ණ ශ ්් ඳැහැ. ශහා වුශණෝ, ඕ්නා ශ ශ්කුට ආණ්ඩු ්් පුළුව්‍් ව්‍ැඩිා දකක ශව්‍්ශ් ජීාද් ශා යි.

ශ තායි ප ා ඇ්,ත. ශ ඇ්,තට ව්‍ඩද ශව්‍් ශාකක් ිරශඳ්ව්‍ද ් ිරක්්. ්ැ්,් ශ පිිබග්්. පිිබග්් ඳැිප ් ශ දකක් ඔක්ශ ෝා අ්තය ව්‍ද",hansard,1.0,1
lk_hansard_2020s,2023-11-17-2023-11-17,2023-11-17,2023-11-17,"Hansard of November 17, 2023",https://www.parliament.lk/en/business-of-parliament/hansards,si-ta-en,https://www.parliament.lk/uploads/documents/hansard/1701515168057680.pdf,2023-11-17-2023-11-17-0085,85,si-ta-en,fe4201dd5fce85987430126b1b914675,2194,"තශ ොට තී්දු ග්,ත අකට උ්දවි තී්දු ්ැශා? අපි උ්දවි තී්දුව්‍කට ගරු ්ව්‍ද. අපි හැාාදා උ්දවි තී්දුව්‍කට ගරු කද ිරශඳ්ව්‍ද ශ්. ාා විපක්ෂශය් ද්්ශ ොට හැා ටා ශරේෂථධදධි ණකට කකද. ්මු්, ශරේෂථධදධි ණක අපි ිරක් ාතක පිිබග්,ශ්, ්ැහැ. ශහා ් ශ ඩද ව්‍ැ තාට ශරේෂථධදධි ණක්, ව්‍ග ිරක්් ඕ්න ශ්. ශාො ා ශරේෂථධදධි ණක ශ් ිරයශය විිරාක පදක් ප්ත ිරකකද ප්තක් ඕ්න ්ැහැ පදක්කක් ඕ්න ්ැහැ ිරාහ්ථ ශව්‍්් දඩ ශා්් ිරකකද. අපි ශප්,්ාක් දිරිපප්, ළදා ිරයශය ්ැහැ ශ් ට ඩද ශ්ොව්‍ැ ත ිරශක්් ් ශ මුාල් පදක්ක ග්් ඕ්න ිරකකද. ශ ශ්ේ ශහෝ ට ඩදශග් ව්‍ැටුණද. ිර්ද ශ ප්‍ර ථ්කට උ්,ත ශහොක්් ් අපි ියකලුශා්ද -පදකලිශ ්තුව්‍- ශ ව්‍ගකීා ාද ග්් ඕ්න.

ගු නිනය ජ‍ කථානායකුර ා (ைொண்புைிகு பிரதிச் சபொநொயகர் அவர்கள்) (The Hon. Deputy Speaker) ගරු ඇාිරතුාිර ඔඳතුාදට කැබී ඇිර දකක අව්‍්්. ගු නදාර්ය) බ් ෂ්ල ගුතවර්නන හරා (ைொண்புைிகு (கலொநிதி) பந்துல குணவர்தன) (The Hon. (Dr.) Bandula Gunawardana) ාා තව්‍ වි්දඩිකිර් ාශ ාදව්‍ දව්‍ ්ව්‍ද ගරු ිරශකෝනය ාද්දක තුාිර.","තශ ොට තී්දු ග්,ත අකට උ්දවි තී්දු ්ැශා? අපි උ්දවි තී්දුව්‍කට ගරු ්ව්‍ද. අපි හැාාදා උ්දවි තී්දුව්‍කට ගරු කද ිරශඳ්ව්‍ද ශ්. ාා විපක්ෂශය් ද්්ශ ොට හැා ටා ශරේෂථධදධි ණකට කකද. ්මු්, ශරේෂථධදධි ණක අපි ිරක් ාතක පිිබග්,ශ්, ්ැහැ. ශහා ් ශ ඩද ව්‍ැ තාට ශරේෂථධදධි ණක්, ව්‍ග ිරක්් ඕ්න ශ්. ශාො ා ශරේෂථධදධි ණක ශ් ිරයශය විිරාක පදක් ප්ත ිරකකද ප්තක් ඕ්න ්ැහැ පදක්කක් ඕ්න ්ැහැ ිරාහ්ථ ශව්‍්් දඩ ශා්් ිරකකද. අපි ශප්,්ාක් දිරිපප්, ළදා ිරයශය ්ැහැ ශ් ට ඩද ශ්ොව්‍ැ ත ිරශක්් ් ශ මුාල් පදක්ක ග්් ඕ්න ිරකකද. ශ ශ්ේ ශහෝ ට ඩදශග් ව්‍ැටුණද. ිර්ද ශ ප්‍ර ථ්කට උ්,ත ශහොක්් ් අපි ියකලුශා්ද -පදකලිශ ්තුව්‍- ශ ව්‍ගකීා ාද ග්් ඕ්න.

ගු නිනය ජ‍ කථානායකුර ා (ைொண்புைிகு பிரதிச் சபொநொயகர் அவர்கள்) (The Hon. Deputy Speaker) ගරු ඇාිරතුාිර ඔඳතුාදට කැබී ඇිර දකක අව්‍්්. ගු නදාර්ය) බ් ෂ්ල ගුතවර්නන හරා (ைொண்புைிகு (கலொநிதி) பந்துல குணவர்தன) (The Hon. (Dr.) Bandula Gunawardana) ාා තව්‍ වි්දඩිකිර් ාශ ාදව්‍ දව්‍ ්ව්‍ද ගරු ිරශකෝනය ාද්දක තුාිර.","තශ ොට තී්දු ග්,ත අකට උ්දවි තී්දු ්ැශා? අපි උ්දවි තී්දුව්‍කට ගරු ්ව්‍ද. අපි හැාාදා උ්දවි තී්දුව්‍කට ග",2023-11-17,2023-11-17-2023-11-17,"තශ ොට තී්දු ග්,ත අකට උ්දවි තී්දු ්ැශා? අපි උ්දවි තී්දුව්‍කට ගරු ්ව්‍ද. අපි හැාාදා උ්දවි තී්දුව්‍කට ගරු කද ිරශඳ්ව්‍ද ශ්. ාා විපක්ෂශය් ද්්ශ ොට හැා ටා ශරේෂථධදධි ණකට කකද. ්මු්, ශරේෂථධදධි ණක අපි ිරක් ාතක පිිබග්,ශ්, ්ැහැ. ශහා ් ශ ඩද ව්‍ැ තාට ශරේෂථධදධි ණක්, ව්‍ග ිරක්් ඕ්න ශ්. ශාො ා ශරේෂථධදධි ණක ශ් ිරයශය විිරාක පදක් ප්ත ිරකකද ප්තක් ඕ්න ්ැහැ පදක්කක් ඕ්න ්ැහැ ිරාහ්ථ ශව්‍්් දඩ ශා්් ිරකකද. අපි ශප්,්ාක් දිරිපප්, ළදා ිරයශය ්ැහැ ශ් ට ඩද ශ්ොව්‍ැ ත ිරශක්් ් ශ මුාල් පදක්ක ග්් ඕ්න ිරකකද. ශ ශ්ේ ශහෝ ට ඩදශග් ව්‍ැටුණද. ිර්ද ශ ප්‍ර ථ්කට උ්,ත ශහොක්් ් අපි ියකලුශා්ද -පදකලිශ ්තුව්‍- ශ ව්‍ගකීා ාද ග්් ඕ්න.

ගු නිනය ජ‍ කථානායකුර ා (ைொண்புைிகு பிரதிச் சபொநொயகர் அவர்கள்) (The Hon. Deputy Speaker) ගරු ඇාිරතුාිර ඔඳතුාදට කැබී ඇිර දකක අව්‍්්. ගු නදාර්ය) බ් ෂ්ල ගුතවර්නන හරා (ைொண்புைிகு (கலொநிதி) பந்துல குணவர்தன) (The Hon. (Dr.) Bandula Gunawardana) ාා තව්‍ වි්දඩිකිර් ාශ ාදව්‍ දව්‍ ්ව්‍ද ගරු ිරශකෝනය ාද්දක තුාිර.",hansard,1.0,1
lk_hansard_2020s,2023-11-17-2023-11-17,2023-11-17,2023-11-17,"Hansard of November 17, 2023",https://www.parliament.lk/en/business-of-parliament/hansards,si-ta-en,https://www.parliament.lk/uploads/documents/hansard/1701515168057680.pdf,2023-11-17-2023-11-17-0086,86,si-ta-en,4081b7c6e6ae9b4fe6f2e14038962e23,4487,"ගු නිනය ජ‍ කථානායකුර ා (ைொண்புைிகு பிரதிச் சபொநொயகர் அவர்கள்) (The Hon. Deputy Speaker) ගරු ඇාිරතුාිර ඔඳතුාදට කැබී ඇිර දකක අව්‍්්. ගු නදාර්ය) බ් ෂ්ල ගුතවර්නන හරා (ைொண்புைிகு (கலொநிதி) பந்துல குணவர்தன) (The Hon. (Dr.) Bandula Gunawardana) ාා තව්‍ වි්දඩිකිර් ාශ ාදව්‍ දව්‍ ්ව්‍ද ගරු ිරශකෝනය ාද්දක තුාිර.

ාා ශහොිම්ා ා්්ද ද ණකක් ිරක්් . සීිර ආ්ක් ඳශා රුපිකල් 50 ියට ත 25 ාක්ව්‍ද අඩු ිරීම ශ දී න්දධිපිරතුාද අ්ිරා අ් ණ වූ ඳව්‍ වුරුව්‍්, ා්ශ් ්ැහැ. ශාො ා ටයු්,ත ්් ිරක්ශ ොට්, න්දධිපිරතුාද අහකද ිරශඳ්ව්‍ද ශ ් ශාො ක්ා ඇිර ව්‍් ප්‍රිරඵකක සීිර මික අඩු ්් ිරකකද වුරුව්‍්, උශශඝෝෂණක ්ශ් ්ැහැ ශ් ිරකකද. තශ ොට අාදළ පදක ථව්‍ උපශා්ක් දීකද ිරශඳ්ව්‍ද සීිර ආ්ක් ඳශා අඩු ළදා හට ශ ෝටිපශය් ඳිර්ථ ශගඩිශය් ගල් ඳිර්ථ ිරඹුකද ඳිර්ථ ඇතුළු ියකලු ාදණ්ඩව්‍ක මික අඩු ව්‍්ව්‍ද ිරකකද.

දිර් න්දධිපිරතුාද ට අව්‍් දු්්ද. ට ශගෝධදාක දනපක්ෂ ාහ්,ාකද හිශක ක්් ඕ්නා? ශ ව්‍ද ශ ශ ් ක්‍රාක පිිබඳඳව්‍ අව්‍ශඳෝධ්‍කක් ්ැිරව්‍ ශ් ව්‍ද ිරක්ශ්. ාා යශය්-ශපශකාද්, ශ ශශව්‍ල් ිරයව්‍ද. ැබි්ට් ඇාිරව්‍ ශකක් හැස්කට ාා උ්,්දහ ්ව්‍ද විදුලි ඳ්ථ ා 200ක් පද ට ාද්් අඩු ත මි් ticket e-ticketing ක්‍රාකට ශා්් ඳ්ථ ට ශ ෝච්චිකට electronic-ticketing ක්‍රාකක් ශ ්්.

ශකෝ ශය් ශගොඩක් ටව්‍ල් -ද්ිරකදව්‍ පදිර්ථතද්ක ඳා කදශශ ක ව්‍දශ ටව්‍ල්- මුාල් ාදවිතශක් ශතො ්ාදනකක් ද කශිර අපි ශහා ග්් ශ ොච්ච උ්,්දහ ළ්, අපට තැ්ට ක්් ඳැහැ. ශාො ා ව්‍ද ්් අව්‍් ග්් අ මිටුව්‍ක ශ මිටුව්‍ක ිරකශශ ්ශ ොට අ ථව්‍කද කහිල්කද දව්‍ යි. ශ තායි ආණ්ඩු ් ඕ්නා ශ ශ්කු පිිබගත යුතු

839 840

පදකලිශ ්තුව්‍

්තයක. ශශ පදක් ව්‍ ශක් අපට ශශව්‍ල් ිරක්් පුළුව්‍්. ්මු්, ව්‍ැටුටි ව්‍ැඩි කද ක ිරිය දිරිප ගා්කු්, ශප්ව්‍පු ිරල් වික්‍රාියාහ ාැිරතුාද ිරාහිය් පජීව්‍ ඳාශ ොශකෝ, ට අක ව්‍ැක ශල්ඛ්කක් දිරිපප්, ළ පළමුව්‍ැිර ානු්ථ්කද ශක් තායි දිරහද්ගත ශව්‍්ශ්.

ගරු ිරශකෝනය ාද්දක තුාිර ාා පු දණ න් විකක් ිරක්් .

""ව්‍ශ් කිකඳද ක දුටුශව්‍ෝ, ව්‍්්ද ක ිබශඳේ පණිාද ක ව්‍ැටුශණෝ, ඌ ද ක අතිර් ව්‍ැකිර අතිර් ාඬු ඳනක ා ණ තු්ක් ඇිර මිිරශ්ක් පැණි න ක","ගු නිනය ජ‍ කථානායකුර ා (ைொண்புைிகு பிரதிச் சபொநொயகர் அவர்கள்) (The Hon. Deputy Speaker) ගරු ඇාිරතුාිර ඔඳතුාදට කැබී ඇිර දකක අව්‍්්. ගු නදාර්ය) බ් ෂ්ල ගුතවර්නන හරා (ைொண்புைிகு (கலொநிதி) பந்துல குணவர்தன) (The Hon. (Dr.) Bandula Gunawardana) ාා තව්‍ වි්දඩිකිර් ාශ ාදව්‍ දව්‍ ්ව්‍ද ගරු ිරශකෝනය ාද්දක තුාිර.

ාා ශහොිම්ා ා්්ද ද ණකක් ිරක්් . සීිර ආ්ක් ඳශා රුපිකල් 50 ියට ත 25 ාක්ව්‍ද අඩු ිරීම ශ දී න්දධිපිරතුාද අ්ිරා අ් ණ වූ ඳව්‍ වුරුව්‍්, ා්ශ් ්ැහැ. ශාො ා ටයු්,ත ්් ිරක්ශ ොට්, න්දධිපිරතුාද අහකද ිරශඳ්ව්‍ද ශ ් ශාො ක්ා ඇිර ව්‍් ප්‍රිරඵකක සීිර මික අඩු ්් ිරකකද වුරුව්‍්, උශශඝෝෂණක ්ශ් ්ැහැ ශ් ිරකකද. තශ ොට අාදළ පදක ථව්‍ උපශා්ක් දීකද ිරශඳ්ව්‍ද සීිර ආ්ක් ඳශා අඩු ළදා හට ශ ෝටිපශය් ඳිර්ථ ශගඩිශය් ගල් ඳිර්ථ ිරඹුකද ඳිර්ථ ඇතුළු ියකලු ාදණ්ඩව්‍ක මික අඩු ව්‍්ව්‍ද ිරකකද.

දිර් න්දධිපිරතුාද ට අව්‍් දු්්ද. ට ශගෝධදාක දනපක්ෂ ාහ්,ාකද හිශක ක්් ඕ්නා? ශ ව්‍ද ශ ශ ් ක්‍රාක පිිබඳඳව්‍ අව්‍ශඳෝධ්‍කක් ්ැිරව්‍ ශ් ව්‍ද ිරක්ශ්. ාා යශය්-ශපශකාද්, ශ ශශව්‍ල් ිරයව්‍ද. ැබි්ට් ඇාිරව්‍ ශකක් හැස්කට ාා උ්,්දහ ්ව්‍ද විදුලි ඳ්ථ ා 200ක් පද ට ාද්් අඩු ත මි් ticket e-ticketing ක්‍රාකට ශා්් ඳ්ථ ට ශ ෝච්චිකට electronic-ticketing ක්‍රාකක් ශ ්්.

ශකෝ ශය් ශගොඩක් ටව්‍ල් -ද්ිරකදව්‍ පදිර්ථතද්ක ඳා කදශශ ක ව්‍දශ ටව්‍ල්- මුාල් ාදවිතශක් ශතො ්ාදනකක් ද කශිර අපි ශහා ග්් ශ ොච්ච උ්,්දහ ළ්, අපට තැ්ට ක්් ඳැහැ. ශාො ා ව්‍ද ්් අව්‍් ග්් අ මිටුව්‍ක ශ මිටුව්‍ක ිරකශශ ්ශ ොට අ ථව්‍කද කහිල්කද දව්‍ යි. ශ තායි ආණ්ඩු ් ඕ්නා ශ ශ්කු පිිබගත යුතු

839 840

පදකලිශ ්තුව්‍

්තයක. ශශ පදක් ව්‍ ශක් අපට ශශව්‍ල් ිරක්් පුළුව්‍්. ්මු්, ව්‍ැටුටි ව්‍ැඩි කද ක ිරිය දිරිප ගා්කු්, ශප්ව්‍පු ිරල් වික්‍රාියාහ ාැිරතුාද ිරාහිය් පජීව්‍ ඳාශ ොශකෝ, ට අක ව්‍ැක ශල්ඛ්කක් දිරිපප්, ළ පළමුව්‍ැිර ානු්ථ්කද ශක් තායි දිරහද්ගත ශව්‍්ශ්.

ගරු ිරශකෝනය ාද්දක තුාිර ාා පු දණ න් විකක් ිරක්් .

""ව්‍ශ් කිකඳද ක දුටුශව්‍ෝ, ව්‍්්ද ක ිබශඳේ පණිාද ක ව්‍ැටුශණෝ, ඌ ද ක අතිර් ව්‍ැකිර අතිර් ාඬු ඳනක ා ණ තු්ක් ඇිර මිිරශ්ක් පැණි න ක",ගු නිනය ජ‍ කථානායකුර ා (ைொண்புைிகு பிரதிச் சபொநொயகர் அவர்கள்) (The Hon. Deputy Speaker) ගරු ඇාිරත,2023-11-17,2023-11-17-2023-11-17,"ගු නිනය ජ‍ කථානායකුර ා (ைொண்புைிகு பிரதிச் சபொநொயகர் அவர்கள்) (The Hon. Deputy Speaker) ගරු ඇාිරතුාිර ඔඳතුාදට කැබී ඇිර දකක අව්‍්්. ගු නදාර්ය) බ් ෂ්ල ගුතවර්නන හරා (ைொண்புைிகு (கலொநிதி) பந்துல குணவர்தன) (The Hon. (Dr.) Bandula Gunawardana) ාා තව්‍ වි්දඩිකිර් ාශ ාදව්‍ දව්‍ ්ව්‍ද ගරු ිරශකෝනය ාද්දක තුාිර.

ාා ශහොිම්ා ා්්ද ද ණකක් ිරක්් . සීිර ආ්ක් ඳශා රුපිකල් 50 ියට ත 25 ාක්ව්‍ද අඩු ිරීම ශ දී න්දධිපිරතුාද අ්ිරා අ් ණ වූ ඳව්‍ වුරුව්‍්, ා්ශ් ්ැහැ. ශාො ා ටයු්,ත ්් ිරක්ශ ොට්, න්දධිපිරතුාද අහකද ිරශඳ්ව්‍ද ශ ් ශාො ක්ා ඇිර ව්‍් ප්‍රිරඵකක සීිර මික අඩු ්් ිරකකද වුරුව්‍්, උශශඝෝෂණක ්ශ් ්ැහැ ශ් ිරකකද. තශ ොට අාදළ පදක ථව්‍ උපශා්ක් දීකද ිරශඳ්ව්‍ද සීිර ආ්ක් ඳශා අඩු ළදා හට ශ ෝටිපශය් ඳිර්ථ ශගඩිශය් ගල් ඳිර්ථ ිරඹුකද ඳිර්ථ ඇතුළු ියකලු ාදණ්ඩව්‍ක මික අඩු ව්‍්ව්‍ද ිරකකද.

දිර් න්දධිපිරතුාද ට අව්‍් දු්්ද. ට ශගෝධදාක දනපක්ෂ ාහ්,ාකද හිශක ක්් ඕ්නා? ශ ව්‍ද ශ ශ ් ක්‍රාක පිිබඳඳව්‍ අව්‍ශඳෝධ්‍කක් ්ැිරව්‍ ශ් ව්‍ද ිරක්ශ්. ාා යශය්-ශපශකාද්, ශ ශශව්‍ල් ිරයව්‍ද. ැබි්ට් ඇාිරව්‍ ශකක් හැස්කට ාා උ්,්දහ ්ව්‍ද විදුලි ඳ්ථ ා 200ක් පද ට ාද්් අඩු ත මි් ticket e-ticketing ක්‍රාකට ශා්් ඳ්ථ ට ශ ෝච්චිකට electronic-ticketing ක්‍රාකක් ශ ්්.

ශකෝ ශය් ශගොඩක් ටව්‍ල් -ද්ිරකදව්‍ පදිර්ථතද්ක ඳා කදශශ ක ව්‍දශ ටව්‍ල්- මුාල් ාදවිතශක් ශතො ්ාදනකක් ද කශිර අපි ශහා ග්් ශ ොච්ච උ්,්දහ ළ්, අපට තැ්ට ක්් ඳැහැ. ශාො ා ව්‍ද ්් අව්‍් ග්් අ මිටුව්‍ක ශ මිටුව්‍ක ිරකශශ ්ශ ොට අ ථව්‍කද කහිල්කද දව්‍ යි. ශ තායි ආණ්ඩු ් ඕ්නා ශ ශ්කු පිිබගත යුතු

839 840

පදකලිශ ්තුව්‍

්තයක. ශශ පදක් ව්‍ ශක් අපට ශශව්‍ල් ිරක්් පුළුව්‍්. ්මු්, ව්‍ැටුටි ව්‍ැඩි කද ක ිරිය දිරිප ගා්කු්, ශප්ව්‍පු ිරල් වික්‍රාියාහ ාැිරතුාද ිරාහිය් පජීව්‍ ඳාශ ොශකෝ, ට අක ව්‍ැක ශල්ඛ්කක් දිරිපප්, ළ පළමුව්‍ැිර ානු්ථ්කද ශක් තායි දිරහද්ගත ශව්‍්ශ්.

ගරු ිරශකෝනය ාද්දක තුාිර ාා පු දණ න් විකක් ිරක්් .

""ව්‍ශ් කිකඳද ක දුටුශව්‍ෝ, ව්‍්්ද ක ිබශඳේ පණිාද ක ව්‍ැටුශණෝ, ඌ ද ක අතිර් ව්‍ැකිර අතිර් ාඬු ඳනක ා ණ තු්ක් ඇිර මිිරශ්ක් පැණි න ක",hansard,1.0,1
lk_hansard_2020s,2023-11-17-2023-11-17,2023-11-17,2023-11-17,"Hansard of November 17, 2023",https://www.parliament.lk/en/business-of-parliament/hansards,si-ta-en,https://www.parliament.lk/uploads/documents/hansard/1701515168057680.pdf,2023-11-17-2023-11-17-0087,87,si-ta-en,a3ed3b729443d243be1a8562e6900c43,4661,"්තයක. ශශ පදක් ව්‍ ශක් අපට ශශව්‍ල් ිරක්් පුළුව්‍්. ්මු්, ව්‍ැටුටි ව්‍ැඩි කද ක ිරිය දිරිප ගා්කු්, ශප්ව්‍පු ිරල් වික්‍රාියාහ ාැිරතුාද ිරාහිය් පජීව්‍ ඳාශ ොශකෝ, ට අක ව්‍ැක ශල්ඛ්කක් දිරිපප්, ළ පළමුව්‍ැිර ානු්ථ්කද ශක් තායි දිරහද්ගත ශව්‍්ශ්.

ගරු ිරශකෝනය ාද්දක තුාිර ාා පු දණ න් විකක් ිරක්් .

""ව්‍ශ් කිකඳද ක දුටුශව්‍ෝ, ව්‍්්ද ක ිබශඳේ පණිාද ක ව්‍ැටුශණෝ, ඌ ද ක අතිර් ව්‍ැකිර අතිර් ාඬු ඳනක ා ණ තු්ක් ඇිර මිිරශ්ක් පැණි න ක

ගු නදාර්ය) හර්ක ද සිල්වා හරා (ைொண்புைிகு (கலொநிதி) ஹர்ஷ த சில்வொ) (The Hon. (Dr.) Harsha de Silva) ගරු ිරශකෝනය ාද්දක තුාිර Central Bank Governor ව්‍ ශක් හිටපු ද්ද්‍රික්, කුාද ්ථව්‍දමි ාහ්,ාකද ගැ් ශ ගරු ්ාදශයදී ශ්ොශකකු්, ශචෝා්ද ශග්දව්‍ද. ්මු්, තුාද ශ ගරු ්ාදශය ද්් ශ ශ්ක් ශ්ොශව්‍යි ශ්. ිර්ද ාට වි්දඩිකක් ශා්් ගැ් පැහැිරලි ්්.

ගු නිනය ජ‍ කථානායකුර ා (ைொண்புைிகு பிரதிச் சபொநொயகர் அவர்கள்) (The Hon. Deputy Speaker) ශ ස්ශක් ිරක්් ගරු ා්ත්‍රීතුාද. ගු නදාර්ය) හර්ක ද සිල්වා හරා (ைொண்புைிகு (கலொநிதி) ஹர்ஷ த சில்வொ) (The Hon. (Dr.) Harsha de Silva) ශාතැ් ාැ් ාතකක් ශගිරක්ව්‍ද තුාදශ දකශය් ඇශාිප දනු ශඩොකක බිලික් 1]ක් ණක ග්,තද ිරකකද. ඇ්,තව්‍ ශක්ා ශාො ක්ා වුශණ් ිරකකද ාා පැහැිරලි ්් . 2015 ආණ්ඩුව්‍ ්ශ ොට ්ාචිත ිරබුණද ඇශාිප දනු ශඩොකක බිලික් 8.2ක්. ශ ඇශාිප දනු ශඩොකක බිලික් 8.2 ඇතුශළේ ිරබුණද swap ිරක් ව්‍ද. අපි ා්්ව්‍ද swap ිරක්ශ් ශාෝව්‍දා ිරකකද. ාද් තු්ට ග්,ත ණක. ව්‍ද ිරබුණද roughly, ඇශාිප දනු ශඩොකක බිලික් 2.5ක්. යළ ට ශ ස්

දලී් hot money ිරකකද ව්‍කගකක් ිරශඳ්ව්‍ද. ශාෝව්‍දා? තායි foreignersකද ශඩොකක ශග්ැල්කද ව්‍ද රුපිකල්ව්‍කට ාදරු කද ව්‍ද ආශකෝන්ක ්ව්‍ද Treasury Bonds and Treasury Billsව්‍ක. යට ප්ථශ්ේ ඕ්න ශව්‍කදව්‍ ව්‍ද ්ැව්‍ත අ ශග් ක්් පුළුව්‍්. hot money ඇශාිප දනු ශඩොකක බිලික් ].5ක් ිරබුණද. ඔක ශා තු ළදා ඇශාිප දනු ශඩොකක බිලික් 5ක් ශව්‍්ව්‍ද. ද්ද්‍රික්, කුාද ්ථව්‍දමි ාහ ඳැාකු අධිපිරව්‍ කද ශළේ ශ ශ ස් දලී් ්ාචිත ිරගු දලී් ්ාචිතව්‍කට පිපව්‍කත්ක ිරීමා. තැ්දී තුාද ශඩොකක බිලික් 5ක් ISBs හැස්කට ග්,තද. යළ ට ලි් නකව්‍ල් අ ශග් ිරබුණු ණක ශගව්‍්් 2015-2019 දකශය් ශඩොකක බිලික් 5ක් කකද. ශ ් ශඩොකක බිලික් 1.5ක්ා ISBs ශා ක් [ඳදධ්‍ද ිරීමාක්]","්තයක. ශශ පදක් ව්‍ ශක් අපට ශශව්‍ල් ිරක්් පුළුව්‍්. ්මු්, ව්‍ැටුටි ව්‍ැඩි කද ක ිරිය දිරිප ගා්කු්, ශප්ව්‍පු ිරල් වික්‍රාියාහ ාැිරතුාද ිරාහිය් පජීව්‍ ඳාශ ොශකෝ, ට අක ව්‍ැක ශල්ඛ්කක් දිරිපප්, ළ පළමුව්‍ැිර ානු්ථ්කද ශක් තායි දිරහද්ගත ශව්‍්ශ්.

ගරු ිරශකෝනය ාද්දක තුාිර ාා පු දණ න් විකක් ිරක්් .

""ව්‍ශ් කිකඳද ක දුටුශව්‍ෝ, ව්‍්්ද ක ිබශඳේ පණිාද ක ව්‍ැටුශණෝ, ඌ ද ක අතිර් ව්‍ැකිර අතිර් ාඬු ඳනක ා ණ තු්ක් ඇිර මිිරශ්ක් පැණි න ක

ගු නදාර්ය) හර්ක ද සිල්වා හරා (ைொண்புைிகு (கலொநிதி) ஹர்ஷ த சில்வொ) (The Hon. (Dr.) Harsha de Silva) ගරු ිරශකෝනය ාද්දක තුාිර Central Bank Governor ව්‍ ශක් හිටපු ද්ද්‍රික්, කුාද ්ථව්‍දමි ාහ්,ාකද ගැ් ශ ගරු ්ාදශයදී ශ්ොශකකු්, ශචෝා්ද ශග්දව්‍ද. ්මු්, තුාද ශ ගරු ්ාදශය ද්් ශ ශ්ක් ශ්ොශව්‍යි ශ්. ිර්ද ාට වි්දඩිකක් ශා්් ගැ් පැහැිරලි ්්.

ගු නිනය ජ‍ කථානායකුර ා (ைொண்புைிகு பிரதிச் சபொநொயகர் அவர்கள்) (The Hon. Deputy Speaker) ශ ස්ශක් ිරක්් ගරු ා්ත්‍රීතුාද. ගු නදාර්ය) හර්ක ද සිල්වා හරා (ைொண்புைிகு (கலொநிதி) ஹர்ஷ த சில்வொ) (The Hon. (Dr.) Harsha de Silva) ශාතැ් ාැ් ාතකක් ශගිරක්ව්‍ද තුාදශ දකශය් ඇශාිප දනු ශඩොකක බිලික් 1]ක් ණක ග්,තද ිරකකද. ඇ්,තව්‍ ශක්ා ශාො ක්ා වුශණ් ිරකකද ාා පැහැිරලි ්් . 2015 ආණ්ඩුව්‍ ්ශ ොට ්ාචිත ිරබුණද ඇශාිප දනු ශඩොකක බිලික් 8.2ක්. ශ ඇශාිප දනු ශඩොකක බිලික් 8.2 ඇතුශළේ ිරබුණද swap ිරක් ව්‍ද. අපි ා්්ව්‍ද swap ිරක්ශ් ශාෝව්‍දා ිරකකද. ාද් තු්ට ග්,ත ණක. ව්‍ද ිරබුණද roughly, ඇශාිප දනු ශඩොකක බිලික් 2.5ක්. යළ ට ශ ස්

දලී් hot money ිරකකද ව්‍කගකක් ිරශඳ්ව්‍ද. ශාෝව්‍දා? තායි foreignersකද ශඩොකක ශග්ැල්කද ව්‍ද රුපිකල්ව්‍කට ාදරු කද ව්‍ද ආශකෝන්ක ්ව්‍ද Treasury Bonds and Treasury Billsව්‍ක. යට ප්ථශ්ේ ඕ්න ශව්‍කදව්‍ ව්‍ද ්ැව්‍ත අ ශග් ක්් පුළුව්‍්. hot money ඇශාිප දනු ශඩොකක බිලික් ].5ක් ිරබුණද. ඔක ශා තු ළදා ඇශාිප දනු ශඩොකක බිලික් 5ක් ශව්‍්ව්‍ද. ද්ද්‍රික්, කුාද ්ථව්‍දමි ාහ ඳැාකු අධිපිරව්‍ කද ශළේ ශ ශ ස් දලී් ්ාචිත ිරගු දලී් ්ාචිතව්‍කට පිපව්‍කත්ක ිරීමා. තැ්දී තුාද ශඩොකක බිලික් 5ක් ISBs හැස්කට ග්,තද. යළ ට ලි් නකව්‍ල් අ ශග් ිරබුණු ණක ශගව්‍්් 2015-2019 දකශය් ශඩොකක බිලික් 5ක් කකද. ශ ් ශඩොකක බිලික් 1.5ක්ා ISBs ශා ක් [ඳදධ්‍ද ිරීමාක්]","්තයක. ශශ පදක් ව්‍ ශක් අපට ශශව්‍ල් ිරක්් පුළුව්‍්. ්මු්, ව්‍ැටුටි ව්‍ැඩි කද ක ිරිය දිරිප ගා්කු්, ශප්ව",2023-11-17,2023-11-17-2023-11-17,"්තයක. ශශ පදක් ව්‍ ශක් අපට ශශව්‍ල් ිරක්් පුළුව්‍්. ්මු්, ව්‍ැටුටි ව්‍ැඩි කද ක ිරිය දිරිප ගා්කු්, ශප්ව්‍පු ිරල් වික්‍රාියාහ ාැිරතුාද ිරාහිය් පජීව්‍ ඳාශ ොශකෝ, ට අක ව්‍ැක ශල්ඛ්කක් දිරිපප්, ළ පළමුව්‍ැිර ානු්ථ්කද ශක් තායි දිරහද්ගත ශව්‍්ශ්.

ගරු ිරශකෝනය ාද්දක තුාිර ාා පු දණ න් විකක් ිරක්් .

""ව්‍ශ් කිකඳද ක දුටුශව්‍ෝ, ව්‍්්ද ක ිබශඳේ පණිාද ක ව්‍ැටුශණෝ, ඌ ද ක අතිර් ව්‍ැකිර අතිර් ාඬු ඳනක ා ණ තු්ක් ඇිර මිිරශ්ක් පැණි න ක

ගු නදාර්ය) හර්ක ද සිල්වා හරා (ைொண்புைிகு (கலொநிதி) ஹர்ஷ த சில்வொ) (The Hon. (Dr.) Harsha de Silva) ගරු ිරශකෝනය ාද්දක තුාිර Central Bank Governor ව්‍ ශක් හිටපු ද්ද්‍රික්, කුාද ්ථව්‍දමි ාහ්,ාකද ගැ් ශ ගරු ්ාදශයදී ශ්ොශකකු්, ශචෝා්ද ශග්දව්‍ද. ්මු්, තුාද ශ ගරු ්ාදශය ද්් ශ ශ්ක් ශ්ොශව්‍යි ශ්. ිර්ද ාට වි්දඩිකක් ශා්් ගැ් පැහැිරලි ්්.

ගු නිනය ජ‍ කථානායකුර ා (ைொண்புைிகு பிரதிச் சபொநொயகர் அவர்கள்) (The Hon. Deputy Speaker) ශ ස්ශක් ිරක්් ගරු ා්ත්‍රීතුාද. ගු නදාර්ය) හර්ක ද සිල්වා හරා (ைொண்புைிகு (கலொநிதி) ஹர்ஷ த சில்வொ) (The Hon. (Dr.) Harsha de Silva) ශාතැ් ාැ් ාතකක් ශගිරක්ව්‍ද තුාදශ දකශය් ඇශාිප දනු ශඩොකක බිලික් 1]ක් ණක ග්,තද ිරකකද. ඇ්,තව්‍ ශක්ා ශාො ක්ා වුශණ් ිරකකද ාා පැහැිරලි ්් . 2015 ආණ්ඩුව්‍ ්ශ ොට ්ාචිත ිරබුණද ඇශාිප දනු ශඩොකක බිලික් 8.2ක්. ශ ඇශාිප දනු ශඩොකක බිලික් 8.2 ඇතුශළේ ිරබුණද swap ිරක් ව්‍ද. අපි ා්්ව්‍ද swap ිරක්ශ් ශාෝව්‍දා ිරකකද. ාද් තු්ට ග්,ත ණක. ව්‍ද ිරබුණද roughly, ඇශාිප දනු ශඩොකක බිලික් 2.5ක්. යළ ට ශ ස්

දලී් hot money ිරකකද ව්‍කගකක් ිරශඳ්ව්‍ද. ශාෝව්‍දා? තායි foreignersකද ශඩොකක ශග්ැල්කද ව්‍ද රුපිකල්ව්‍කට ාදරු කද ව්‍ද ආශකෝන්ක ්ව්‍ද Treasury Bonds and Treasury Billsව්‍ක. යට ප්ථශ්ේ ඕ්න ශව්‍කදව්‍ ව්‍ද ්ැව්‍ත අ ශග් ක්් පුළුව්‍්. hot money ඇශාිප දනු ශඩොකක බිලික් ].5ක් ිරබුණද. ඔක ශා තු ළදා ඇශාිප දනු ශඩොකක බිලික් 5ක් ශව්‍්ව්‍ද. ද්ද්‍රික්, කුාද ්ථව්‍දමි ාහ ඳැාකු අධිපිරව්‍ කද ශළේ ශ ශ ස් දලී් ්ාචිත ිරගු දලී් ්ාචිතව්‍කට පිපව්‍කත්ක ිරීමා. තැ්දී තුාද ශඩොකක බිලික් 5ක් ISBs හැස්කට ග්,තද. යළ ට ලි් නකව්‍ල් අ ශග් ිරබුණු ණක ශගව්‍්් 2015-2019 දකශය් ශඩොකක බිලික් 5ක් කකද. ශ ් ශඩොකක බිලික් 1.5ක්ා ISBs ශා ක් [ඳදධ්‍ද ිරීමාක්]",hansard,1.0,1
lk_hansard_2020s,2023-11-17-2023-11-17,2023-11-17,2023-11-17,"Hansard of November 17, 2023",https://www.parliament.lk/en/business-of-parliament/hansards,si-ta-en,https://www.parliament.lk/uploads/documents/hansard/1701515168057680.pdf,2023-11-17-2023-11-17-0088,88,si-ta-en,2e0a4bd7b5f043d4b0b325b1e83054de,4637,"දලී් hot money ිරකකද ව්‍කගකක් ිරශඳ්ව්‍ද. ශාෝව්‍දා? තායි foreignersකද ශඩොකක ශග්ැල්කද ව්‍ද රුපිකල්ව්‍කට ාදරු කද ව්‍ද ආශකෝන්ක ්ව්‍ද Treasury Bonds and Treasury Billsව්‍ක. යට ප්ථශ්ේ ඕ්න ශව්‍කදව්‍ ව්‍ද ්ැව්‍ත අ ශග් ක්් පුළුව්‍්. hot money ඇශාිප දනු ශඩොකක බිලික් ].5ක් ිරබුණද. ඔක ශා තු ළදා ඇශාිප දනු ශඩොකක බිලික් 5ක් ශව්‍්ව්‍ද. ද්ද්‍රික්, කුාද ්ථව්‍දමි ාහ ඳැාකු අධිපිරව්‍ කද ශළේ ශ ශ ස් දලී් ්ාචිත ිරගු දලී් ්ාචිතව්‍කට පිපව්‍කත්ක ිරීමා. තැ්දී තුාද ශඩොකක බිලික් 5ක් ISBs හැස්කට ග්,තද. යළ ට ලි් නකව්‍ල් අ ශග් ිරබුණු ණක ශගව්‍්් 2015-2019 දකශය් ශඩොකක බිලික් 5ක් කකද. ශ ් ශඩොකක බිලික් 1.5ක්ා ISBs ශා ක් [ඳදධ්‍ද ිරීමාක්]

තැ් ශඩොකක බිලික් 10යි. යට ප්ථශ්ේ තුාද ිරයශය ශාො ක්ා? 2019 -2020 ිරක්ශ් ඡ්ා දකකක්. ශාෝව්‍ද ශව්‍යිා ිරකකද ා්ශ් ්ැහැ. ශකෝ ශව්‍ශළඳ ශපොළට ක්් පුළුව්‍් ශව්‍යිා ා්ශ් ්ැහැ. ශාො ා 2018 දී ියදු වුණු ව්‍යව්‍්ථාද විශ ෝධී කුා්ත්‍රණක ිර්ද ශකොකු ගැටලුව්‍ක් ඇිර ශව්‍කද ශ ට ණක ග්් ඳැිප ත්,්,ව්‍ක ට ප්, වුණද. ශව්‍කදශය තුාද ිරයව්‍ද අපි තව්‍ ශඩොකක බිලික් 2.5ක් අ ශග් ිරකමු හිරියක ට ඡ්ාක දී ශාො ක් හිප ප්‍ර ථ්කක් වුශණෝ, ිරකකද. තුාද ාැ්ශග් හිස්ශය් ්ැහැ ශ ොවිඩ් ව්‍්ාගතක ්ව්‍ද ිරකකද. ශහා තායි ශඩොකක බිලික් 1] තු වුශණ්. තශ ොට තුාද ක්ශ ොට ශඩොකක බිලික් 7.8ක් ්ාචිතව්‍ක ිරබුණද. ඳැිප ශව්‍කදව්‍්, තුාද ව්‍ැඩිපු ශඩොකක බිලික් 2.5 අ ශග් ිරබුශණ් ්ැ්,් අශටි ට ඳාශ ොශකෝ, ශව්‍්ශ් ශ ොවිඩ් ව්‍්ාගතක මුකදීායි.

ිර්ද තුාද ්ැිර තැ් - තුාද ශව්‍නුශව්‍් නක ාද ළද ් හිප. නක ාද පු ්ැිර ිර්දයි ාා ාද ්ශ්- තුාදශ ශගෞ ව්‍ක ආ ක්ෂද ්් ඕ්න. ශාො ා අපි වුරු්, ගරු ් පුශග කශකක් තායි ද්ද්‍රික්, කුාද ්ථව්‍දමි ිරක්ශ්. ිර්ද ද්ද්‍රික්, කුාද ්ථව්‍දමි ිරක් පුශගකකදට ශපෞශගලි ව්‍ පහ ගහ්් පද. තුාද ශළේ ට ශව්‍නුශව්‍් ළ යුතු ශාකක්. ච්ච යි.

ගු අනශ් ති අනේසිාංහ හරා (ைொண்புைிகு அமசொக் அமபசிங்க) (The Hon. Ashok Abeysinghe) ගරු ිරශකෝනය ාද්දක තුාිර ාට්, ද ණකක් අහ්් ිරශඳ්ව්‍ද.

ගු නදාර්ය) බ් ෂ්ල ගුතවර්නන හරා (ைொண்புைிகு (கலொநிதி) பந்துல குணவர்தன) (The Hon. (Dr.) Bandula Gunawardana)

නැඟී සිටින ය. எழுந்தொர். rose.

841 842

[ගරු (ආචදකක) ඳ්දුක ගුණව්‍කධ්‍් ාහතද]

202] ශ්ොව්‍ැ ඳක 17","දලී් hot money ිරකකද ව්‍කගකක් ිරශඳ්ව්‍ද. ශාෝව්‍දා? තායි foreignersකද ශඩොකක ශග්ැල්කද ව්‍ද රුපිකල්ව්‍කට ාදරු කද ව්‍ද ආශකෝන්ක ්ව්‍ද Treasury Bonds and Treasury Billsව්‍ක. යට ප්ථශ්ේ ඕ්න ශව්‍කදව්‍ ව්‍ද ්ැව්‍ත අ ශග් ක්් පුළුව්‍්. hot money ඇශාිප දනු ශඩොකක බිලික් ].5ක් ිරබුණද. ඔක ශා තු ළදා ඇශාිප දනු ශඩොකක බිලික් 5ක් ශව්‍්ව්‍ද. ද්ද්‍රික්, කුාද ්ථව්‍දමි ාහ ඳැාකු අධිපිරව්‍ කද ශළේ ශ ශ ස් දලී් ්ාචිත ිරගු දලී් ්ාචිතව්‍කට පිපව්‍කත්ක ිරීමා. තැ්දී තුාද ශඩොකක බිලික් 5ක් ISBs හැස්කට ග්,තද. යළ ට ලි් නකව්‍ල් අ ශග් ිරබුණු ණක ශගව්‍්් 2015-2019 දකශය් ශඩොකක බිලික් 5ක් කකද. ශ ් ශඩොකක බිලික් 1.5ක්ා ISBs ශා ක් [ඳදධ්‍ද ිරීමාක්]

තැ් ශඩොකක බිලික් 10යි. යට ප්ථශ්ේ තුාද ිරයශය ශාො ක්ා? 2019 -2020 ිරක්ශ් ඡ්ා දකකක්. ශාෝව්‍ද ශව්‍යිා ිරකකද ා්ශ් ්ැහැ. ශකෝ ශව්‍ශළඳ ශපොළට ක්් පුළුව්‍් ශව්‍යිා ා්ශ් ්ැහැ. ශාො ා 2018 දී ියදු වුණු ව්‍යව්‍්ථාද විශ ෝධී කුා්ත්‍රණක ිර්ද ශකොකු ගැටලුව්‍ක් ඇිර ශව්‍කද ශ ට ණක ග්් ඳැිප ත්,්,ව්‍ක ට ප්, වුණද. ශව්‍කදශය තුාද ිරයව්‍ද අපි තව්‍ ශඩොකක බිලික් 2.5ක් අ ශග් ිරකමු හිරියක ට ඡ්ාක දී ශාො ක් හිප ප්‍ර ථ්කක් වුශණෝ, ිරකකද. තුාද ාැ්ශග් හිස්ශය් ්ැහැ ශ ොවිඩ් ව්‍්ාගතක ්ව්‍ද ිරකකද. ශහා තායි ශඩොකක බිලික් 1] තු වුශණ්. තශ ොට තුාද ක්ශ ොට ශඩොකක බිලික් 7.8ක් ්ාචිතව්‍ක ිරබුණද. ඳැිප ශව්‍කදව්‍්, තුාද ව්‍ැඩිපු ශඩොකක බිලික් 2.5 අ ශග් ිරබුශණ් ්ැ්,් අශටි ට ඳාශ ොශකෝ, ශව්‍්ශ් ශ ොවිඩ් ව්‍්ාගතක මුකදීායි.

ිර්ද තුාද ්ැිර තැ් - තුාද ශව්‍නුශව්‍් නක ාද ළද ් හිප. නක ාද පු ්ැිර ිර්දයි ාා ාද ්ශ්- තුාදශ ශගෞ ව්‍ක ආ ක්ෂද ්් ඕ්න. ශාො ා අපි වුරු්, ගරු ් පුශග කශකක් තායි ද්ද්‍රික්, කුාද ්ථව්‍දමි ිරක්ශ්. ිර්ද ද්ද්‍රික්, කුාද ්ථව්‍දමි ිරක් පුශගකකදට ශපෞශගලි ව්‍ පහ ගහ්් පද. තුාද ශළේ ට ශව්‍නුශව්‍් ළ යුතු ශාකක්. ච්ච යි.

ගු අනශ් ති අනේසිාංහ හරා (ைொண்புைிகு அமசொக் அமபசிங்க) (The Hon. Ashok Abeysinghe) ගරු ිරශකෝනය ාද්දක තුාිර ාට්, ද ණකක් අහ්් ිරශඳ්ව්‍ද.

ගු නදාර්ය) බ් ෂ්ල ගුතවර්නන හරා (ைொண்புைிகு (கலொநிதி) பந்துல குணவர்தன) (The Hon. (Dr.) Bandula Gunawardana)

නැඟී සිටින ය. எழுந்தொர். rose.

841 842

[ගරු (ආචදකක) ඳ්දුක ගුණව්‍කධ්‍් ාහතද]

202] ශ්ොව්‍ැ ඳක 17",දලී් hot money ිරකකද ව්‍කගකක් ිරශඳ්ව්‍ද. ශාෝව්‍දා? තායි foreignersකද ශඩොකක ශග්ැල්කද ව්‍ද රුපිකල්ව්‍,2023-11-17,2023-11-17-2023-11-17,"දලී් hot money ිරකකද ව්‍කගකක් ිරශඳ්ව්‍ද. ශාෝව්‍දා? තායි foreignersකද ශඩොකක ශග්ැල්කද ව්‍ද රුපිකල්ව්‍කට ාදරු කද ව්‍ද ආශකෝන්ක ්ව්‍ද Treasury Bonds and Treasury Billsව්‍ක. යට ප්ථශ්ේ ඕ්න ශව්‍කදව්‍ ව්‍ද ්ැව්‍ත අ ශග් ක්් පුළුව්‍්. hot money ඇශාිප දනු ශඩොකක බිලික් ].5ක් ිරබුණද. ඔක ශා තු ළදා ඇශාිප දනු ශඩොකක බිලික් 5ක් ශව්‍්ව්‍ද. ද්ද්‍රික්, කුාද ්ථව්‍දමි ාහ ඳැාකු අධිපිරව්‍ කද ශළේ ශ ශ ස් දලී් ්ාචිත ිරගු දලී් ්ාචිතව්‍කට පිපව්‍කත්ක ිරීමා. තැ්දී තුාද ශඩොකක බිලික් 5ක් ISBs හැස්කට ග්,තද. යළ ට ලි් නකව්‍ල් අ ශග් ිරබුණු ණක ශගව්‍්් 2015-2019 දකශය් ශඩොකක බිලික් 5ක් කකද. ශ ් ශඩොකක බිලික් 1.5ක්ා ISBs ශා ක් [ඳදධ්‍ද ිරීමාක්]

තැ් ශඩොකක බිලික් 10යි. යට ප්ථශ්ේ තුාද ිරයශය ශාො ක්ා? 2019 -2020 ිරක්ශ් ඡ්ා දකකක්. ශාෝව්‍ද ශව්‍යිා ිරකකද ා්ශ් ්ැහැ. ශකෝ ශව්‍ශළඳ ශපොළට ක්් පුළුව්‍් ශව්‍යිා ා්ශ් ්ැහැ. ශාො ා 2018 දී ියදු වුණු ව්‍යව්‍්ථාද විශ ෝධී කුා්ත්‍රණක ිර්ද ශකොකු ගැටලුව්‍ක් ඇිර ශව්‍කද ශ ට ණක ග්් ඳැිප ත්,්,ව්‍ක ට ප්, වුණද. ශව්‍කදශය තුාද ිරයව්‍ද අපි තව්‍ ශඩොකක බිලික් 2.5ක් අ ශග් ිරකමු හිරියක ට ඡ්ාක දී ශාො ක් හිප ප්‍ර ථ්කක් වුශණෝ, ිරකකද. තුාද ාැ්ශග් හිස්ශය් ්ැහැ ශ ොවිඩ් ව්‍්ාගතක ්ව්‍ද ිරකකද. ශහා තායි ශඩොකක බිලික් 1] තු වුශණ්. තශ ොට තුාද ක්ශ ොට ශඩොකක බිලික් 7.8ක් ්ාචිතව්‍ක ිරබුණද. ඳැිප ශව්‍කදව්‍්, තුාද ව්‍ැඩිපු ශඩොකක බිලික් 2.5 අ ශග් ිරබුශණ් ්ැ්,් අශටි ට ඳාශ ොශකෝ, ශව්‍්ශ් ශ ොවිඩ් ව්‍්ාගතක මුකදීායි.

ිර්ද තුාද ්ැිර තැ් - තුාද ශව්‍නුශව්‍් නක ාද ළද ් හිප. නක ාද පු ්ැිර ිර්දයි ාා ාද ්ශ්- තුාදශ ශගෞ ව්‍ක ආ ක්ෂද ්් ඕ්න. ශාො ා අපි වුරු්, ගරු ් පුශග කශකක් තායි ද්ද්‍රික්, කුාද ්ථව්‍දමි ිරක්ශ්. ිර්ද ද්ද්‍රික්, කුාද ්ථව්‍දමි ිරක් පුශගකකදට ශපෞශගලි ව්‍ පහ ගහ්් පද. තුාද ශළේ ට ශව්‍නුශව්‍් ළ යුතු ශාකක්. ච්ච යි.

ගු අනශ් ති අනේසිාංහ හරා (ைொண்புைிகு அமசொக் அமபசிங்க) (The Hon. Ashok Abeysinghe) ගරු ිරශකෝනය ාද්දක තුාිර ාට්, ද ණකක් අහ්් ිරශඳ්ව්‍ද.

ගු නදාර්ය) බ් ෂ්ල ගුතවර්නන හරා (ைொண்புைிகு (கலொநிதி) பந்துல குணவர்தன) (The Hon. (Dr.) Bandula Gunawardana)

නැඟී සිටින ය. எழுந்தொர். rose.

841 842

[ගරු (ආචදකක) ඳ්දුක ගුණව්‍කධ්‍් ාහතද]

202] ශ්ොව්‍ැ ඳක 17",hansard,1.0,1
lk_hansard_2020s,2023-11-17-2023-11-17,2023-11-17,2023-11-17,"Hansard of November 17, 2023",https://www.parliament.lk/en/business-of-parliament/hansards,si-ta-en,https://www.parliament.lk/uploads/documents/hansard/1701515168057680.pdf,2023-11-17-2023-11-17-0089,89,si-ta-en,e8621fdb79775f09e2c00bb424467f7b,4567,"ගු නදාර්ය) බ් ෂ්ල ගුතවර්නන හරා (ைொண்புைிகு (கலொநிதி) பந்துல குணவர்தன) (The Hon. (Dr.) Bandula Gunawardana)

නැඟී සිටින ය. எழுந்தொர். rose.

841 842

[ගරු (ආචදකක) ඳ්දුක ගුණව්‍කධ්‍් ාහතද]

202] ශ්ොව්‍ැ ඳක 17

ගු අනශ් ති අනේසිාංහ හරා (ைொண்புைிகு அமசொக் அமபசிங்க) (The Hon. Ashok Abeysinghe) ගරු ඇාිරතුාිර ඔඳතුාද ාශ ප්‍ර ථ්කට්, ක් ා උ්,ත ශා්්.

ගු නිනය ජ‍ කථානායකුර ා (ைொண்புைிகு பிரதிச் சபொநொயகர் அவர்கள்) (The Hon. Deputy Speaker) ශ ස්ශක් ිරක්් ා්ත්‍රීතුාද. ශව්‍කදව්‍ ළා්ද ණක ග්් ඕ්න.

ගු අනශ් ති අනේසිාංහ හරා (ைொண்புைிகு அமசொக் அமபசிங்க) (The Hon. Ashok Abeysinghe) ගරු ිරශකෝනය ාද්දක තුාිර ඳ්දුක ගුණව්‍කධ්‍් ශූීම්ශ ආකථි විායද පදඩා අපි අහශග් හිස්කද. ගරු ඇාිරතුාිර ඔඳතුාද දනය මූකය ළා්ද ණ (ව්‍ගකීා) ප්ත ශග්දශය 200] දී. හි ිරශඳ්ව්‍ද අක ව්‍ැක ප ත ක ාළ ශශශීක ිරෂථපදිරතශක් ියකකට 5ට ව්‍ඩද අඩුශව්‍් දිරිපකට ිරකදග්් ඕ්න ිරකකද. ාද දඳ් ්නා ආණ්ඩුව්‍ක් කටශ්,ා ඔඳතුාද ඇාිරව්‍ කකු ව්‍ ශක් ියස්කද. හැඳැයි දිරිපප්, ් කා ්නා අක ව්‍ැක ා අක ව්‍ැක ප ත ක ාළ ශශශීක ිරෂථපදිරතශක් ියකකට 5ට ව්‍ඩද ව්‍ැඩියි. ඔඳතුාද හැා අක ව්‍ැක ටා පක්ෂව්‍ අත ද්ථජීව්‍ද ිරිය ප්‍ර ථ්කක් ්ැිර විධිකට. ආණ්ඩුව්‍කට ශ ත්,්,ව්‍ක පැහැිරලි දීකද අඩු ්් ව්‍ැඩ පිිබශව්‍ළක් හා්් ිරකකද ඔඳතුාද ිරයශය ්ැශා? ඇයි ඔඳතුාද හැා අක ව්‍ැක ටා පක්ෂව්‍ අත ද්ථජීශය?

ගු නිනය ජ‍ කථානායකුර ා (ைொண்புைிகு பிரதிச் சபொநொயகர் அவர்கள்) (The Hon. Deputy Speaker) ශ ස්ශක් පිිබතුරු ශා්් ගරු ඇාිරතුාද. ගු නදාර්ය) බ් ෂ්ල ගුතවර්නන හරා (ைொண்புைிகு (கலொநிதி) பந்துல குணவர்தன) (The Hon. (Dr.) Bandula Gunawardana) ගරු ා්ත්‍රීතුාිර ඔඳතුාද දිරිපප්, ශළේ දතද ශහොඳ ප්‍ර ථ්කක්. ආණ්ඩු ණශය් ත්,්,ව්‍ක පිිබඳඳව්‍ ඔඳතුාදට ිරියා ප්‍රදශකෝක අව්‍ශඳෝධ්‍කක් ්ැිර ඳව්‍යි යි් ශටි්ශ්. අපි ශ ොච්ච ශශ ිරයව්‍්, අව්‍්ද්ශය්දී ිරකධ්‍දිප් දිරිපප්, ් ව්‍දකතදව්‍ අනුව්‍ තායි ටයුතු ශව්‍්ව්‍ද ා ්ැශා ිරක් තී ණක ශව්‍්ශ්. උාදහ ණකක් ශක් ාා්, ශ ෂථ පිර ණ ඇාිරතුාද්, ැබි්ට් පත්‍රි ද ාා්ව්‍ද ශ ශාශහා ශව්‍්් ඕ්න ශාශහා ශව්‍්් ඕ්න ිරකකද. ඔක්ශ ොා ැබි්ට් පත්‍රි ද අනුාත ශව්‍්ව්‍ද ා? ්ැහැ. ්ාහ ව්‍ද වීිය ්ව්‍ද.","ගු නදාර්ය) බ් ෂ්ල ගුතවර්නන හරා (ைொண்புைிகு (கலொநிதி) பந்துல குணவர்தன) (The Hon. (Dr.) Bandula Gunawardana)

නැඟී සිටින ය. எழுந்தொர். rose.

841 842

[ගරු (ආචදකක) ඳ්දුක ගුණව්‍කධ්‍් ාහතද]

202] ශ්ොව්‍ැ ඳක 17

ගු අනශ් ති අනේසිාංහ හරා (ைொண்புைிகு அமசொக் அமபசிங்க) (The Hon. Ashok Abeysinghe) ගරු ඇාිරතුාිර ඔඳතුාද ාශ ප්‍ර ථ්කට්, ක් ා උ්,ත ශා්්.

ගු නිනය ජ‍ කථානායකුර ා (ைொண்புைிகு பிரதிச் சபொநொயகர் அவர்கள்) (The Hon. Deputy Speaker) ශ ස්ශක් ිරක්් ා්ත්‍රීතුාද. ශව්‍කදව්‍ ළා්ද ණක ග්් ඕ්න.

ගු අනශ් ති අනේසිාංහ හරා (ைொண்புைிகு அமசொக் அமபசிங்க) (The Hon. Ashok Abeysinghe) ගරු ිරශකෝනය ාද්දක තුාිර ඳ්දුක ගුණව්‍කධ්‍් ශූීම්ශ ආකථි විායද පදඩා අපි අහශග් හිස්කද. ගරු ඇාිරතුාිර ඔඳතුාද දනය මූකය ළා්ද ණ (ව්‍ගකීා) ප්ත ශග්දශය 200] දී. හි ිරශඳ්ව්‍ද අක ව්‍ැක ප ත ක ාළ ශශශීක ිරෂථපදිරතශක් ියකකට 5ට ව්‍ඩද අඩුශව්‍් දිරිපකට ිරකදග්් ඕ්න ිරකකද. ාද දඳ් ්නා ආණ්ඩුව්‍ක් කටශ්,ා ඔඳතුාද ඇාිරව්‍ කකු ව්‍ ශක් ියස්කද. හැඳැයි දිරිපප්, ් කා ්නා අක ව්‍ැක ා අක ව්‍ැක ප ත ක ාළ ශශශීක ිරෂථපදිරතශක් ියකකට 5ට ව්‍ඩද ව්‍ැඩියි. ඔඳතුාද හැා අක ව්‍ැක ටා පක්ෂව්‍ අත ද්ථජීව්‍ද ිරිය ප්‍ර ථ්කක් ්ැිර විධිකට. ආණ්ඩුව්‍කට ශ ත්,්,ව්‍ක පැහැිරලි දීකද අඩු ්් ව්‍ැඩ පිිබශව්‍ළක් හා්් ිරකකද ඔඳතුාද ිරයශය ්ැශා? ඇයි ඔඳතුාද හැා අක ව්‍ැක ටා පක්ෂව්‍ අත ද්ථජීශය?

ගු නිනය ජ‍ කථානායකුර ා (ைொண்புைிகு பிரதிச் சபொநொயகர் அவர்கள்) (The Hon. Deputy Speaker) ශ ස්ශක් පිිබතුරු ශා්් ගරු ඇාිරතුාද. ගු නදාර්ය) බ් ෂ්ල ගුතවර්නන හරා (ைொண்புைிகு (கலொநிதி) பந்துல குணவர்தன) (The Hon. (Dr.) Bandula Gunawardana) ගරු ා්ත්‍රීතුාිර ඔඳතුාද දිරිපප්, ශළේ දතද ශහොඳ ප්‍ර ථ්කක්. ආණ්ඩු ණශය් ත්,්,ව්‍ක පිිබඳඳව්‍ ඔඳතුාදට ිරියා ප්‍රදශකෝක අව්‍ශඳෝධ්‍කක් ්ැිර ඳව්‍යි යි් ශටි්ශ්. අපි ශ ොච්ච ශශ ිරයව්‍්, අව්‍්ද්ශය්දී ිරකධ්‍දිප් දිරිපප්, ් ව්‍දකතදව්‍ අනුව්‍ තායි ටයුතු ශව්‍්ව්‍ද ා ්ැශා ිරක් තී ණක ශව්‍්ශ්. උාදහ ණකක් ශක් ාා්, ශ ෂථ පිර ණ ඇාිරතුාද්, ැබි්ට් පත්‍රි ද ාා්ව්‍ද ශ ශාශහා ශව්‍්් ඕ්න ශාශහා ශව්‍්් ඕ්න ිරකකද. ඔක්ශ ොා ැබි්ට් පත්‍රි ද අනුාත ශව්‍්ව්‍ද ා? ්ැහැ. ්ාහ ව්‍ද වීිය ්ව්‍ද.",ගු නදාර්ය) බ් ෂ්ල ගුතවර්නන හරා (ைொண்புைிகு (கலொநிதி) பந்துல குணவர்தன) (The Hon. (Dr.) Bandula Guna,2023-11-17,2023-11-17-2023-11-17,"ගු නදාර්ය) බ් ෂ්ල ගුතවර්නන හරා (ைொண்புைிகு (கலொநிதி) பந்துல குணவர்தன) (The Hon. (Dr.) Bandula Gunawardana)

නැඟී සිටින ය. எழுந்தொர். rose.

841 842

[ගරු (ආචදකක) ඳ්දුක ගුණව්‍කධ්‍් ාහතද]

202] ශ්ොව්‍ැ ඳක 17

ගු අනශ් ති අනේසිාංහ හරා (ைொண்புைிகு அமசொக் அமபசிங்க) (The Hon. Ashok Abeysinghe) ගරු ඇාිරතුාිර ඔඳතුාද ාශ ප්‍ර ථ්කට්, ක් ා උ්,ත ශා්්.

ගු නිනය ජ‍ කථානායකුර ා (ைொண்புைிகு பிரதிச் சபொநொயகர் அவர்கள்) (The Hon. Deputy Speaker) ශ ස්ශක් ිරක්් ා්ත්‍රීතුාද. ශව්‍කදව්‍ ළා්ද ණක ග්් ඕ්න.

ගු අනශ් ති අනේසිාංහ හරා (ைொண்புைிகு அமசொக் அமபசிங்க) (The Hon. Ashok Abeysinghe) ගරු ිරශකෝනය ාද්දක තුාිර ඳ්දුක ගුණව්‍කධ්‍් ශූීම්ශ ආකථි විායද පදඩා අපි අහශග් හිස්කද. ගරු ඇාිරතුාිර ඔඳතුාද දනය මූකය ළා්ද ණ (ව්‍ගකීා) ප්ත ශග්දශය 200] දී. හි ිරශඳ්ව්‍ද අක ව්‍ැක ප ත ක ාළ ශශශීක ිරෂථපදිරතශක් ියකකට 5ට ව්‍ඩද අඩුශව්‍් දිරිපකට ිරකදග්් ඕ්න ිරකකද. ාද දඳ් ්නා ආණ්ඩුව්‍ක් කටශ්,ා ඔඳතුාද ඇාිරව්‍ කකු ව්‍ ශක් ියස්කද. හැඳැයි දිරිපප්, ් කා ්නා අක ව්‍ැක ා අක ව්‍ැක ප ත ක ාළ ශශශීක ිරෂථපදිරතශක් ියකකට 5ට ව්‍ඩද ව්‍ැඩියි. ඔඳතුාද හැා අක ව්‍ැක ටා පක්ෂව්‍ අත ද්ථජීව්‍ද ිරිය ප්‍ර ථ්කක් ්ැිර විධිකට. ආණ්ඩුව්‍කට ශ ත්,්,ව්‍ක පැහැිරලි දීකද අඩු ්් ව්‍ැඩ පිිබශව්‍ළක් හා්් ිරකකද ඔඳතුාද ිරයශය ්ැශා? ඇයි ඔඳතුාද හැා අක ව්‍ැක ටා පක්ෂව්‍ අත ද්ථජීශය?

ගු නිනය ජ‍ කථානායකුර ා (ைொண்புைிகு பிரதிச் சபொநொயகர் அவர்கள்) (The Hon. Deputy Speaker) ශ ස්ශක් පිිබතුරු ශා්් ගරු ඇාිරතුාද. ගු නදාර්ය) බ් ෂ්ල ගුතවර්නන හරා (ைொண்புைிகு (கலொநிதி) பந்துல குணவர்தன) (The Hon. (Dr.) Bandula Gunawardana) ගරු ා්ත්‍රීතුාිර ඔඳතුාද දිරිපප්, ශළේ දතද ශහොඳ ප්‍ර ථ්කක්. ආණ්ඩු ණශය් ත්,්,ව්‍ක පිිබඳඳව්‍ ඔඳතුාදට ිරියා ප්‍රදශකෝක අව්‍ශඳෝධ්‍කක් ්ැිර ඳව්‍යි යි් ශටි්ශ්. අපි ශ ොච්ච ශශ ිරයව්‍්, අව්‍්ද්ශය්දී ිරකධ්‍දිප් දිරිපප්, ් ව්‍දකතදව්‍ අනුව්‍ තායි ටයුතු ශව්‍්ව්‍ද ා ්ැශා ිරක් තී ණක ශව්‍්ශ්. උාදහ ණකක් ශක් ාා්, ශ ෂථ පිර ණ ඇාිරතුාද්, ැබි්ට් පත්‍රි ද ාා්ව්‍ද ශ ශාශහා ශව්‍්් ඕ්න ශාශහා ශව්‍්් ඕ්න ිරකකද. ඔක්ශ ොා ැබි්ට් පත්‍රි ද අනුාත ශව්‍්ව්‍ද ා? ්ැහැ. ්ාහ ව්‍ද වීිය ්ව්‍ද.",hansard,1.0,1
lk_hansard_2020s,2023-11-17-2023-11-17,2023-11-17,2023-11-17,"Hansard of November 17, 2023",https://www.parliament.lk/en/business-of-parliament/hansards,si-ta-en,https://www.parliament.lk/uploads/documents/hansard/1701515168057680.pdf,2023-11-17-2023-11-17-0090,90,si-ta-en,b984889b1af774d0e410ffbf84fe0a72,4573,"ගු නිනය ජ‍ කථානායකුර ා (ைொண்புைிகு பிரதிச் சபொநொயகர் அவர்கள்) (The Hon. Deputy Speaker) ශ ස්ශක් පිිබතුරු ශා්් ගරු ඇාිරතුාද. ගු නදාර්ය) බ් ෂ්ල ගුතවර්නන හරා (ைொண்புைிகு (கலொநிதி) பந்துல குணவர்தன) (The Hon. (Dr.) Bandula Gunawardana) ගරු ා්ත්‍රීතුාිර ඔඳතුාද දිරිපප්, ශළේ දතද ශහොඳ ප්‍ර ථ්කක්. ආණ්ඩු ණශය් ත්,්,ව්‍ක පිිබඳඳව්‍ ඔඳතුාදට ිරියා ප්‍රදශකෝක අව්‍ශඳෝධ්‍කක් ්ැිර ඳව්‍යි යි් ශටි්ශ්. අපි ශ ොච්ච ශශ ිරයව්‍්, අව්‍්ද්ශය්දී ිරකධ්‍දිප් දිරිපප්, ් ව්‍දකතදව්‍ අනුව්‍ තායි ටයුතු ශව්‍්ව්‍ද ා ්ැශා ිරක් තී ණක ශව්‍්ශ්. උාදහ ණකක් ශක් ාා්, ශ ෂථ පිර ණ ඇාිරතුාද්, ැබි්ට් පත්‍රි ද ාා්ව්‍ද ශ ශාශහා ශව්‍්් ඕ්න ශාශහා ශව්‍්් ඕ්න ිරකකද. ඔක්ශ ොා ැබි්ට් පත්‍රි ද අනුාත ශව්‍්ව්‍ද ා? ්ැහැ. ්ාහ ව්‍ද වීිය ්ව්‍ද.

්ැ්,ශ්,. ාහි්ා දනපක්ෂ මුාල් ඇාිරතුාද ා ශ ්් ඳැහැ ිරකකද අ්,්් කද ව්‍්ව්‍ද. ශහොඳ ශව්‍කදව්‍ට ාා ටයු්,ත ඳකහ්, ද ශක් පද්ල්ව්‍ක පට් ග්,ත ිර්ද ාහි්ා දනපක්ෂ න්දධිපිරතුාද ිරයව්‍ද ශ තුාද ් ිර්ද ශ ට ශ ොශහ් හිප ශහොකකද පිපපූ ඇ්ථතශ ්තුව්‍ක් ශහෝ ාදකද ්ල්ලි ශා්් ිරකකද. ශහා ශළේ ්ැ්,් අා ශව්‍් ල් තදක්ෂණ විෂක ධ්‍ද දව්‍ දගැ්ශව්‍්ශ් ්ැහැ. ිර්ද අපි ආණ්ඩුව්‍ ඇතුශළේ හිස්කද ිරකකද ඔක ිරක් විධිකට ්් ඳැහැ.

ව්‍දශ ා හකෂ ා ියල්ව්‍ද ා්ත්‍රීතුාද ිරයව්‍ද කුාද ්ථව්‍දමිශ ශගෞ ව්‍ක ආ ක්ෂද ්් ඕ්නක ිරකකද. හැඳැයි ශ ට ඩ්ශ් ්ැතුව්‍ ශඳා්ශ් ්ැතුව්‍ අවුරුදු ]0 යුශධ්‍ක ්ත කද ශ ටට -ියාහක මු්ථලි ඇතුළු ියකලු න්තදව්‍ට- ්දාක ශග්දපු ානුෂයකද ශාෝ ත අපහද් ප්‍රාදණකක් තමු්්ද්ශ්ේකදශග් විිම්ව්‍ද ා? ශහා ්් ව්‍ස්්ව්‍ද ා? කුාද ්ථව්‍දමි ව්‍දශ ා ාහි්ා දනපක්ෂ ිරක් ානුෂයකද? අපි ියකලුශා්දට ව ව්‍්, වීශ අයිිරක කඳද දු්් ානුෂයකදට ශ් ළව්‍ ළව්‍ද ගහ්ශ්.

ගු නදාර්ය) හර්ක ද සිල්වා හරා (ைொண்புைிகு (கலொநிதி) ஹர்ஷ த சில்வொ) (The Hon. (Dr.) Harsha de Silva) ගරු ිරශකෝනය ාද්දක තුාිර අපි ශාතැ්-[ඳදධ්‍ද ිරීමාක්]

ගු නිනය ජ‍ කථානායකුර ා (ைொண்புைிகு பிரதிச் சபொநொயகர் அவர்கள்) (The Hon. Deputy Speaker) ගරු ා්ත්‍රීතුාද ශ විව්‍දාකක් ග්් පද. ඔඳතුාදශ ශව්‍කදශයදී ිරක්්.

මීළ ට ගරු ්ථ. ශ්ෝග දාලිාග ාැිරතුාද.

[பி.ப. 12.15]","ගු නිනය ජ‍ කථානායකුර ා (ைொண்புைிகு பிரதிச் சபொநொயகர் அவர்கள்) (The Hon. Deputy Speaker) ශ ස්ශක් පිිබතුරු ශා්් ගරු ඇාිරතුාද. ගු නදාර්ය) බ් ෂ්ල ගුතවර්නන හරා (ைொண்புைிகு (கலொநிதி) பந்துல குணவர்தன) (The Hon. (Dr.) Bandula Gunawardana) ගරු ා්ත්‍රීතුාිර ඔඳතුාද දිරිපප්, ශළේ දතද ශහොඳ ප්‍ර ථ්කක්. ආණ්ඩු ණශය් ත්,්,ව්‍ක පිිබඳඳව්‍ ඔඳතුාදට ිරියා ප්‍රදශකෝක අව්‍ශඳෝධ්‍කක් ්ැිර ඳව්‍යි යි් ශටි්ශ්. අපි ශ ොච්ච ශශ ිරයව්‍්, අව්‍්ද්ශය්දී ිරකධ්‍දිප් දිරිපප්, ් ව්‍දකතදව්‍ අනුව්‍ තායි ටයුතු ශව්‍්ව්‍ද ා ්ැශා ිරක් තී ණක ශව්‍්ශ්. උාදහ ණකක් ශක් ාා්, ශ ෂථ පිර ණ ඇාිරතුාද්, ැබි්ට් පත්‍රි ද ාා්ව්‍ද ශ ශාශහා ශව්‍්් ඕ්න ශාශහා ශව්‍්් ඕ්න ිරකකද. ඔක්ශ ොා ැබි්ට් පත්‍රි ද අනුාත ශව්‍්ව්‍ද ා? ්ැහැ. ්ාහ ව්‍ද වීිය ්ව්‍ද.

්ැ්,ශ්,. ාහි්ා දනපක්ෂ මුාල් ඇාිරතුාද ා ශ ්් ඳැහැ ිරකකද අ්,්් කද ව්‍්ව්‍ද. ශහොඳ ශව්‍කදව්‍ට ාා ටයු්,ත ඳකහ්, ද ශක් පද්ල්ව්‍ක පට් ග්,ත ිර්ද ාහි්ා දනපක්ෂ න්දධිපිරතුාද ිරයව්‍ද ශ තුාද ් ිර්ද ශ ට ශ ොශහ් හිප ශහොකකද පිපපූ ඇ්ථතශ ්තුව්‍ක් ශහෝ ාදකද ්ල්ලි ශා්් ිරකකද. ශහා ශළේ ්ැ්,් අා ශව්‍් ල් තදක්ෂණ විෂක ධ්‍ද දව්‍ දගැ්ශව්‍්ශ් ්ැහැ. ිර්ද අපි ආණ්ඩුව්‍ ඇතුශළේ හිස්කද ිරකකද ඔක ිරක් විධිකට ්් ඳැහැ.

ව්‍දශ ා හකෂ ා ියල්ව්‍ද ා්ත්‍රීතුාද ිරයව්‍ද කුාද ්ථව්‍දමිශ ශගෞ ව්‍ක ආ ක්ෂද ්් ඕ්නක ිරකකද. හැඳැයි ශ ට ඩ්ශ් ්ැතුව්‍ ශඳා්ශ් ්ැතුව්‍ අවුරුදු ]0 යුශධ්‍ක ්ත කද ශ ටට -ියාහක මු්ථලි ඇතුළු ියකලු න්තදව්‍ට- ්දාක ශග්දපු ානුෂයකද ශාෝ ත අපහද් ප්‍රාදණකක් තමු්්ද්ශ්ේකදශග් විිම්ව්‍ද ා? ශහා ්් ව්‍ස්්ව්‍ද ා? කුාද ්ථව්‍දමි ව්‍දශ ා ාහි්ා දනපක්ෂ ිරක් ානුෂයකද? අපි ියකලුශා්දට ව ව්‍්, වීශ අයිිරක කඳද දු්් ානුෂයකදට ශ් ළව්‍ ළව්‍ද ගහ්ශ්.

ගු නදාර්ය) හර්ක ද සිල්වා හරා (ைொண்புைிகு (கலொநிதி) ஹர்ஷ த சில்வொ) (The Hon. (Dr.) Harsha de Silva) ගරු ිරශකෝනය ාද්දක තුාිර අපි ශාතැ්-[ඳදධ්‍ද ිරීමාක්]

ගු නිනය ජ‍ කථානායකුර ා (ைொண்புைிகு பிரதிச் சபொநொயகர் அவர்கள்) (The Hon. Deputy Speaker) ගරු ා්ත්‍රීතුාද ශ විව්‍දාකක් ග්් පද. ඔඳතුාදශ ශව්‍කදශයදී ිරක්්.

මීළ ට ගරු ්ථ. ශ්ෝග දාලිාග ාැිරතුාද.

[பி.ப. 12.15]",ගු නිනය ජ‍ කථානායකුර ා (ைொண்புைிகு பிரதிச் சபொநொயகர் அவர்கள்) (The Hon. Deputy Speaker) ශ ස්ශක් ප,2023-11-17,2023-11-17-2023-11-17,"ගු නිනය ජ‍ කථානායකුර ා (ைொண்புைிகு பிரதிச் சபொநொயகர் அவர்கள்) (The Hon. Deputy Speaker) ශ ස්ශක් පිිබතුරු ශා්් ගරු ඇාිරතුාද. ගු නදාර්ය) බ් ෂ්ල ගුතවර්නන හරා (ைொண்புைிகு (கலொநிதி) பந்துல குணவர்தன) (The Hon. (Dr.) Bandula Gunawardana) ගරු ා්ත්‍රීතුාිර ඔඳතුාද දිරිපප්, ශළේ දතද ශහොඳ ප්‍ර ථ්කක්. ආණ්ඩු ණශය් ත්,්,ව්‍ක පිිබඳඳව්‍ ඔඳතුාදට ිරියා ප්‍රදශකෝක අව්‍ශඳෝධ්‍කක් ්ැිර ඳව්‍යි යි් ශටි්ශ්. අපි ශ ොච්ච ශශ ිරයව්‍්, අව්‍්ද්ශය්දී ිරකධ්‍දිප් දිරිපප්, ් ව්‍දකතදව්‍ අනුව්‍ තායි ටයුතු ශව්‍්ව්‍ද ා ්ැශා ිරක් තී ණක ශව්‍්ශ්. උාදහ ණකක් ශක් ාා්, ශ ෂථ පිර ණ ඇාිරතුාද්, ැබි්ට් පත්‍රි ද ාා්ව්‍ද ශ ශාශහා ශව්‍්් ඕ්න ශාශහා ශව්‍්් ඕ්න ිරකකද. ඔක්ශ ොා ැබි්ට් පත්‍රි ද අනුාත ශව්‍්ව්‍ද ා? ්ැහැ. ්ාහ ව්‍ද වීිය ්ව්‍ද.

්ැ්,ශ්,. ාහි්ා දනපක්ෂ මුාල් ඇාිරතුාද ා ශ ්් ඳැහැ ිරකකද අ්,්් කද ව්‍්ව්‍ද. ශහොඳ ශව්‍කදව්‍ට ාා ටයු්,ත ඳකහ්, ද ශක් පද්ල්ව්‍ක පට් ග්,ත ිර්ද ාහි්ා දනපක්ෂ න්දධිපිරතුාද ිරයව්‍ද ශ තුාද ් ිර්ද ශ ට ශ ොශහ් හිප ශහොකකද පිපපූ ඇ්ථතශ ්තුව්‍ක් ශහෝ ාදකද ්ල්ලි ශා්් ිරකකද. ශහා ශළේ ්ැ්,් අා ශව්‍් ල් තදක්ෂණ විෂක ධ්‍ද දව්‍ දගැ්ශව්‍්ශ් ්ැහැ. ිර්ද අපි ආණ්ඩුව්‍ ඇතුශළේ හිස්කද ිරකකද ඔක ිරක් විධිකට ්් ඳැහැ.

ව්‍දශ ා හකෂ ා ියල්ව්‍ද ා්ත්‍රීතුාද ිරයව්‍ද කුාද ්ථව්‍දමිශ ශගෞ ව්‍ක ආ ක්ෂද ්් ඕ්නක ිරකකද. හැඳැයි ශ ට ඩ්ශ් ්ැතුව්‍ ශඳා්ශ් ්ැතුව්‍ අවුරුදු ]0 යුශධ්‍ක ්ත කද ශ ටට -ියාහක මු්ථලි ඇතුළු ියකලු න්තදව්‍ට- ්දාක ශග්දපු ානුෂයකද ශාෝ ත අපහද් ප්‍රාදණකක් තමු්්ද්ශ්ේකදශග් විිම්ව්‍ද ා? ශහා ්් ව්‍ස්්ව්‍ද ා? කුාද ්ථව්‍දමි ව්‍දශ ා ාහි්ා දනපක්ෂ ිරක් ානුෂයකද? අපි ියකලුශා්දට ව ව්‍්, වීශ අයිිරක කඳද දු්් ානුෂයකදට ශ් ළව්‍ ළව්‍ද ගහ්ශ්.

ගු නදාර්ය) හර්ක ද සිල්වා හරා (ைொண்புைிகு (கலொநிதி) ஹர்ஷ த சில்வொ) (The Hon. (Dr.) Harsha de Silva) ගරු ිරශකෝනය ාද්දක තුාිර අපි ශාතැ්-[ඳදධ්‍ද ිරීමාක්]

ගු නිනය ජ‍ කථානායකුර ා (ைொண்புைிகு பிரதிச் சபொநொயகர் அவர்கள்) (The Hon. Deputy Speaker) ගරු ා්ත්‍රීතුාද ශ විව්‍දාකක් ග්් පද. ඔඳතුාදශ ශව්‍කදශයදී ිරක්්.

මීළ ට ගරු ්ථ. ශ්ෝග දාලිාග ාැිරතුාද.

[பி.ப. 12.15]",hansard,1.0,1
lk_hansard_2020s,2023-11-17-2023-11-17,2023-11-17,2023-11-17,"Hansard of November 17, 2023",https://www.parliament.lk/en/business-of-parliament/hansards,si-ta-en,https://www.parliament.lk/uploads/documents/hansard/1701515168057680.pdf,2023-11-17-2023-11-17-0091,91,si-ta-en,2063cf0170891009fb96a2f5c0810f95,4626,"ගු නිනය ජ‍ කථානායකුර ා (ைொண்புைிகு பிரதிச் சபொநொயகர் அவர்கள்) (The Hon. Deputy Speaker) ගරු ා්ත්‍රීතුාද ශ විව්‍දාකක් ග්් පද. ඔඳතුාදශ ශව්‍කදශයදී ිරක්්.

මීළ ට ගරු ්ථ. ශ්ෝග දාලිාග ාැිරතුාද.

[பி.ப. 12.15]

ගු දයාසිරි ජයන ේකර හරා (ைொண்புைிகு தயொசிறி ஜயமசகர) (The Hon. Dayasiri Jayasekara) ගරු ිරශකෝනය ාද්දක තුාිර ශපොඩි පැහැිරලි ගැනීාක් ්ඳහද ාට අව්‍්ථාදව්‍ක් ශා්්.

ගු නිනය ජ‍ කථානායකුර ා (ைொண்புைிகு பிரதிச் சபொநொயகர் அவர்கள்) (The Hon. Deputy Speaker) පැහැිරලි ගැනීා ට ාැ් අව්‍්ථාදව්‍ ශ්ොශව්‍යි ගරු ා්ත්‍රීතුාද. ීමිර ප්‍ර ථ්කක් ් දඩ ශා්් පුළුව්‍්. [ඳදධ්‍ද ිරීමාක්] ගරු ශ්ෝග දාලිාග ා්ත්‍රීතුාදට ශව්‍කදව්‍ දීකදයි ිරශඳ්ශ්. ාැ් තුාදශ අව්‍්ථාදව්‍. තුාදශ ශව්‍කදව්‍ තායි ්ැිර ශව්‍්ශ්. [ඳදධ්‍ද ිරීමාක්] ගරු ා්ත්‍රීතුාද පැහැිරලි ිරීමා ට අව්‍්ථාදව්‍ ශා්් පුළුව්‍් ාක් ්ැහැ.

843 844

පදකලිශ ්තුව්‍

ගු සු. නන ගරාදලිාංගම් හරා (ைொண்புைிகு சு. மநொகரொதலிங்கம்) (The Hon. S. Noharathalingam) அவர் தபௌத்த கலொசொரத்தின்பொல் ஈர்க்கப்பட்டு, இந்து, இஸ்லொைிய, கிறிஸ்தவ கலொசொர விடயங்கமள விடுத்து, இந்த வரவு தசலவுத்திட்ட நிதிதயொதுக்கீட்டிமல ைிகவும் கூடுதலொன நிதிமய - சுைொர் 700 ைில்லியன் ரூபொய் நிதிமய - தபௌத்த கலொசொர விடயங்களுக்தகன ஒதுக்கீடு தசய்திருப்பமதப் பொர்க்கக்கூடியதொக இருக்கின்றது. அந்த வமகயிமல அநுரொதபுரம் ைகொ விகொமர பல்கமலக்கழக நிர்ைொண நிகழ்ச்சித் திட்டத்திற்கொக ரூபொய் 400 ைில்லியனும், அநுரொதபுரத்தில் சர்வமதச தபௌத்த நூலகத்மதத் தொபிப்பதற்கு ரூபொய் 100 ைில்லியனும், கண்டி நகொில் தபௌத்த கலொசொரம் ததொடர்பொன நூதனசொமலதயொன்மறத் தொபிப்பதற்கு ரூபொய் 200 ைில்லியனு ைொக ரூபொய் 700 ைில்லியன் நிதி தனியொக தபௌத்த கலொசொரத்திற்கொக புத்தசொசன, சைய ைற்றும் கலொசொர அலுவல் கள் திமணக்களத்திற்கு ஒதுக்கப்பட்டிருக்கின்றது. ஏமனய இந்து, இஸ்லொைிய, கிறிஸ்தவ கலொசொர விடயங்களுக்கொக குறித்த திமணக்களங்களுக்கு விமசடைொக எந்தவித நிதியும் இந்த வரவு தசலவுத்திட்டத்திமல ஒதுக்கீடு தசய்யப்பட வில்மல.","ගු නිනය ජ‍ කථානායකුර ා (ைொண்புைிகு பிரதிச் சபொநொயகர் அவர்கள்) (The Hon. Deputy Speaker) ගරු ා්ත්‍රීතුාද ශ විව්‍දාකක් ග්් පද. ඔඳතුාදශ ශව්‍කදශයදී ිරක්්.

මීළ ට ගරු ්ථ. ශ්ෝග දාලිාග ාැිරතුාද.

[பி.ப. 12.15]

ගු දයාසිරි ජයන ේකර හරා (ைொண்புைிகு தயொசிறி ஜயமசகர) (The Hon. Dayasiri Jayasekara) ගරු ිරශකෝනය ාද්දක තුාිර ශපොඩි පැහැිරලි ගැනීාක් ්ඳහද ාට අව්‍්ථාදව්‍ක් ශා්්.

ගු නිනය ජ‍ කථානායකුර ා (ைொண்புைிகு பிரதிச் சபொநொயகர் அவர்கள்) (The Hon. Deputy Speaker) පැහැිරලි ගැනීා ට ාැ් අව්‍්ථාදව්‍ ශ්ොශව්‍යි ගරු ා්ත්‍රීතුාද. ීමිර ප්‍ර ථ්කක් ් දඩ ශා්් පුළුව්‍්. [ඳදධ්‍ද ිරීමාක්] ගරු ශ්ෝග දාලිාග ා්ත්‍රීතුාදට ශව්‍කදව්‍ දීකදයි ිරශඳ්ශ්. ාැ් තුාදශ අව්‍්ථාදව්‍. තුාදශ ශව්‍කදව්‍ තායි ්ැිර ශව්‍්ශ්. [ඳදධ්‍ද ිරීමාක්] ගරු ා්ත්‍රීතුාද පැහැිරලි ිරීමා ට අව්‍්ථාදව්‍ ශා්් පුළුව්‍් ාක් ්ැහැ.

843 844

පදකලිශ ්තුව්‍

ගු සු. නන ගරාදලිාංගම් හරා (ைொண்புைிகு சு. மநொகரொதலிங்கம்) (The Hon. S. Noharathalingam) அவர் தபௌத்த கலொசொரத்தின்பொல் ஈர்க்கப்பட்டு, இந்து, இஸ்லொைிய, கிறிஸ்தவ கலொசொர விடயங்கமள விடுத்து, இந்த வரவு தசலவுத்திட்ட நிதிதயொதுக்கீட்டிமல ைிகவும் கூடுதலொன நிதிமய - சுைொர் 700 ைில்லியன் ரூபொய் நிதிமய - தபௌத்த கலொசொர விடயங்களுக்தகன ஒதுக்கீடு தசய்திருப்பமதப் பொர்க்கக்கூடியதொக இருக்கின்றது. அந்த வமகயிமல அநுரொதபுரம் ைகொ விகொமர பல்கமலக்கழக நிர்ைொண நிகழ்ச்சித் திட்டத்திற்கொக ரூபொய் 400 ைில்லியனும், அநுரொதபுரத்தில் சர்வமதச தபௌத்த நூலகத்மதத் தொபிப்பதற்கு ரூபொய் 100 ைில்லியனும், கண்டி நகொில் தபௌத்த கலொசொரம் ததொடர்பொன நூதனசொமலதயொன்மறத் தொபிப்பதற்கு ரூபொய் 200 ைில்லியனு ைொக ரூபொய் 700 ைில்லியன் நிதி தனியொக தபௌத்த கலொசொரத்திற்கொக புத்தசொசன, சைய ைற்றும் கலொசொர அலுவல் கள் திமணக்களத்திற்கு ஒதுக்கப்பட்டிருக்கின்றது. ஏமனய இந்து, இஸ்லொைிய, கிறிஸ்தவ கலொசொர விடயங்களுக்கொக குறித்த திமணக்களங்களுக்கு விமசடைொக எந்தவித நிதியும் இந்த வரவு தசலவுத்திட்டத்திமல ஒதுக்கீடு தசய்யப்பட வில்மல.",ගු නිනය ජ‍ කථානායකුර ා (ைொண்புைிகு பிரதிச் சபொநொயகர் அவர்கள்) (The Hon. Deputy Speaker) ගරු ා්ත්‍,2023-11-17,2023-11-17-2023-11-17,"ගු නිනය ජ‍ කථානායකුර ා (ைொண்புைிகு பிரதிச் சபொநொயகர் அவர்கள்) (The Hon. Deputy Speaker) ගරු ා්ත්‍රීතුාද ශ විව්‍දාකක් ග්් පද. ඔඳතුාදශ ශව්‍කදශයදී ිරක්්.

මීළ ට ගරු ්ථ. ශ්ෝග දාලිාග ාැිරතුාද.

[பி.ப. 12.15]

ගු දයාසිරි ජයන ේකර හරා (ைொண்புைிகு தயொசிறி ஜயமசகர) (The Hon. Dayasiri Jayasekara) ගරු ිරශකෝනය ාද්දක තුාිර ශපොඩි පැහැිරලි ගැනීාක් ්ඳහද ාට අව්‍්ථාදව්‍ක් ශා්්.

ගු නිනය ජ‍ කථානායකුර ා (ைொண்புைிகு பிரதிச் சபொநொயகர் அவர்கள்) (The Hon. Deputy Speaker) පැහැිරලි ගැනීා ට ාැ් අව්‍්ථාදව්‍ ශ්ොශව්‍යි ගරු ා්ත්‍රීතුාද. ීමිර ප්‍ර ථ්කක් ් දඩ ශා්් පුළුව්‍්. [ඳදධ්‍ද ිරීමාක්] ගරු ශ්ෝග දාලිාග ා්ත්‍රීතුාදට ශව්‍කදව්‍ දීකදයි ිරශඳ්ශ්. ාැ් තුාදශ අව්‍්ථාදව්‍. තුාදශ ශව්‍කදව්‍ තායි ්ැිර ශව්‍්ශ්. [ඳදධ්‍ද ිරීමාක්] ගරු ා්ත්‍රීතුාද පැහැිරලි ිරීමා ට අව්‍්ථාදව්‍ ශා්් පුළුව්‍් ාක් ්ැහැ.

843 844

පදකලිශ ්තුව්‍

ගු සු. නන ගරාදලිාංගම් හරා (ைொண்புைிகு சு. மநொகரொதலிங்கம்) (The Hon. S. Noharathalingam) அவர் தபௌத்த கலொசொரத்தின்பொல் ஈர்க்கப்பட்டு, இந்து, இஸ்லொைிய, கிறிஸ்தவ கலொசொர விடயங்கமள விடுத்து, இந்த வரவு தசலவுத்திட்ட நிதிதயொதுக்கீட்டிமல ைிகவும் கூடுதலொன நிதிமய - சுைொர் 700 ைில்லியன் ரூபொய் நிதிமய - தபௌத்த கலொசொர விடயங்களுக்தகன ஒதுக்கீடு தசய்திருப்பமதப் பொர்க்கக்கூடியதொக இருக்கின்றது. அந்த வமகயிமல அநுரொதபுரம் ைகொ விகொமர பல்கமலக்கழக நிர்ைொண நிகழ்ச்சித் திட்டத்திற்கொக ரூபொய் 400 ைில்லியனும், அநுரொதபுரத்தில் சர்வமதச தபௌத்த நூலகத்மதத் தொபிப்பதற்கு ரூபொய் 100 ைில்லியனும், கண்டி நகொில் தபௌத்த கலொசொரம் ததொடர்பொன நூதனசொமலதயொன்மறத் தொபிப்பதற்கு ரூபொய் 200 ைில்லியனு ைொக ரூபொய் 700 ைில்லியன் நிதி தனியொக தபௌத்த கலொசொரத்திற்கொக புத்தசொசன, சைய ைற்றும் கலொசொர அலுவல் கள் திமணக்களத்திற்கு ஒதுக்கப்பட்டிருக்கின்றது. ஏமனய இந்து, இஸ்லொைிய, கிறிஸ்தவ கலொசொர விடயங்களுக்கொக குறித்த திமணக்களங்களுக்கு விமசடைொக எந்தவித நிதியும் இந்த வரவு தசலவுத்திட்டத்திமல ஒதுக்கீடு தசய்யப்பட வில்மல.",hansard,1.0,1
lk_hansard_2020s,2023-11-17-2023-11-17,2023-11-17,2023-11-17,"Hansard of November 17, 2023",https://www.parliament.lk/en/business-of-parliament/hansards,si-ta-en,https://www.parliament.lk/uploads/documents/hansard/1701515168057680.pdf,2023-11-17-2023-11-17-0092,92,si-ta-en,aea8943e0f08df13a2dd67591c2980a0,3548,"ගු සු. නන ගරාදලිාංගම් හරා (ைொண்புைிகு சு. மநொகரொதலிங்கம்) (The Hon. S. Noharathalingam) அவர் தபௌத்த கலொசொரத்தின்பொல் ஈர்க்கப்பட்டு, இந்து, இஸ்லொைிய, கிறிஸ்தவ கலொசொர விடயங்கமள விடுத்து, இந்த வரவு தசலவுத்திட்ட நிதிதயொதுக்கீட்டிமல ைிகவும் கூடுதலொன நிதிமய - சுைொர் 700 ைில்லியன் ரூபொய் நிதிமய - தபௌத்த கலொசொர விடயங்களுக்தகன ஒதுக்கீடு தசய்திருப்பமதப் பொர்க்கக்கூடியதொக இருக்கின்றது. அந்த வமகயிமல அநுரொதபுரம் ைகொ விகொமர பல்கமலக்கழக நிர்ைொண நிகழ்ச்சித் திட்டத்திற்கொக ரூபொய் 400 ைில்லியனும், அநுரொதபுரத்தில் சர்வமதச தபௌத்த நூலகத்மதத் தொபிப்பதற்கு ரூபொய் 100 ைில்லியனும், கண்டி நகொில் தபௌத்த கலொசொரம் ததொடர்பொன நூதனசொமலதயொன்மறத் தொபிப்பதற்கு ரூபொய் 200 ைில்லியனு ைொக ரூபொய் 700 ைில்லியன் நிதி தனியொக தபௌத்த கலொசொரத்திற்கொக புத்தசொசன, சைய ைற்றும் கலொசொர அலுவல் கள் திமணக்களத்திற்கு ஒதுக்கப்பட்டிருக்கின்றது. ஏமனய இந்து, இஸ்லொைிய, கிறிஸ்தவ கலொசொர விடயங்களுக்கொக குறித்த திமணக்களங்களுக்கு விமசடைொக எந்தவித நிதியும் இந்த வரவு தசலவுத்திட்டத்திமல ஒதுக்கீடு தசய்யப்பட வில்மல.

அமதமபொல், ைிக அண்மையிமல அக்கமரப்பற்மறச் மசர்ந்த தைௌலவி ஒருவர், குறிப்பொக இந்துக்களின் கலொசொரத் துடன் இமணந்த பரதநொட்டியக் கமலமயப் பற்றி ைிகவும் மகவலைொகக் குறிப்பிட்டு, இந்துக்கமளப் புண்படுத்துகின்ற வமகயிமல ஓர் ஆன்ைீக உமரமய ஆற்றியிருக்கின்றொர். அது ஆன்ைீக உமரயொ அல்லது இந்துக்கமள மநொகடிப்பதற்கொகத்","ගු සු. නන ගරාදලිාංගම් හරා (ைொண்புைிகு சு. மநொகரொதலிங்கம்) (The Hon. S. Noharathalingam) அவர் தபௌத்த கலொசொரத்தின்பொல் ஈர்க்கப்பட்டு, இந்து, இஸ்லொைிய, கிறிஸ்தவ கலொசொர விடயங்கமள விடுத்து, இந்த வரவு தசலவுத்திட்ட நிதிதயொதுக்கீட்டிமல ைிகவும் கூடுதலொன நிதிமய - சுைொர் 700 ைில்லியன் ரூபொய் நிதிமய - தபௌத்த கலொசொர விடயங்களுக்தகன ஒதுக்கீடு தசய்திருப்பமதப் பொர்க்கக்கூடியதொக இருக்கின்றது. அந்த வமகயிமல அநுரொதபுரம் ைகொ விகொமர பல்கமலக்கழக நிர்ைொண நிகழ்ச்சித் திட்டத்திற்கொக ரூபொய் 400 ைில்லியனும், அநுரொதபுரத்தில் சர்வமதச தபௌத்த நூலகத்மதத் தொபிப்பதற்கு ரூபொய் 100 ைில்லியனும், கண்டி நகொில் தபௌத்த கலொசொரம் ததொடர்பொன நூதனசொமலதயொன்மறத் தொபிப்பதற்கு ரூபொய் 200 ைில்லியனு ைொக ரூபொய் 700 ைில்லியன் நிதி தனியொக தபௌத்த கலொசொரத்திற்கொக புத்தசொசன, சைய ைற்றும் கலொசொர அலுவல் கள் திமணக்களத்திற்கு ஒதுக்கப்பட்டிருக்கின்றது. ஏமனய இந்து, இஸ்லொைிய, கிறிஸ்தவ கலொசொர விடயங்களுக்கொக குறித்த திமணக்களங்களுக்கு விமசடைொக எந்தவித நிதியும் இந்த வரவு தசலவுத்திட்டத்திமல ஒதுக்கீடு தசய்யப்பட வில்மல.

அமதமபொல், ைிக அண்மையிமல அக்கமரப்பற்மறச் மசர்ந்த தைௌலவி ஒருவர், குறிப்பொக இந்துக்களின் கலொசொரத் துடன் இமணந்த பரதநொட்டியக் கமலமயப் பற்றி ைிகவும் மகவலைொகக் குறிப்பிட்டு, இந்துக்கமளப் புண்படுத்துகின்ற வமகயிமல ஓர் ஆன்ைீக உமரமய ஆற்றியிருக்கின்றொர். அது ஆன்ைீக உமரயொ அல்லது இந்துக்கமள மநொகடிப்பதற்கொகத்",ගු සු. නන ගරාදලිාංගම් හරා (ைொண்புைிகு சு. மநொகரொதலிங்கம்) (The Hon. S. Noharathalingam) அவர் தபௌத,2023-11-17,2023-11-17-2023-11-17,"ගු සු. නන ගරාදලිාංගම් හරා (ைொண்புைிகு சு. மநொகரொதலிங்கம்) (The Hon. S. Noharathalingam) அவர் தபௌத்த கலொசொரத்தின்பொல் ஈர்க்கப்பட்டு, இந்து, இஸ்லொைிய, கிறிஸ்தவ கலொசொர விடயங்கமள விடுத்து, இந்த வரவு தசலவுத்திட்ட நிதிதயொதுக்கீட்டிமல ைிகவும் கூடுதலொன நிதிமய - சுைொர் 700 ைில்லியன் ரூபொய் நிதிமய - தபௌத்த கலொசொர விடயங்களுக்தகன ஒதுக்கீடு தசய்திருப்பமதப் பொர்க்கக்கூடியதொக இருக்கின்றது. அந்த வமகயிமல அநுரொதபுரம் ைகொ விகொமர பல்கமலக்கழக நிர்ைொண நிகழ்ச்சித் திட்டத்திற்கொக ரூபொய் 400 ைில்லியனும், அநுரொதபுரத்தில் சர்வமதச தபௌத்த நூலகத்மதத் தொபிப்பதற்கு ரூபொய் 100 ைில்லியனும், கண்டி நகொில் தபௌத்த கலொசொரம் ததொடர்பொன நூதனசொமலதயொன்மறத் தொபிப்பதற்கு ரூபொய் 200 ைில்லியனு ைொக ரூபொய் 700 ைில்லியன் நிதி தனியொக தபௌத்த கலொசொரத்திற்கொக புத்தசொசன, சைய ைற்றும் கலொசொர அலுவல் கள் திமணக்களத்திற்கு ஒதுக்கப்பட்டிருக்கின்றது. ஏமனய இந்து, இஸ்லொைிய, கிறிஸ்தவ கலொசொர விடயங்களுக்கொக குறித்த திமணக்களங்களுக்கு விமசடைொக எந்தவித நிதியும் இந்த வரவு தசலவுத்திட்டத்திமல ஒதுக்கீடு தசய்யப்பட வில்மல.

அமதமபொல், ைிக அண்மையிமல அக்கமரப்பற்மறச் மசர்ந்த தைௌலவி ஒருவர், குறிப்பொக இந்துக்களின் கலொசொரத் துடன் இமணந்த பரதநொட்டியக் கமலமயப் பற்றி ைிகவும் மகவலைொகக் குறிப்பிட்டு, இந்துக்கமளப் புண்படுத்துகின்ற வமகயிமல ஓர் ஆன்ைீக உமரமய ஆற்றியிருக்கின்றொர். அது ஆன்ைீக உமரயொ அல்லது இந்துக்கமள மநொகடிப்பதற்கொகத்",hansard,1.0,1
lk_hansard_2020s,2023-11-17-2023-11-17,2023-11-17,2023-11-17,"Hansard of November 17, 2023",https://www.parliament.lk/en/business-of-parliament/hansards,si-ta-en,https://www.parliament.lk/uploads/documents/hansard/1701515168057680.pdf,2023-11-17-2023-11-17-0098,98,si-ta-en,53edf8b5c0ea0fca75497803b0f68f69,4765,"இன்று நொங்கள் பலஸ்தீனத்தின் கொஸொவிமல முஸ்லிம் களுக்கு எதிரொக நடத்தப்படுகின்ற தகொமலதவறித் தொக்கு தமலக் கண்டித்து ஏமனய பொரொளுைன்ற உறுப்பினர்களுடன் இமணந்து ஐ.நொ.வுக்கு எழுத்துமூலம் முமறயிடுகின்மறொம். அங்கு ஓர் இனப் படுதகொமல நமடதபறுகின்றததனச் சுட்டிக் கொட்டுகிமறொம். முஸ்லிம் ைக்கள் அங்மக பொதிக்கப் பட்டுக் தகொண்டிருக்கிறொர்கள். 2009 மை ைொதம் முள்ளிவொய்க்கொலிமல எப்படி ஓர் இனப் படுதகொமல நடந்மதறியமதொ, அமதமபொன்று எந்தவித மவறுபொடுைின்றி இஸ்மரலியப் பமடகளொல் கொஸொமவ மநொக்கி குண்டுத் தொக்குதல்கள், எறிகமண வீச்சுக்கள் இடம்தபறுவதனொல் அங்குள்ள அப்பொவி ைக்கள் தகொல்லப்பட்டுக் தகொண்டிருக்கிறொர்கள். முள்ளிவொய்க்கொமல ஒத்த ஓர் இனப்படுதகொமல அங்மக அரங்மகறிக் தகொண்டிருக் கின்றது. எப்படி முள்ளிவொய்க்கொல் படுதகொமல நமடதபற்ற தபொழுது இலங்மகயினுமடய அரச பயங்கரவொதத்திற்கு எதிரொக எந்ததவொரு நொடும் குரல் தகொடுக்கவில்மலமயொ, அமதமபொல்தொன் இன்றும் அந்த முஸ்லிம் ைக்களுக்கு எதிரொன இஸ்மரலுமடய தொக்குதலுக்கு எதிரொகப் தபொியளவிமல குரல் தகொடுக்கப்படொத ஒரு நிமலமை இருக்கின்றது. அன்று முள்ளி வொய்க்கொலிமல இறுதி யுத்தம் நமடதபற்றமபொது இங்கிருந்த முஸ்லிம் தமலவர்கள் தைிழ் ைக்களுக்கொகக் குரல் தகொடுக்கொத துரதிருஷ்டவசைொன சம்பவம் நடந்மதறியது. ஆனொல், இன்று இங்மகயுள்ள ஒட்டுதைொத்தத் தைிழ் ைக்களும் பலஸ்தீனத்தின் கொஸொவிமல தகொல்லப்படுகின்ற முஸ்லிம் ைக்களுக்கொகக் குரல் தகொடுத்து மபொரொட்டம் நடத்திக் தகொண்டிருக்கிறொர்கள்; நொங்கள் ஐ.நொ.வுக்கு கடிதம் எழுதுகிமறொம்.

845 846

202] ශ්ොව්‍ැ ඳක 17

கின்றது; நொங்கள் குரல் தகொடுத்துக்தகொண்டிருக்கிமறொம் என்பமத இங்மக நொன் தசொல்லிக்தகொள்ள விரும்புகின்மறன்.

ගු නිනය ජ‍ කථානායකුර ා (ைொண்புைிகு பிரதிச் சபொநொயகர் அவர்கள்) (The Hon. Deputy Speaker) ාැ් ාදව්‍ අව්‍්් ්් ගරු ා්ත්‍රීතුාද. දකක අව්‍්්.

ගු සු. නන ගරාදලිාංගම් හරා (ைொண்புைிகு சு. மநொகரொதலிங்கம்) (The Hon. S. Noharathalingam) I will finish now.","இன்று நொங்கள் பலஸ்தீனத்தின் கொஸொவிமல முஸ்லிம் களுக்கு எதிரொக நடத்தப்படுகின்ற தகொமலதவறித் தொக்கு தமலக் கண்டித்து ஏமனய பொரொளுைன்ற உறுப்பினர்களுடன் இமணந்து ஐ.நொ.வுக்கு எழுத்துமூலம் முமறயிடுகின்மறொம். அங்கு ஓர் இனப் படுதகொமல நமடதபறுகின்றததனச் சுட்டிக் கொட்டுகிமறொம். முஸ்லிம் ைக்கள் அங்மக பொதிக்கப் பட்டுக் தகொண்டிருக்கிறொர்கள். 2009 மை ைொதம் முள்ளிவொய்க்கொலிமல எப்படி ஓர் இனப் படுதகொமல நடந்மதறியமதொ, அமதமபொன்று எந்தவித மவறுபொடுைின்றி இஸ்மரலியப் பமடகளொல் கொஸொமவ மநொக்கி குண்டுத் தொக்குதல்கள், எறிகமண வீச்சுக்கள் இடம்தபறுவதனொல் அங்குள்ள அப்பொவி ைக்கள் தகொல்லப்பட்டுக் தகொண்டிருக்கிறொர்கள். முள்ளிவொய்க்கொமல ஒத்த ஓர் இனப்படுதகொமல அங்மக அரங்மகறிக் தகொண்டிருக் கின்றது. எப்படி முள்ளிவொய்க்கொல் படுதகொமல நமடதபற்ற தபொழுது இலங்மகயினுமடய அரச பயங்கரவொதத்திற்கு எதிரொக எந்ததவொரு நொடும் குரல் தகொடுக்கவில்மலமயொ, அமதமபொல்தொன் இன்றும் அந்த முஸ்லிம் ைக்களுக்கு எதிரொன இஸ்மரலுமடய தொக்குதலுக்கு எதிரொகப் தபொியளவிமல குரல் தகொடுக்கப்படொத ஒரு நிமலமை இருக்கின்றது. அன்று முள்ளி வொய்க்கொலிமல இறுதி யுத்தம் நமடதபற்றமபொது இங்கிருந்த முஸ்லிம் தமலவர்கள் தைிழ் ைக்களுக்கொகக் குரல் தகொடுக்கொத துரதிருஷ்டவசைொன சம்பவம் நடந்மதறியது. ஆனொல், இன்று இங்மகயுள்ள ஒட்டுதைொத்தத் தைிழ் ைக்களும் பலஸ்தீனத்தின் கொஸொவிமல தகொல்லப்படுகின்ற முஸ்லிம் ைக்களுக்கொகக் குரல் தகொடுத்து மபொரொட்டம் நடத்திக் தகொண்டிருக்கிறொர்கள்; நொங்கள் ஐ.நொ.வுக்கு கடிதம் எழுதுகிமறொம்.

845 846

202] ශ්ොව්‍ැ ඳක 17

கின்றது; நொங்கள் குரல் தகொடுத்துக்தகொண்டிருக்கிமறொம் என்பமத இங்மக நொன் தசொல்லிக்தகொள்ள விரும்புகின்மறன்.

ගු නිනය ජ‍ කථානායකුර ා (ைொண்புைிகு பிரதிச் சபொநொயகர் அவர்கள்) (The Hon. Deputy Speaker) ාැ් ාදව්‍ අව්‍්් ්් ගරු ා්ත්‍රීතුාද. දකක අව්‍්්.

ගු සු. නන ගරාදලිාංගම් හරා (ைொண்புைிகு சு. மநொகரொதலிங்கம்) (The Hon. S. Noharathalingam) I will finish now.",இன்று நொங்கள் பலஸ்தீனத்தின் கொஸொவிமல முஸ்லிம் களுக்கு எதிரொக நடத்தப்படுகின்ற தகொமலதவறித் தொக்க,2023-11-17,2023-11-17-2023-11-17,"இன்று நொங்கள் பலஸ்தீனத்தின் கொஸொவிமல முஸ்லிம் களுக்கு எதிரொக நடத்தப்படுகின்ற தகொமலதவறித் தொக்கு தமலக் கண்டித்து ஏமனய பொரொளுைன்ற உறுப்பினர்களுடன் இமணந்து ஐ.நொ.வுக்கு எழுத்துமூலம் முமறயிடுகின்மறொம். அங்கு ஓர் இனப் படுதகொமல நமடதபறுகின்றததனச் சுட்டிக் கொட்டுகிமறொம். முஸ்லிம் ைக்கள் அங்மக பொதிக்கப் பட்டுக் தகொண்டிருக்கிறொர்கள். 2009 மை ைொதம் முள்ளிவொய்க்கொலிமல எப்படி ஓர் இனப் படுதகொமல நடந்மதறியமதொ, அமதமபொன்று எந்தவித மவறுபொடுைின்றி இஸ்மரலியப் பமடகளொல் கொஸொமவ மநொக்கி குண்டுத் தொக்குதல்கள், எறிகமண வீச்சுக்கள் இடம்தபறுவதனொல் அங்குள்ள அப்பொவி ைக்கள் தகொல்லப்பட்டுக் தகொண்டிருக்கிறொர்கள். முள்ளிவொய்க்கொமல ஒத்த ஓர் இனப்படுதகொமல அங்மக அரங்மகறிக் தகொண்டிருக் கின்றது. எப்படி முள்ளிவொய்க்கொல் படுதகொமல நமடதபற்ற தபொழுது இலங்மகயினுமடய அரச பயங்கரவொதத்திற்கு எதிரொக எந்ததவொரு நொடும் குரல் தகொடுக்கவில்மலமயொ, அமதமபொல்தொன் இன்றும் அந்த முஸ்லிம் ைக்களுக்கு எதிரொன இஸ்மரலுமடய தொக்குதலுக்கு எதிரொகப் தபொியளவிமல குரல் தகொடுக்கப்படொத ஒரு நிமலமை இருக்கின்றது. அன்று முள்ளி வொய்க்கொலிமல இறுதி யுத்தம் நமடதபற்றமபொது இங்கிருந்த முஸ்லிம் தமலவர்கள் தைிழ் ைக்களுக்கொகக் குரல் தகொடுக்கொத துரதிருஷ்டவசைொன சம்பவம் நடந்மதறியது. ஆனொல், இன்று இங்மகயுள்ள ஒட்டுதைொத்தத் தைிழ் ைக்களும் பலஸ்தீனத்தின் கொஸொவிமல தகொல்லப்படுகின்ற முஸ்லிம் ைக்களுக்கொகக் குரல் தகொடுத்து மபொரொட்டம் நடத்திக் தகொண்டிருக்கிறொர்கள்; நொங்கள் ஐ.நொ.வுக்கு கடிதம் எழுதுகிமறொம்.

845 846

202] ශ්ොව්‍ැ ඳක 17

கின்றது; நொங்கள் குரல் தகொடுத்துக்தகொண்டிருக்கிமறொம் என்பமத இங்மக நொன் தசொல்லிக்தகொள்ள விரும்புகின்மறன்.

ගු නිනය ජ‍ කථානායකුර ා (ைொண்புைிகு பிரதிச் சபொநொயகர் அவர்கள்) (The Hon. Deputy Speaker) ාැ් ාදව්‍ අව්‍්් ්් ගරු ා්ත්‍රීතුාද. දකක අව්‍්්.

ගු සු. නන ගරාදලිාංගම් හරා (ைொண்புைிகு சு. மநொகரொதலிங்கம்) (The Hon. S. Noharathalingam) I will finish now.",hansard,1.0,1
lk_hansard_2020s,2023-11-17-2023-11-17,2023-11-17,2023-11-17,"Hansard of November 17, 2023",https://www.parliament.lk/en/business-of-parliament/hansards,si-ta-en,https://www.parliament.lk/uploads/documents/hansard/1701515168057680.pdf,2023-11-17-2023-11-17-0099,99,si-ta-en,0a474a01fbe26b7c222c9091e642393a,4052,"ගු නිනය ජ‍ කථානායකුර ා (ைொண்புைிகு பிரதிச் சபொநொயகர் அவர்கள்) (The Hon. Deputy Speaker) ාැ් ාදව්‍ අව්‍්් ්් ගරු ා්ත්‍රීතුාද. දකක අව්‍්්.

ගු සු. නන ගරාදලිාංගම් හරා (ைொண்புைிகு சு. மநொகரொதலிங்கம்) (The Hon. S. Noharathalingam) I will finish now.

ගු නිනය ජ‍ කථානායකුර ා (ைொண்புைிகு பிரதிச் சபொநொயகர் அவர்கள்) (The Hon. Deputy Speaker) ිරව්‍ද ආහද විශය ක ්ඳහද පදකලිශ ්තුශය ටයුතු අප ාදග 1.00 ාක්ව්‍ද අ්, හිටුව්‍්ව්‍ද.

රැ නවී ඊ අනුකූලව රාවකාලිකව අත් හිටුවන ලදි් , අ. ා. 1.30 නිනය ජ‍ කාරක ාපියුර ානේ ගු අාංගජ් රා නාද් හරා) ාපියත්වනය් නැවර පවත්වන ලදී.

அதன்படி, அைர்வு பி.ப. 1.30 ைணிவமர இமடநிறுத்தப்பட்டு ைீண்டுந் ததொடங்கிற்று. குழுக்களின் பிரதித் தவிசொளர் அவர்கள் [ைொண்புைிகு அங்கஜன் இரொைநொதன்] தமலமை வகித்தொர்கள்.

Sitting accordingly suspended till 1.30 p.m. and then resumed, DEPUTY CHAIRMAN OF COMMITTEES [THE HON. ANGAJAN RAMANATHAN] in the Chair.

847 848

පදකලිශ ්තුව්‍

ගු නිනය ජ‍ කාරක ාපියුර ා (ைொண்புைிகு குழுக்களின் பிரதித் தவிசொளர் அவர்கள்) (The Hon. Deputy Chairman of Committees) The Hon. Shantha Bandara. You have 12 minutes. ගු ශ්ා් ර බණ්ඩාර හරා ජන ාන‍ රාජ‍ අ ාර‍ුර ා) (ைொண்புைிகு சொந்த பண்டொர - தவகுசன ஊடக இரொஜொங்க அமைச்சர்) (The Hon. Shantha Bandara - State Minister of Mass Media) Sir, I have been allocated 14 minutes. ගු නිනය ජ‍ කාරක ාපියුර ා (ைொண்புைிகு குழுக்களின் பிரதித் தவிசொளர் அவர்கள்) (The Hon. Deputy Chairman of Committees) It has been reduced to 12 minutes now. [අ.ාද. 1.]0] ගු ශ්ා් ර බණ්ඩාර හරා (ைொண்புைிகு சொந்த பண்டொர) (The Hon. Shantha Bandara) ගරු ිරශකෝනය ද ්ාදපිරතුාිර ගරු න්දධිපිරතුාද විිය් දිරිපප්, ් කා අක ව්‍ැක පිිබඳඳව්‍ ාද ්්ට ා්,ශත් ශ ද ණක ාා විශ ේෂශක් ාතක් ්්ට ඕ්න. අා උාන්් ිරක්ව්‍ද ාා ාැක් ද ශ්‍රී කා දශය ක්‍රි ට් තහ්ා ් ඳ්ධ්‍ශක් නක ශහා ්ැ්,් න්දධිපිරතුාද ටයුතු ්ශ් ්ැහැ ව්‍දශ ා හද ් ඳ්ධ්‍ වූ ශව්‍නුශව්‍් ැප වූ අක ශ තහ්ා ඇිර ්් උ්,්දහ ා පු අක

[මූලා නන අත පරිදි නවත් කරන ලදී.] [அக்கிரொசனக் கட்டமளப்படி அகற்றப்பட்டுள்ளது] [Expunged on the order of the Chair.]","ගු නිනය ජ‍ කථානායකුර ා (ைொண்புைிகு பிரதிச் சபொநொயகர் அவர்கள்) (The Hon. Deputy Speaker) ාැ් ාදව්‍ අව්‍්් ්් ගරු ා්ත්‍රීතුාද. දකක අව්‍්්.

ගු සු. නන ගරාදලිාංගම් හරා (ைொண்புைிகு சு. மநொகரொதலிங்கம்) (The Hon. S. Noharathalingam) I will finish now.

ගු නිනය ජ‍ කථානායකුර ා (ைொண்புைிகு பிரதிச் சபொநொயகர் அவர்கள்) (The Hon. Deputy Speaker) ිරව්‍ද ආහද විශය ක ්ඳහද පදකලිශ ්තුශය ටයුතු අප ාදග 1.00 ාක්ව්‍ද අ්, හිටුව්‍්ව්‍ද.

රැ නවී ඊ අනුකූලව රාවකාලිකව අත් හිටුවන ලදි් , අ. ා. 1.30 නිනය ජ‍ කාරක ාපියුර ානේ ගු අාංගජ් රා නාද් හරා) ාපියත්වනය් නැවර පවත්වන ලදී.

அதன்படி, அைர்வு பி.ப. 1.30 ைணிவமர இமடநிறுத்தப்பட்டு ைீண்டுந் ததொடங்கிற்று. குழுக்களின் பிரதித் தவிசொளர் அவர்கள் [ைொண்புைிகு அங்கஜன் இரொைநொதன்] தமலமை வகித்தொர்கள்.

Sitting accordingly suspended till 1.30 p.m. and then resumed, DEPUTY CHAIRMAN OF COMMITTEES [THE HON. ANGAJAN RAMANATHAN] in the Chair.

847 848

පදකලිශ ්තුව්‍

ගු නිනය ජ‍ කාරක ාපියුර ා (ைொண்புைிகு குழுக்களின் பிரதித் தவிசொளர் அவர்கள்) (The Hon. Deputy Chairman of Committees) The Hon. Shantha Bandara. You have 12 minutes. ගු ශ්ා් ර බණ්ඩාර හරා ජන ාන‍ රාජ‍ අ ාර‍ුර ා) (ைொண்புைிகு சொந்த பண்டொர - தவகுசன ஊடக இரொஜொங்க அமைச்சர்) (The Hon. Shantha Bandara - State Minister of Mass Media) Sir, I have been allocated 14 minutes. ගු නිනය ජ‍ කාරක ාපියුර ා (ைொண்புைிகு குழுக்களின் பிரதித் தவிசொளர் அவர்கள்) (The Hon. Deputy Chairman of Committees) It has been reduced to 12 minutes now. [අ.ාද. 1.]0] ගු ශ්ා් ර බණ්ඩාර හරා (ைொண்புைிகு சொந்த பண்டொர) (The Hon. Shantha Bandara) ගරු ිරශකෝනය ද ්ාදපිරතුාිර ගරු න්දධිපිරතුාද විිය් දිරිපප්, ් කා අක ව්‍ැක පිිබඳඳව්‍ ාද ්්ට ා්,ශත් ශ ද ණක ාා විශ ේෂශක් ාතක් ්්ට ඕ්න. අා උාන්් ිරක්ව්‍ද ාා ාැක් ද ශ්‍රී කා දශය ක්‍රි ට් තහ්ා ් ඳ්ධ්‍ශක් නක ශහා ්ැ්,් න්දධිපිරතුාද ටයුතු ්ශ් ්ැහැ ව්‍දශ ා හද ් ඳ්ධ්‍ වූ ශව්‍නුශව්‍් ැප වූ අක ශ තහ්ා ඇිර ්් උ්,්දහ ා පු අක

[මූලා නන අත පරිදි නවත් කරන ලදී.] [அக்கிரொசனக் கட்டமளப்படி அகற்றப்பட்டுள்ளது] [Expunged on the order of the Chair.]",ගු නිනය ජ‍ කථානායකුර ා (ைொண்புைிகு பிரதிச் சபொநொயகர் அவர்கள்) (The Hon. Deputy Speaker) ාැ් ාදව්‍,2023-11-17,2023-11-17-2023-11-17,"ගු නිනය ජ‍ කථානායකුර ා (ைொண்புைிகு பிரதிச் சபொநொயகர் அவர்கள்) (The Hon. Deputy Speaker) ාැ් ාදව්‍ අව්‍්් ්් ගරු ා්ත්‍රීතුාද. දකක අව්‍්්.

ගු සු. නන ගරාදලිාංගම් හරා (ைொண்புைிகு சு. மநொகரொதலிங்கம்) (The Hon. S. Noharathalingam) I will finish now.

ගු නිනය ජ‍ කථානායකුර ා (ைொண்புைிகு பிரதிச் சபொநொயகர் அவர்கள்) (The Hon. Deputy Speaker) ිරව්‍ද ආහද විශය ක ්ඳහද පදකලිශ ්තුශය ටයුතු අප ාදග 1.00 ාක්ව්‍ද අ්, හිටුව්‍්ව්‍ද.

රැ නවී ඊ අනුකූලව රාවකාලිකව අත් හිටුවන ලදි් , අ. ා. 1.30 නිනය ජ‍ කාරක ාපියුර ානේ ගු අාංගජ් රා නාද් හරා) ාපියත්වනය් නැවර පවත්වන ලදී.

அதன்படி, அைர்வு பி.ப. 1.30 ைணிவமர இமடநிறுத்தப்பட்டு ைீண்டுந் ததொடங்கிற்று. குழுக்களின் பிரதித் தவிசொளர் அவர்கள் [ைொண்புைிகு அங்கஜன் இரொைநொதன்] தமலமை வகித்தொர்கள்.

Sitting accordingly suspended till 1.30 p.m. and then resumed, DEPUTY CHAIRMAN OF COMMITTEES [THE HON. ANGAJAN RAMANATHAN] in the Chair.

847 848

පදකලිශ ්තුව්‍

ගු නිනය ජ‍ කාරක ාපියුර ා (ைொண்புைிகு குழுக்களின் பிரதித் தவிசொளர் அவர்கள்) (The Hon. Deputy Chairman of Committees) The Hon. Shantha Bandara. You have 12 minutes. ගු ශ්ා් ර බණ්ඩාර හරා ජන ාන‍ රාජ‍ අ ාර‍ුර ා) (ைொண்புைிகு சொந்த பண்டொர - தவகுசன ஊடக இரொஜொங்க அமைச்சர்) (The Hon. Shantha Bandara - State Minister of Mass Media) Sir, I have been allocated 14 minutes. ගු නිනය ජ‍ කාරක ාපියුර ා (ைொண்புைிகு குழுக்களின் பிரதித் தவிசொளர் அவர்கள்) (The Hon. Deputy Chairman of Committees) It has been reduced to 12 minutes now. [අ.ාද. 1.]0] ගු ශ්ා් ර බණ්ඩාර හරා (ைொண்புைிகு சொந்த பண்டொர) (The Hon. Shantha Bandara) ගරු ිරශකෝනය ද ්ාදපිරතුාිර ගරු න්දධිපිරතුාද විිය් දිරිපප්, ් කා අක ව්‍ැක පිිබඳඳව්‍ ාද ්්ට ා්,ශත් ශ ද ණක ාා විශ ේෂශක් ාතක් ්්ට ඕ්න. අා උාන්් ිරක්ව්‍ද ාා ාැක් ද ශ්‍රී කා දශය ක්‍රි ට් තහ්ා ් ඳ්ධ්‍ශක් නක ශහා ්ැ්,් න්දධිපිරතුාද ටයුතු ්ශ් ්ැහැ ව්‍දශ ා හද ් ඳ්ධ්‍ වූ ශව්‍නුශව්‍් ැප වූ අක ශ තහ්ා ඇිර ්් උ්,්දහ ා පු අක

[මූලා නන අත පරිදි නවත් කරන ලදී.] [அக்கிரொசனக் கட்டமளப்படி அகற்றப்பட்டுள்ளது] [Expunged on the order of the Chair.]",hansard,1.0,1
